-9.906956456256194e-5	-0.008427899861528278	-0.03481520526431271	-0.18625353202494732	-0.015756000928239856	0.0808398495698286	-0.12560220309712955	-0.012957644827456802	0.24064521580841905	0.03749371724825621	-0.008825152668433455	0.025889231764057608	-0.0860500150733971	-0.002675386095035993	-0.1881289755798891	0.0976559362539014	0.09591750779843339	0.055120293131373885	0.16887670637808458	-0.12035300146565367	0.03581500032084222	0.07814881258751903	0.11085065284691045	0.14616754568319332	0.029062212911093233	0.10989587503789948	0.05187332076518721	-0.007066734562584634	0.10803211996521038	0.09193405111719978	0.14018762396987614	0.004542618320343796	0.142832833947145	0.20487974194471126	0.014778873970529283	-0.029881209892513878	0.13528542662578288	-0.1371832054308577	-0.0846444749133224	0.10028149514206615	0.09424529741406448	0.10746176153459519	0.09942197707370987	0.14324130356818573	0.049884416480244956	0.16624765627790944	0.014883322854271743	-0.14271577544121689	0.015950258239805316	0.04366004102835647	0.13602474460741304	-0.11447133544680103	-0.05305931094218147	-0.09861687476036299	0.03205515756249458	-0.11729412256369527	-0.049303077880812535	-0.06178168385629413	-0.12120612532195964	-0.12941360243224792	0.05093698428820427	0.08388838104037862	-0.0932836742381925	0.06808742681707074	0.11413404246644221	-0.08417907372267266	-0.1082802005024725	-0.05902578776750123	0.08976667310295922	-0.07458209937726913	0.11247032093078445	0.006178854813678153	-0.13511337824346278	0.13067299533157342	0.10515869921699944	0.1028186857693146	-0.08042332116775062	-0.11439135290743795	0.010357030047796634	0.13445497742073387	0.07601912176978429	-0.08512269988008767	0.010640951291537259	-0.15587169088287306	0.03691157326367529	-0.12180224696506044	0.022034988556233866	0.07006181888557976	0.0356024482501631	-0.04648888199617915	-0.15579368055581322	-0.05022063478718256	-0.2478610517126656	-0.019102626684454102	-0.05093278194230721	-0.019716344758874245	0.15226485118074698	0.04321112384122645	-0.02466673724274776	-1.366815907783939e-5
-7.902899829129441e-5	-0.009685442870639905	-0.03618745293922248	-0.17953992260554477	-0.007891533543141085	0.06265155316627961	-0.1360569483934756	-0.00905449306768709	0.2837275121368444	0.04029612160743529	-0.047344616636657996	-0.0250755748789346	-0.05471904252139481	0.029256580244688864	-0.13552469672284367	0.09257932719069262	0.16247015219425615	0.0707458550896513	0.10083886905953457	-0.082568342224257	-0.05717261982864617	0.01758348958203689	0.16744682898118587	0.13365287419702465	-0.058411584353878734	0.11773497376074138	-0.06736869682777272	0.1147016105281068	0.06893191713647323	0.1073804615444183	0.012584331911566805	0.10278010411739388	0.05305945179832195	0.008361740359078908	0.0731314380375622	-0.13218842325690291	0.020958484754071846	0.0441270955186045	-0.09554251646738633	-0.0395834163688212	0.12955997126493116	0.1434535394297071	-0.04244585586351782	0.06855463162834798	-0.11250867814162172	-0.010308724457859415	0.11271295689704026	0.0369474412617313	0.11778076415885463	0.13535085199911623	-0.015577548078456502	-0.03616787535907014	0.1340314213771821	-0.013406740101357922	-0.18000836977554904	0.07598557167306874	-0.13161197450823994	0.12645543516256616	-0.06786093983272116	-0.010555766049248464	-0.12087786051987222	0.02095017514356478	0.17824115683483774	-0.168693242634306	-0.008719231591429021	0.00872494843744961	0.20932337314123176	0.15979321869439206	-0.006794993796940546	-0.03317801143141572	-0.1500758366450697	0.10229897047319642	0.09869625371670995	-0.14722085055875964	-0.02522415280750675	-0.10042626981096175	-0.02611593686709338	0.03505735561899008	-0.1053982367757195	-0.09966272334427968	-0.12562149842500417	0.1310961245382409	-0.09303547214441821	0.10207698168179535	0.02028388776133409	0.13042577278418685	0.02551053115951225	-0.13933478793992746	-0.017549899471656652	0.05501675102012799	0.13996340819071965	0.049928955310516686	0.1954121776946526	0.016406791518271298	0.0312964340770128	0.01874101132855672	-0.16904730559365505	-0.05259550616743347	0.022273395066498003	1.3806409310413777e-5
-6.493608883714325e-5	-0.011288811846235097	-0.038250917567012405	-0.17514993738985468	-8.172893717094487e-5	0.044777092832930215	-0.14213708112366016	-0.004804893376705747	0.3132103371021883	0.03957631109849334	-0.08121576296004429	-0.07279678782735644	-0.015517939370939059	0.05628681111100019	-0.057562515195876	0.06661182815309881	0.18846254284227731	0.06528519482335385	1.9492326536823503e-5	-0.014576277023855907	-0.12779591072966445	-0.05079825065362562	0.1464664683437551	0.05082013403251802	-0.11394160647912671	0.05425607368126151	-0.14337664290925525	0.1556077894349365	-0.02026211703403033	0.03521513540181351	-0.1253607876813475	0.10812376466557695	-0.08601502292945877	-0.19664030187210463	0.054992057883643204	-0.08425175384197327	-0.11757462412845103	0.1707244834625851	0.015249474073317127	-0.12591112815772923	-0.01662535816236032	-0.033690168815109535	-0.12030317902862575	-0.11553989852683547	-0.09039816958731703	-0.16906282175010925	0.011678526250272681	0.14806149045368514	-0.0020507041927900816	-0.04226501580730699	-0.13604713466709076	0.11835164632574938	0.03553580963012604	0.10164698634765623	0.014832583167664504	0.0906593581547904	0.10033576106790719	0.0019801394484399463	0.15566332195247362	0.13566970008182264	0.025377479023579976	-0.09863195682898222	-0.042088371793364276	0.07182195892458833	-0.10657403933801719	0.07595576766358193	-0.09617954513825241	-0.10938685735789411	-0.08236902058038102	0.1134016408752642	0.06376623935011824	-0.13481430105422637	0.008096297797669186	0.06910844000785218	-0.0705828496684312	0.04185019080495032	0.11874368714540062	0.061022977006215715	0.15254152324272333	0.025731202995625656	0.1269640863612363	-0.133741600489628	0.1457374425367901	-0.022840533963807655	-0.07272051035105949	-0.11353473531365123	-0.06815892752962135	0.18671755536770748	-0.002926792119115511	-0.05733593548569517	-0.11164370445734902	-0.04564284186219121	-0.13269157757320696	-0.01318559406821571	-0.010938529825487351	-0.017453423543533984	0.18684801270403886	0.06357707504772787	-0.020621597815362398	-1.4709654378890638e-5
-4.5000680067196685e-5	-0.011429980597531109	-0.03472472858888286	-0.14408634411438784	0.007741013807279627	0.019728311895151368	-0.12016147955655125	0.0004224770533619899	0.27592809029749293	0.028857920559937668	-0.09369364340875053	-0.09907316224401674	0.028479141900150853	0.06458618437891937	0.040681319533705546	0.014606685993584025	0.1362656583185312	0.02957867552391817	-0.10080944189510943	0.06115695084145103	-0.12731301225722175	-0.08820505310183531	0.03342859140521928	-0.06714745485098597	-0.08833310275311908	-0.05105331337670951	-0.10368173680896535	0.06110240290995434	-0.09138341970790471	-0.07150090134748202	-0.1395705333141201	-0.0021215930337961275	-0.13095472036287434	-0.16963462886017344	-0.029752813844096265	0.0733656223468059	-0.1008868763960378	0.057432450572866604	0.10409889913075335	-0.02113746021826491	-0.1367732500776637	-0.15521214993322552	0.0031407751869853566	-0.09615082383565321	0.09489348906958121	-0.007925289594015013	-0.11189047340551905	-0.039989798645319284	-0.11768392959610871	-0.12880292300519958	0.037861376511678375	0.003914879158712801	-0.14454909643016606	-0.026362265967275218	0.1736940267276074	-0.1227436988987472	0.07612797374072698	-0.12771903802927587	-0.036899556625970484	-0.09226875511519816	0.10066298383864157	0.0647587259862368	-0.13932118132489504	0.09725884593167751	0.11873363877375061	-0.09286396814869059	-0.09948659748323704	-0.0264316753345609	0.11007947066950179	-0.11824385003357425	0.06465783867510638	0.08949842196569088	-0.11045354840369688	0.04202046832865243	0.13363771452545536	0.0332240543228794	-0.1677390150800711	-0.13803657750578097	-0.15556753856852737	0.05405377917703971	-0.10050966643123153	0.11428320854946156	-0.1760073944658413	-0.0583147118542265	0.12011181950970005	0.09319304526021674	0.10898526311121462	-0.23561780823114564	0.023482810470702473	0.06265845865819099	0.09180877642380976	0.045246862643803495	0.0849210494680335	0.011720865632345598	-0.007864170413794992	0.018758902896837848	-0.23664751049500557	-0.0869942942837886	0.023063705256863565	1.8858451048811553e-5
-3.621897407308826e-5	-0.01395204736620986	-0.03785520609714837	-0.1397564229350791	0.016953453606226843	-0.001816595053847646	-0.11506187776104757	0.005706600770604958	0.27304461060669516	0.020597903412895163	-0.11314389151352407	-0.12963389916862156	0.07329554368246226	0.07321198509783165	0.1383347892319626	-0.03817344010148367	0.0735694679585881	-0.009838748688364825	-0.18626582508518344	0.12507158787518516	-0.09900268802806345	-0.10162586021850337	-0.08932675721600207	-0.16137657311441195	-0.02966356570300659	-0.13424879536484657	-0.015343924281085945	-0.06593276193231624	-0.11186757351232633	-0.13222019220954395	-0.06317042897004742	-0.11081561175937961	-0.07681802182825763	0.0002083261613794867	-0.08851293324502071	0.16025915011273	0.014908176765986492	-0.11715704576683558	0.07832742168473897	0.10857669328931684	-0.08892276023487698	-0.07291751345599704	0.12239036948942456	0.06009212694984543	0.14094713585946134	0.1655306559463261	-0.057358525893050134	-0.16074951195527976	-0.032149332576778676	0.018706461448526075	0.1426363194442316	-0.11809596153662702	-0.04158597066811276	-0.10023879579501677	-0.03009649998574899	-0.06881996137283752	-0.11671499291303344	0.03637502899408744	-0.1432958928247496	-0.09690999776522606	-0.07155543289085528	0.06423551461857491	0.12385471945397777	-0.13569908504903397	0.02411921520625561	-0.0044590848510742504	0.17618346925446	0.13268225534438813	-0.01847416963701581	0.004539632115452814	-0.12853526026136855	0.03772202740869927	0.11498785829412715	-0.11887838501170231	-0.08953472277949752	-0.08397666363959584	0.09843139634452173	0.12528760414392948	0.061045828092952635	-0.1032813841943748	0.018094944269479055	-0.03732866816305523	0.11972568368626023	0.11487060515198119	-0.11859252707377817	-0.03853559673978231	-0.11007972194041821	0.20683434758182304	-0.036742115332238263	-0.050095253291692905	-0.04793549283758439	-0.03342154853487579	-0.01802956561236487	-0.007857835107136044	0.025128224539025027	-0.016514096693111345	0.24702776441309393	0.09803833347362767	-0.0222929396043076	-2.0797254661892208e-5
-2.661471431683929e-5	-0.015605403863228243	-0.03800009140592459	-0.12354334255081889	0.024622400410048872	-0.023192630390239007	-0.09499013088315636	0.0102133012021522	0.23032359538832664	0.008519487496324597	-0.11040093863752368	-0.13072593909099395	0.10038924801173153	0.06239906999207368	0.19655193825000136	-0.0785997367923179	-0.014700732094024433	-0.04535977571839944	-0.19292094693292838	0.13097588913802422	-0.022266014035919067	-0.05991449865048728	-0.16194654189688942	-0.15489148005642137	0.04813433533952961	-0.12297070534424577	0.08434413992109017	-0.14002733304273826	-0.04009628939927009	-0.07210742744794273	0.0713320430942015	-0.10849664484759929	0.056221291024213894	0.16981949834533666	-0.04602121940345906	0.04930337282246258	0.11202436348260485	-0.13500639913975968	-0.05488138448986981	0.0808019124993054	0.09221097997775476	0.12485771880988596	0.04507850745878964	0.11454550815400556	-0.057947759625575725	0.0369123521471254	0.10399280733013497	0.03248045541688486	0.11703958163732134	0.1271630582505509	-0.051630405191269935	0.02032500924541233	0.15406028559732585	0.05883801122981777	-0.16290608430181608	0.15360901925488757	-0.019437072816479183	0.10695341323023401	0.12369840706865233	0.1591987595494178	-0.04847724380327324	-0.11625726927180371	0.03312097447396352	0.028580527199319097	-0.14200913938441434	0.09750353257609004	-0.08986389949231265	-0.1264064573512626	-0.08815688806007613	0.11248756034050034	0.0988758299627502	-0.1406274574215503	-0.04879533337368096	0.1309461987295264	-0.002136859750072017	0.09597554501664245	0.013665625440576467	-0.06496515065678077	0.05523733604232766	0.1220670635320743	0.06949852351377186	-0.04830611041038096	-0.03696265605710722	-0.15404991224975123	0.10086851389407055	-0.01988506161899623	0.10082723423202193	-0.16581967074474002	0.04852589943244946	0.03678657757857049	0.00448098325216198	0.02219673247891339	-0.04804327978496841	0.004513018755546585	-0.04427473949334865	0.015612021848797421	-0.2830972319177024	-0.12166432843805851	0.024448403200035284	2.5925908339829165e-5
-1.695353328646592e-5	-0.01660813770736886	-0.03592969021196545	-0.09936717950204667	0.03055617903348279	-0.04288978243083005	-0.0645121496512495	0.013538726850007524	0.1587362770071144	-0.0049629925172870164	-0.0882739684537461	-0.10479031272287541	0.10527425188389415	0.03630207096151632	0.20277972876858147	-0.09520623982042518	-0.0981631267952927	-0.06385030155268227	-0.12192804740492139	0.07882575684836866	0.06490384404942905	0.013068007919919203	-0.1470037012053744	-0.05492589184371396	0.09588332550619441	-0.02768539796191784	0.12337603101439398	-0.10456782945320761	0.06391692203768419	0.052418761790404306	0.14169275931413092	0.0002802325218614782	0.13267022558799804	0.15398369239629217	0.04816840727403349	-0.12150604310082735	0.07108668068395388	0.024987057052666104	-0.11394148764705965	-0.06251263618492113	0.13702982246412423	0.12746240304579784	-0.10370301797845996	-0.02267240949620276	-0.15732876979075713	-0.1583073575373602	0.07381656794336572	0.162935005671731	0.036902802110317226	-0.02723797732802247	-0.13871444518142337	0.11434225751567635	0.009519920604776296	0.0823866411655121	0.08513810343738477	0.0030873046628584412	0.12575612689993523	-0.09523191653485381	0.07091256528526656	-0.009764155993292601	0.10591286545885199	0.026577995083884833	-0.15157320035930083	0.10978313493378235	0.11000090819110012	-0.09498503286264214	-0.0814522812964718	0.010326301257263299	0.12127298788888925	-0.14486067638788702	0.004770942478495348	0.14999369475675464	-0.04841407971778286	-0.06895300353323422	0.0926291983284153	-0.061709033736445186	-0.11954089547117164	-0.021361945954270715	-0.1506933074143437	-0.10236263919107415	-0.13577190521290833	0.12171425984650007	-0.054736282924719	0.1667568484669331	-0.06728657157964489	0.07595476322379105	-0.0800232839276503	0.11158797462728365	-0.05736267157860896	-0.022173710308556603	0.039026561739092636	-0.010914105702847478	0.11530920667544867	-0.0013729890210352114	0.06582724731081604	-0.015658163937110628	0.3427830561665618	0.15840150922892482	-0.029310078638401314	-3.4497692685795636e-5
-1.199349778976853e-5	-0.021559331594890874	-0.04180470011877915	-0.09655285829791045	0.04287508402035291	-0.07146709133403707	-0.04499374659436507	0.019081446689085804	0.11161105932955209	-0.01901437272424368	-0.07531480211907805	-0.08647126862334369	0.11628713760014421	0.01145726601771478	0.2120345452270876	-0.10956423853147497	-0.1769519091644086	-0.07620997296635226	-0.035931708600683114	0.013763132768881216	0.13979809570367757	0.08288158945967472	-0.09365558141897111	0.06284051233557492	0.11056817564722346	0.07877688057492947	0.10815746080636145	-0.016516801127806933	0.13439433925474045	0.14476699053364586	0.12423724449845354	0.10886044982250445	0.11265062292832623	0.013022365528516313	0.10170799980120526	-0.17876173550676122	-0.03759100215208106	0.15904751932445257	-0.05089763233229726	-0.1339077005075881	0.017569238806401155	-0.03355754689862894	-0.11704693740269521	-0.12828758543440488	-0.03049165336091674	-0.11212773464595947	-0.07168359230866665	0.024012541580583593	-0.10522888282498542	-0.13294686512906215	0.02340561185746654	-0.009491008393453999	-0.15338156281032073	-0.0608134205653165	0.15793073347626907	-0.15406744456214522	-0.0039176406246402545	-0.08115800717015782	-0.1453781587927741	-0.15538454461480145	0.0030090011486700397	0.10292287636920708	0.051373718590279	-0.09745131495493424	0.06885716098270601	-0.027170147068163567	0.15296728362550685	0.11760943605710257	-0.019370392763851475	0.02773778826267341	-0.10351452166828602	-0.017677298158972735	0.10132037912602838	-0.051306729511942095	-0.10611953219918686	-0.01954820334929728	0.13758714509983258	0.09316888627471712	0.1472215608307966	0.021777630688213173	0.12245512052455962	-0.1303044625496347	0.11790723229360389	-0.10421017984804486	0.004324048916497018	-0.10182014859294722	0.02769003817110307	-0.017280370704854945	0.04668665148726875	0.0005786177476665615	-0.07116682867647921	-0.0034467256204023158	-0.15321727614542222	-0.0020883994628484817	-0.0725625491663922	0.01227989221399756	-0.33527885347959263	-0.16794599992102122	0.029225857393766312	3.801114689117858e-5
-9.414256465683272e-6	-0.0299374599733558	-0.05363056381543449	-0.10688807171425202	0.06077523884253855	-0.10921056469692357	-0.029574053398532783	0.026245810192327215	0.0728919909289316	-0.03374722084224774	-0.06424358325519794	-0.06762433389803262	0.12490682272795502	-0.01389503970349617	0.20774858450574393	-0.11270219802651929	-0.2333740567703953	-0.07524752892900495	0.0573171014712632	-0.05463841913373455	0.17723706622290278	0.12606666551278545	-0.008460568231918196	0.15528993689043968	0.0784134644835262	0.14722912351997322	0.036858682983210406	0.0811425552809566	0.1237692473494367	0.13684203582387416	0.019995309648372164	0.13246817882331338	0.0018437302815400819	-0.13954681500094848	0.061401245725635614	-0.05487084905678143	-0.10748567331555835	0.11550821903006336	0.07070019427266751	-0.04069431538563527	-0.12433864360593465	-0.14885541162192545	0.03169608881088716	-0.044976932599961626	0.14259086154280085	0.11386736559282025	-0.09954432102872657	-0.15650127222491306	-0.06229032183543403	0.009482306675540108	0.14163277938416088	-0.1144937509928144	-0.008370504498397	-0.07613708058967801	-0.10681053228611896	0.03192853811910481	-0.12471989858019658	0.12360947733269614	-0.015012635423405076	0.08270526784402815	-0.10744170108630574	-0.08632440012876849	0.11888717321118986	-0.040970451707815936	-0.16121695644153697	0.11724436403256755	-0.04910791094552787	-0.119784606261126	-0.10257196475394086	0.11582502824204512	0.10402994035259926	-0.1299441342762944	-0.06949259271833513	0.1322537438140337	0.03975447599914027	0.08745988666648492	-0.06538577535518726	-0.1089876769323686	-0.05870065773005631	0.07004387546723523	-0.047002631775409615	0.07976861283605484	-0.12891591478661035	0.002846406495476921	0.060185876409311834	0.09521783055493638	0.0333714587125723	-0.08187183656603164	-0.023807838188466723	0.021153085716513403	0.08818546447642171	0.017107009065532	0.1641878612883968	0.00522552439513209	0.06868169959645191	-0.007183547418666279	0.28847177904690907	0.16189157413684147	-0.026512622684972294	-3.8945954108515644e-5
-7.285567667321333e-6	-0.03856422229921728	-0.06501131403697613	-0.11567784057550724	0.07743108919493749	-0.14450866016001393	-0.012393123588842892	0.03168679039419022	0.028681816815335597	-0.044605587003555096	-0.045104582971476556	-0.03817705830188944	0.1121388827897993	-0.036538595761945514	0.1588985321224803	-0.08732035069274083	-0.22514037675298465	-0.04979528199344828	0.1303622658575812	-0.1015535249665853	0.14048944722937953	0.1097568149986587	0.0808859713697865	0.16178245837753463	0.0012278918515693188	0.12246310538200311	-0.0591042210240918	0.11937479949577588	0.01980787907751824	0.013518082515314956	-0.10122669229636544	0.032719951346018364	-0.11072681511201687	-0.14670447294464342	-0.04481067232386283	0.13288912655671925	-0.050293743982562686	-0.07441400665572913	0.100311781838378	0.10867382810436402	-0.08865410031641867	-0.03891324880951361	0.13177130783405772	0.11134580175387263	0.07793075432099744	0.14010324841929367	0.05095263142626743	-0.042367585835552446	0.0995846661624279	0.13278477551972115	-0.027082867025036268	0.0249117997159496	0.15470529427339394	0.08010767460895324	-0.12718254773490117	0.1420008643457968	0.05569531841794865	0.01931535539415387	0.15341235812961831	0.10410134435096016	0.06776671088971867	-0.03980718954564262	-0.14492470155167292	0.13255366071056013	0.07534332557625086	-0.08654580251928927	-0.10365480680941715	0.01191866119905504	0.133850163917974	-0.1664311776360907	-0.02150006031856573	0.18463560085703007	-0.00998279033109706	-0.1317878998232874	0.05053703522572455	-0.10883843045973965	-0.03985385398418123	0.07573113749507696	-0.05488815221220019	-0.13627719318460046	-0.04521887289158237	-0.005054533715248714	0.10231307363655842	0.09914881386402676	-0.11222461906842479	-0.07259753771982838	-0.08894121022039642	0.17040490350105025	-0.001707168276252652	-0.04107725443591917	-0.09975133618308478	-0.029867434417132466	-0.17102685975300555	-0.008338505364458673	-0.06509927808063587	0.002164347325597414	-0.2513066178224646	-0.16518929959410478	0.025408531583606876	4.310584887269198e-5
-6.431424183983653e-6	-0.05241210556572345	-0.08411430019848648	-0.13749571587125142	0.10234176772034048	-0.194935536803406	0.003950909273657359	0.03907395424017855	-0.01404405917454438	-0.05601142689029067	-0.026033305104199163	-0.007597039899290171	0.09442045300727385	-0.05670260377129912	0.09615643438677009	-0.05093858435528659	-0.1831434134917704	-0.014464946007588013	0.17402294303235227	-0.12143859945475353	0.06279054826431414	0.05559736150476744	0.14082167399547485	0.09928403394164222	-0.07650678422900592	0.035722381432223255	-0.12302843024680853	0.08534989184000509	-0.09657367646244255	-0.11948776785509782	-0.14935088227048135	-0.09333935140012735	-0.13145111999676726	-0.01963571937542823	-0.10861961108192857	0.1828554541710041	0.05997196290663851	-0.17948849815966186	0.012158120657441733	0.12189171028965741	0.062388375639785776	0.12496515969303089	0.04626391168712241	0.10106846556041707	-0.10676013868056772	-0.061641404704864046	0.11663083642073403	0.14614806407224817	0.08396930933720102	0.005122515074150788	-0.14437137917226261	0.11430431734739588	0.0035653893535340414	0.06601690949318402	0.12726064578591562	-0.06754832310300189	0.10867579713240397	-0.13081843422596873	-0.04759186607680226	-0.13402610357471798	0.07141330006539996	0.11037044283051717	-0.023264955895771478	-0.05575258447270437	0.1034009522990607	-0.04430158072529944	0.14002178632891008	0.1084111143388697	-0.02980713710066612	0.06231562776405322	-0.08092522838929665	-0.08382035517794409	0.08134483440026835	0.033448016138437314	-0.10399017080073696	0.058477886118504956	0.11989131519566236	0.0012499760863439262	0.13806184436016253	0.13540773695420286	0.1155612180899188	-0.07183394073962585	-0.03285794168267843	-0.16654876791661433	0.12674737922728396	0.028538676005827872	0.1185715497909969	-0.21518020428504134	0.026816192149127154	0.052271161460321285	0.09247263535420346	0.037261150810281016	0.15182764235014073	0.010353280429118079	0.05352673462909986	0.003106660501562709	0.19060446453951232	0.15703699730471682	-0.022617591263035388	-4.5357306814433566e-5
-6.155141431684544e-6	-0.06889611603308882	-0.10605121628758814	-0.16309919310615859	0.1294545512232826	-0.2491830789356318	0.020225554686582353	0.04553615405025481	-0.05630169154230616	-0.06333863344107744	-0.004785901062105104	0.023854832351530093	0.06449935071086535	-0.06819380091402866	0.016825555052737175	-0.0038055403249738296	-0.09809730680838584	0.024965703611711684	0.1636498577340996	-0.09866752727008889	-0.03855411683258357	-0.022465689521109843	0.13757066834141013	-0.014001571611197122	-0.11351815631864012	-0.07213598271833845	-0.10979379490795875	-0.007599562694378298	-0.14418277935073184	-0.15674690334799735	-0.07691732734749433	-0.13639934736115722	-0.03195330485841631	0.1270694559568556	-0.06040249856859452	0.027658253752347064	0.10184759420379538	-0.06463512002927055	-0.09130363243901747	-0.02797243343297241	0.12694151772527323	0.1050004059296795	-0.10833680741617897	-0.06903164822148498	-0.11793216381752424	-0.15783600905933998	-0.021765806680356714	0.0656452769768767	-0.08845012629698991	-0.13265723954953218	0.024768920962540405	-0.03550731969312429	-0.15511941900793308	-0.09406521003901959	0.09589107255050791	-0.11930911521913214	-0.09624885050991372	0.0406407838542462	-0.12994140857693823	-0.026623439057780265	-0.11181050089022479	-0.03625508078100589	0.16225471467739017	-0.08712750292349088	-0.16348838094208384	0.12765387839680667	-0.031070599444281508	-0.12459583123327578	-0.10183428298362074	0.0944287215914007	0.11535117508405303	-0.08045899115682317	-0.09351703806097356	0.08688633925488712	0.09048958166251196	0.025451436202149746	-0.1343154840942168	-0.0776157585234622	-0.15647935712737074	-0.07938567883285978	-0.13982252967200184	0.12393283912631252	-0.047563311761760575	0.19000797623036067	-0.10968441913410151	0.021519459748398837	-0.12371032166966711	0.22301003763590746	-0.04782987419013679	-0.05680356849228602	-0.07559306005618527	-0.04113023212969936	-0.12243246748018646	-0.01188547428493726	-0.03993912632359188	-0.008280579104630183	-0.12826941666715738	-0.15136226028924862	0.02024965532240658	4.946017151273916e-5
-6.8926172593470784e-6	-0.09400231550111916	-0.13949924359713584	-0.20540142394055477	0.16904270089210816	-0.3269662526590069	0.03765890447451835	0.054328866418421995	-0.10089643422922928	-0.07079464846418791	0.01650332485026452	0.054354639572122915	0.03107038219249925	-0.07435898882395209	-0.06414862841660848	0.04384586399408023	0.002664526392159427	0.059188157790083386	0.11471327320857935	-0.048624219881161536	-0.12826584484097742	-0.09255140571983844	0.08288905582071719	-0.12117293313515946	-0.09860268665112187	-0.14274993347492382	-0.03591881810348349	-0.09587120870198167	-0.0999081362538012	-0.08013596007214872	0.05184739685381149	-0.06837988547075269	0.09437650192041916	0.15621197279732169	0.045590187435151086	-0.1565012007410762	0.03520299018630265	0.12457785390737662	-0.08664068371789713	-0.1425053248847201	0.0250167314232579	-0.061576815191385824	-0.10924996348548684	-0.13513694643698465	0.05374533772942046	0.004421486387741383	-0.12370692556528612	-0.13077878209688992	-0.10231864375424371	-0.01835489780785069	0.14662236041332868	-0.11367071821005821	0.002841012874901576	-0.05317022485372849	-0.14366122236304454	0.09869779025851348	-0.07996388609802857	0.11523415060284908	0.10194894593124458	0.14742379508734973	-0.010823928457369137	-0.08809884452228364	-0.08545320156405853	0.12022080935889082	0.023728807489362957	-0.0645952068864327	-0.112452126560083	0.011761464628773559	0.1315650083255891	-0.1643549539230409	-0.04421635012975715	0.1777967959289898	0.03064251317612029	-0.1435831141725728	-0.011954293714646801	-0.09286547966123063	0.06517868185283196	0.10996363712441415	0.08978946788490902	-0.014912909814645435	0.09786247023992069	-0.12398649914016181	0.1085504368352306	-0.14911478269015893	0.057077818946002085	-0.06544310557853543	0.09403617938736197	-0.17585741466801233	0.05795888692641474	0.049845026242115516	0.04520685850630418	0.03803003060257056	0.07565110553258167	0.01197402328153785	0.021858467001267208	0.012575899402584332	0.0552343322807197	0.13674586212722706	-0.01674471992827601	-5.187974542325668e-5
-6.282294200180633e-6	-0.09700896364338797	-0.1378352340605107	-0.1947389541222966	0.1640247412445456	-0.31784430275141506	0.04368332456920063	0.04633047613817061	-0.11333215211510028	-0.05289132309780389	0.031703120048916	0.06310420511688261	-0.015241285467128171	-0.04792931748313168	-0.11574847142752887	0.06972974774298273	0.10203960954557827	0.05974098429347756	-0.002579791510079348	0.0323756424356387	-0.13306897155745517	-0.09643202944329932	-0.03264076062762921	-0.13177841038600183	-0.003062212228799748	-0.08823616001190641	0.07073404451460492	-0.09059364307804685	0.04402648887139068	0.08355886986406824	0.12396347699974665	0.07995947342084703	0.1074574714575206	-0.015444713692356095	0.09155185008886715	-0.12040237151000395	-0.08163260940208422	0.12559163892532876	0.051836695715046205	-0.025706834638038675	-0.11872845573195118	-0.1199914470836445	0.08417644379141939	0.051021104186006305	0.12273124128303987	0.1578461084326202	0.02611315639457184	-0.049151815838702505	0.10408333824919741	0.137438595554661	-0.06426374108730097	0.07848481797335745	0.15397862930692688	0.1204810078443957	-0.019567183422673193	0.057985657662263025	0.14890927795423844	-0.12634130287962653	0.05056768864962429	-0.10067298061183634	0.12157516604331249	0.12211148515700919	-0.07421316018892797	-0.04513620626597317	0.1364885382264047	-0.04928010067602139	0.1713621132912643	0.10901491690861939	-0.07702744376942006	0.14238043519322377	-0.05145332017808199	-0.1912585553987858	0.04578363484769046	0.14684115211544554	-0.07086606694387454	0.13347387539077712	0.021027187546911335	-0.1195619786449653	-0.006610146157756131	0.10739338150157968	-0.04480806892213394	0.11663771651195548	-0.16428899203864689	0.11143663264551433	-0.006536854384723631	0.11428652851266907	-0.07177554774557462	0.1486991633662414	-0.07577747781045202	-0.050759543848608854	-0.023028776657866134	-0.04218592890148518	-0.04537962552903602	-0.014921736022548334	-0.00919315585445051	-0.020067258925978326	0.002510505701371397	-0.16331306797094686	0.0183317604399552	7.122302350536624e-5
-5.046392276971632e-6	-0.08651860772940373	-0.11470528210031983	-0.15254919057209318	0.13146530552122793	-0.2547434808634836	0.04066573041205763	0.02845907046420589	-0.10052101242675297	-0.02111748383927984	0.0382474007190191	0.05265810400526231	-0.05669608487177691	-0.005089593498994319	-0.12545357756438472	0.06768748104178433	0.15810044194145342	0.032042705594316934	-0.11858315243638058	0.09587049438224673	-0.06255382520196807	-0.040585654323747486	-0.1273415993049177	-0.05001224418814245	0.09468829515685723	0.035153664739325914	0.11962616662667788	-0.005610364908792042	0.14826895053577335	0.16446879992635438	0.07253270477524024	0.1420506569004728	0.001904932734414812	-0.1687304779477932	0.025748034446929257	0.07359526682814309	-0.08991356207522386	-0.051072971107418576	0.11522803062613282	0.1303550705647409	-0.07538930484703502	0.020849679203090332	0.1359433130728256	0.14683305208850353	-0.031008490218678637	0.011086650987753802	0.12529517926034203	0.13226085444032332	0.09640409016638692	-0.004257946771058241	-0.13547903206383222	0.09152831629498046	-0.04989364868695371	0.004875255257932969	0.15217906381099958	-0.12916120687922714	-0.0038107352204859207	-0.03339741268544909	-0.13646640546166613	-0.0701564390722752	-0.08718663751321011	-0.019186109801423233	0.15479244278951643	-0.07489463075169835	-0.16593437308125356	0.11965793771218271	-0.08488887145399693	-0.1457166385945969	-0.034238611682878416	-0.02712900261378957	0.11363480053177917	0.09613965958435981	-0.0975684180114637	-0.081356368163441	0.12148354038072437	-0.12274627059396259	-0.0997085737957903	0.09295137344799506	-0.07841743729683409	-0.17647498912572	-0.017626048884108195	-0.0911321828728098	0.1963180592239605	-0.06546721375123941	-0.04439484731628588	-0.16075417410355367	0.0482855794929521	-0.1241776740321511	0.09637775944835046	0.054820465768270134	0.0028220436218522817	0.05034252583716838	0.02065684165703119	0.020000514936228862	-0.002076802332673437	0.030732771338515093	-0.060709395599721536	0.22339286968922206	-0.02373419239101091	-0.00010696511325367817
-3.913210500122831e-6	-0.07436724516940284	-0.0874685376153017	-0.10395817279896992	0.0925985269064752	-0.17893229032946228	0.0341079074607564	0.00793623142081131	-0.07737274853829332	0.01366163290535633	0.03893659736094846	0.03250939333754242	-0.08688355747363119	0.03888229536125666	-0.10479727506791013	0.04665495370524087	0.1660115599418155	-0.006965364670669199	-0.18952582447518254	0.11902770963090106	0.035865082942313956	0.03553064272586067	-0.15605471205018365	0.06081246789032081	0.1354574718074696	0.13531906859539103	0.08517986713601211	0.08363613124947644	0.13662164023462464	0.10215861268123481	-0.04248791609976666	0.06795569354042436	-0.10552219509330907	-0.1415539035044341	-0.06840064910224548	0.179904673438497	0.010588476523195934	-0.16160840923811332	0.025529922789005198	0.1029526556462856	0.07770157187229071	0.12956875238148072	-0.02476308130454581	0.00024915045059565574	-0.13219473689597575	-0.15542720387757747	-0.0034653976062138624	0.06102623551565229	-0.09799946085045295	-0.13724870274654635	0.07150735467460013	-0.09332980672711777	-0.14471608567939204	-0.1218505550565258	-0.028426949611603358	-0.005620090775323908	-0.147222436689577	0.14396879419373496	0.026217298676763295	0.14610454519602156	-0.06174426632604133	-0.10755596681651729	-0.05184859056823245	0.11136370174528959	0.01649519563471997	-0.07006778383732593	-0.08378489527042275	0.05256226862765226	0.11618256888933698	-0.10914897430899269	-0.08822892876783374	0.06508965851022439	0.08513887511271068	-0.03197225524947005	-0.10232666846295022	0.050087298790471725	0.13075132784537008	-0.02704279378364195	0.13211387725918702	0.18594101582092776	0.07425653936963113	0.04051051226690009	-0.17647027575905974	0.006775112838578175	0.08734845106820906	0.18460030594787466	-0.018177552609946624	0.08696509420396535	-0.10895704240418991	-0.05570471722821608	0.01748156887809211	-0.0572356084973801	0.0040176135917968404	-0.025536965238764926	0.0134129034739238	-0.04257358029510559	0.12260715618227211	-0.3025216859404393	0.031229905609470136	0.00015450681127796443
-3.3357043513951687e-6	-0.06983454728544583	-0.067740247605261	-0.06365084019478376	0.060553252637445626	-0.1159594904564942	0.02872980737035059	-0.012360597879180478	-0.05567981281049208	0.0481583975556592	0.038401638023178856	0.010325206088839427	-0.11037341644753866	0.07893476153680634	-0.07152669989952563	0.018208339435618254	0.1435580590724761	-0.0443622403851539	-0.21150496111119282	0.10658295755752531	0.12264823710573822	0.09822378756480932	-0.12288435891316347	0.1437009134455871	0.11118901784805767	0.16254620034380685	0.0017540913054581368	0.11950289456507328	0.03480762031512727	-0.03668466001646406	-0.12542756388438073	-0.06302298249563901	-0.12194421143464926	0.01979955123306095	-0.09557067616940425	0.09374341639181517	0.09956795378078742	-0.08255244811262755	-0.09498110086812953	-0.05682372343051361	0.127126514877986	0.054429120120183444	-0.1497781963694993	-0.1467157474302525	-0.025416881432653856	-0.06390493151243051	-0.126343115486598	-0.11935837819722868	-0.11450977007084291	-0.006316722231130122	0.1403542670587782	-0.0877442263134536	0.059155619633731796	0.014532282805547948	-0.14667178084500718	0.13075609427531043	0.051070653980776544	-0.02507771855806942	0.12490402379281536	-0.006684376029722714	0.12204711449431349	0.08769968959338323	-0.11887446727651212	-0.010034763109521058	0.15273312817758886	-0.05829509024844566	0.1611351572768735	0.09382714782931927	-0.08449425934166781	0.14755278860217236	-0.015914562642023455	-0.1736422664022768	-0.006318769247932644	0.12260946112474604	0.011950739887157233	0.05393596982529398	-0.08341866820383197	-0.05358855052895398	-0.11695417135702302	-0.10997496100446187	-0.09740408845500975	0.026203795129723314	0.08852371273339632	0.05405779815049363	-0.10397937945378488	-0.1600136072625866	-0.016633107779726524	-0.03028574041544988	0.09921436693091616	0.04658487126139045	-0.03505850573437306	0.05572975954870217	-0.028212746750438576	0.02855133919102001	-0.02354457538599949	0.05086365405312149	-0.1770605431022894	0.3706467583330677	-0.037681043837043335	-0.00020029762440897244
-3.6892068933098346e-6	-0.08203076095935485	-0.06311436943845522	-0.03714218304943404	0.0412708886361164	-0.07720531016019418	0.028284388342900788	-0.03470412421807961	-0.042668109226636636	0.08826256344352892	0.04192436546231162	-0.011089833907970182	-0.14048754639130287	0.12185270955724577	-0.03945318262660213	-0.010635381082190285	0.11452923910866163	-0.07757970376087728	-0.20784051293756384	0.07687151035355827	0.18645605119212116	0.13727577134150842	-0.0578321920848734	0.1802774690159323	0.04877949927580902	0.12444513354608305	-0.08243981551430683	0.0954827464596614	-0.08520624966847398	-0.15307489363585625	-0.13085837507732356	-0.14988768539938155	-0.04991739519685087	0.16509990073196523	-0.042259997884993725	-0.07985644063444336	0.0938470592027801	0.0820318869508995	-0.11387856680714133	-0.1513283402141085	0.024374565968085286	-0.09048324685846608	-0.07945169519849564	-0.08944098572876329	0.1178611565051358	0.12494898451077871	-0.052062925092817	-0.10262611772549723	0.061143690007639195	0.1358959663036915	-0.042695116659065106	0.08485733017388361	0.14904054890022408	0.12152838687139661	0.03673303531846463	-0.013559090654394064	0.13783022906058537	-0.13722135381496725	-0.06417774803813281	-0.143505484614061	0.009570294605577652	0.0637149058367838	0.11790038457172525	-0.10508668951014434	-0.11778846781768745	0.11312803070617	-0.040759706007432915	-0.13232437223262308	-0.04141810490724065	-0.03341554334598881	0.10367356277891565	0.11786004832820508	-0.07829498802145056	-0.10941775195769608	0.08838136406150855	-0.11679008715887496	-0.025354143640982478	0.09769775233229902	0.02480447214196019	-0.031597989148740284	0.06327675373683984	-0.07891610217697591	0.045720567333872086	-0.09039789867302354	0.07501985637745615	0.07150626110660313	0.04486022305635308	-0.03732525073832353	-0.05554300758143963	-0.022711796306123213	0.04236054986449695	-0.03840517087744331	0.04517386869220159	-0.02483142485812479	0.028333972425793382	-0.047937963416186904	0.19648756000958892	-0.3744729387848144	0.037705602668864614	0.00021635701237485028
-4.502610612780091e-6	-0.1012084351908447	-0.06281202130698561	-0.012949125329234795	0.02431326642478715	-0.0426519727173546	0.028326854775944273	-0.057434238767046876	-0.02971915501399859	0.12501220514005587	0.04340208943542758	-0.0316182347479981	-0.1573360114983297	0.15037486651243295	-0.0019466859248587767	-0.03760459600232519	0.06256647423873048	-0.09150667521991784	-0.14687729543818873	0.02283444106251963	0.18653879346354618	0.12208604312548818	0.031156052811457995	0.13091169201732902	-0.03789644861186425	0.017109236118516148	-0.11780041251731932	0.00886636481271285	-0.14750885986786239	-0.15213351551468418	-0.03521420572928623	-0.1086869610318232	0.06602499462211113	0.15104184939709184	0.053164860361914104	-0.16663743581798382	-0.015626994589830773	0.1489579390227719	0.0066423132437627205	-0.048634908099981895	-0.11131945246889118	-0.10543057609727352	0.10676692409445031	0.10615605867622964	0.07368061984173245	0.10419945623496825	0.1115019891330976	0.09944004458077979	0.12474609073065711	0.014430910521315081	-0.1425248619669809	0.08283234236624079	-0.07127852583158127	-0.035995649074163756	0.1389184198083793	-0.12667315537353546	-0.09770537064518516	0.08319150974266833	-0.09548752632405964	0.08464646098772491	-0.12761638699309277	-0.1293910706376267	0.03515504797374819	0.09199917760343179	-0.05642372308168065	-0.04273986417509318	-0.12333611748278074	0.039097849766566266	0.12753966041594028	-0.11010612335592304	-0.100709342165208	0.03126213545615923	0.1032125178631209	0.020466999950356737	-0.12873271729749466	0.10853609909132891	0.11936869412245447	-0.09031183491953382	0.07984293960758859	0.1592008585873426	-0.0017144966600053278	0.10164760802629069	-0.16311429939897493	0.09974131841863565	-0.024753655721621	0.034522067886936895	-0.062259566993030944	0.09722831037228001	0.00145563044455572	-0.004846333310138229	-0.04378991219042512	0.016110782421691894	-0.05752876930041588	0.019089658566364524	-0.031070356803111255	0.04184531628798947	-0.20739121930843224	0.3711711272298051	-0.03712275311840825	-0.00023371596702321563
-6.662593192892954e-6	-0.14665099624293035	-0.07776722123801694	0.008178237577924484	0.0129655375416627	-0.01785810220268036	0.0337982839476085	-0.09082096241042314	-0.021997075808454326	0.17881336071569584	0.05033226981146458	-0.05513311579166877	-0.18676806523885248	0.1873577253380281	0.03548837132093702	-0.0645043603938766	0.008986970470510797	-0.09863938028741195	-0.07103816168727117	-0.034446037562656316	0.1554014811039662	0.07994892806211948	0.11268293738322685	0.041969013003118436	-0.11232930854058182	-0.09676141853993404	-0.10392679308036949	-0.08201625795924218	-0.1356281532025909	-0.06111493409568254	0.08148787536821414	0.0064213618232672924	0.1353959981983018	0.01753701888979494	0.10488052017027791	-0.10131482352793252	-0.11054995991150711	0.06452980414882056	0.12018964742946579	0.10895317350489112	-0.11598061283470239	0.012669015611796695	0.15587078410957497	0.156094770117973	-0.07483892837009358	-0.07317302488103154	0.10329433279161737	0.1392689176440576	-0.018503085216267732	-0.13251749083801556	0.010592188722723385	-0.07520562601065131	-0.15567410893221476	-0.12144894557420165	-0.041826931938301254	0.029610719531064915	-0.12181202107350807	0.11649843154877007	0.09129188723785796	0.11228244913501521	0.04243698788287439	-0.0016152564386678787	-0.13673227828776702	0.04937525081158751	0.15408258548950182	-0.08241098630906703	0.1336266134220213	0.09986791585030985	-0.06888897063945093	0.13760138643651754	-0.007948364624177246	-0.15017381292274315	-0.03143460368149119	0.0862243113916829	0.05926690901580437	-0.015270241785003883	-0.12308204777081377	0.01957297761658299	-0.13033654613072687	-0.18865253271419205	-0.0608901320512689	-0.06803459843126075	0.19194347807612822	-0.06190232901005148	-0.03686008680554932	-0.12607072853715076	0.05377313549099379	-0.12009592548894751	0.05315859126432319	0.030772906623310285	0.03151125305315868	0.011078213688133505	0.053984358278234786	-0.008464221142128069	0.02613663137438041	-0.025690183253987912	0.17312847231368556	-0.29607007683744724	0.02946749113961793	0.0002117175259976554
-9.990732446289642e-6	-0.21200542014123802	-0.1019901332632653	0.030229852269208688	0.003005098153708747	0.005059226569224621	0.04156524715901016	-0.1298212315379815	-0.015421924372216452	0.23487886155697824	0.057357627107782604	-0.07703363010494993	-0.2080277944877936	0.21169926864769267	0.06983460490070016	-0.08330350733203166	-0.045936767985184965	-0.08624301928152128	0.02078575663810139	-0.0825715913110507	0.07902671068626106	0.010272592041953044	0.15328122597990024	-0.06485469687001306	-0.13657315145956386	-0.16170186892121072	-0.03375793583490515	-0.12328667130165445	-0.03875699350802796	0.07365147150010272	0.13937767867511927	0.11636858000749509	0.0925107814081667	-0.1320063749164688	0.057391779648135965	0.06902236104855083	-0.08885527456598827	-0.09345084422984345	0.09268209000607318	0.1300834597385572	0.030228616126784128	0.11321347816552335	-0.014488209905041639	-0.02746099483410346	-0.1081189452387289	-0.13150449620736632	-0.07682291089199393	-0.06535317327559263	-0.12878130925962888	-0.0290579520677036	0.14360006223506303	-0.08228975976624121	0.0760530941350824	0.051291243246217914	-0.13220921785022993	0.11925707633434084	0.13274820444191607	-0.12662615823675133	0.05826870100404533	-0.1399567566544739	0.10507114888449368	0.13036615780473146	0.055008497814547294	-0.12800855519091764	-0.06175419605840301	0.11216562909085584	0.006186528281054374	-0.1343588253006241	-0.05943463822558419	-0.037122786257860224	0.10924783496330978	0.14254523396361857	-0.0659034815503602	-0.12884640304918385	0.05342389901919187	-0.08806669604893082	0.04891472347905903	0.062474272998850264	0.10855612198708059	0.12513837652954032	0.09400934197383985	0.005127479672692046	-0.1403052545919151	0.002440103143068877	0.08613737703668073	0.1803407000485168	-0.02958299991824092	0.11207768699062144	-0.09511043395013544	-0.050147242947849585	-0.013267355877532378	-0.036272313583538225	-0.04219999758928717	-0.003279276303062138	-0.017984780721040223	0.006536157675827113	-0.12258334152641807	0.20033172700963683	-0.019844431172960142	-0.00018026319008428377
-1.1877965629503961e-5	-0.23839797739853125	-0.10577601494350873	0.046037752934099674	-0.007594094905896593	0.02689148173418212	0.038872887742450214	-0.1353606000299805	-0.004722720747294587	0.21886198405695473	0.04616253531891723	-0.0720620292613223	-0.15370864609144289	0.15410759636867113	0.07578660996448745	-0.06502114944488097	-0.0793101512438712	-0.029212499896386596	0.10129033875674988	-0.08236545372319101	-0.04560615199165831	-0.06622489984517362	0.08922307769277904	-0.12332222168523822	-0.05615314782316893	-0.09320047734487753	0.06548448992619843	-0.05058325300435875	0.09478595780962373	0.13216035100798224	0.05213555256315066	0.09559957815912344	-0.05663698654878206	-0.11863943237922867	-0.06272252939232682	0.14576023729542276	0.05496577096702719	-0.11505145588544721	-0.07321443202776211	-0.05327736560373926	0.1274560269421632	0.02070301363165689	-0.15981832428422305	-0.16116391507617397	0.05963621158586426	0.06612408333628245	-0.10453700457227244	-0.13438055724038367	0.03157069831211439	0.13859573746592915	-0.04190362350298339	0.10209541409137508	0.12903840049532764	0.0985988257272679	0.10528190608948758	-0.09758813670459676	0.04120273127658777	-0.02882380666314022	-0.13366752569556262	0.0013840681519058742	-0.13183349272090042	-0.11874245527628126	0.08288052198346352	0.08488716805616091	-0.08698463346807263	-0.04792415891709801	-0.1410272382440457	0.07122791286326477	0.14663987945507984	-0.08601847087469196	-0.14432128208095804	-0.06035546022721513	0.13071376969080797	0.11690230802148205	-0.1442230451492043	0.16146373850239623	0.0405726561148658	-0.12839063568858045	-0.06126895671389832	-0.039946027782287105	-0.11164664291381855	0.058348900831692925	0.07468286714541882	0.057094733517022045	-0.13411155398638397	-0.23891328918285942	0.0062069489714915455	-0.11105067163803625	0.14479997179907325	0.07486891188006083	-0.0032484696472240035	0.0665257150713964	0.037459619402290874	0.01563751479504909	0.013365642619135075	0.011292192085007955	0.09968160196770362	-0.15464641851406383	0.015237572958016806	0.00019836178317921886
-1.4316635738566724e-5	-0.26642875217840817	-0.10853238302713074	0.06111402774884231	-0.018026922551149648	0.04808305434474072	0.03380979624730045	-0.13181774421434495	0.006339024525579155	0.17740409601423934	0.029104134037347483	-0.05569117486488516	-0.07284985959177159	0.0662527399067218	0.0653730225494558	-0.030191695090894977	-0.09059713360293675	0.03736729091072763	0.1459460113163449	-0.04965121334578695	-0.15108415759142443	-0.11137380247141672	-0.018743936646222103	-0.1133510192564399	0.05659466899144632	0.034444473609956554	0.12081386200235072	0.05923878574298067	0.15671351318854587	0.07902887034947488	-0.07945494326395355	-0.014329923430043735	-0.15152646544687506	0.018523029625007084	-0.11542356925888488	0.05262581243858523	0.1337187850713006	0.009316911791714963	-0.14374856286413687	-0.1630435092761497	0.042455777689427786	-0.10316381544065333	-0.05952607921704864	-0.033014770611289886	0.1278740666403935	0.14765541946330268	0.05520201733182734	0.04978514018386188	0.13159672474903245	0.026490156087794706	-0.1424520436893121	0.06839252317170906	-0.09664448860889428	-0.0764189584862282	0.10175018256175807	-0.08223624159056657	-0.14991264567373913	0.14108821650221967	0.013456735136796658	0.13909655125768805	-0.01803872495226769	-0.04337796176611312	-0.12034504643429046	0.05515791412334834	0.13968226876984655	-0.06561503398088193	0.13563031799954017	0.057235014965619314	-0.10443917353006434	0.14024793899278432	0.06439241138392528	-0.06491120551891293	-0.10608751749936404	-0.03316296323355298	0.14842746022517334	-0.14918523339062675	-0.10961755447375895	0.13667886697743406	-0.012095079362174316	-0.059782010816622363	0.08961206662449646	-0.10422309762641489	0.01262137816549978	-0.1040455065940613	0.15448855291558775	0.25763724543264904	0.01818164654902125	0.09577906449646965	-0.17866365225707065	-0.09330033192820127	0.019568088980111947	-0.09337510322312427	-0.031830307921430614	-0.02794591566899572	-0.008823736866197446	-0.029257995118961704	-0.080254508675039	0.11811638337304003	-0.011577376784372944	-0.00023317089745946053
-1.794797153342905e-5	-0.3061165462738514	-0.11423520158611047	0.07747303801044979	-0.02872968306397747	0.06990241575531396	0.02793169615675919	-0.12429195836173651	0.017147941991607973	0.12186721078378572	0.009422478835358461	-0.03256466888190042	0.01790054577296445	-0.03216915673896005	0.0432536123775134	0.011207678289872274	-0.07999582085221398	0.09311023751647589	0.14433078279313719	0.0008282410630003551	-0.19867805897180682	-0.10790976489656043	-0.11817789644800719	-0.04465520230911727	0.13884775799731494	0.14150185194636353	0.0995827635776701	0.12777545691662842	0.10601615991475985	-0.037946324742223404	-0.1463886006880365	-0.11142319198701513	-0.10684190072813211	0.1370405977964	-0.04832596914862151	-0.09989903621147825	0.05910828531686035	0.12220827234938444	-0.03235062782994814	-0.053602744762410386	-0.10167894049212968	-0.07458561517166698	0.13005550827881096	0.14755770550988734	-0.01256045014382699	-0.024613296731312656	0.11799008648888973	0.1419843124247592	-0.014981720377904306	-0.13810954123594718	0.040552545591973375	-0.10888262002259767	-0.11718064081829233	-0.08194201953037245	-0.13096652409238255	0.12575214655839095	0.015719692860976364	-0.036762316433139396	0.1269429967600596	-0.08270325102907984	0.14307681736401556	0.1489204008819567	0.007551684402553789	-0.13018971405046628	-0.03300273278188613	0.1092386339869689	0.009639722275094176	-0.13108967254014126	-0.03377826444062431	-0.07694838747629491	0.06922237136294833	0.14145545778282964	0.004961794862279773	-0.07216641550835347	-0.058038554426789034	0.05224426235149622	0.1193889732967172	-0.07857793013776074	0.07986521156575213	0.13555155264260577	-0.032430263010329564	0.11481232552249156	-0.0957959070768562	0.12422663883441089	-0.13737753524916893	-0.22388763746319199	-0.038933696664414555	-0.06468933590437417	0.18641104859281643	0.1004519363802846	-0.0339841117312307	0.11200286342129392	0.0242717130035297	0.03913457577580586	0.004007389444853975	0.046500872166528505	0.06066500965863375	-0.08422273500333999	0.008209460102401466	0.00027902334983841755
-2.028058304204636e-5	-0.3115456350364223	-0.10525666470056969	0.08339816762731972	-0.03539038079166602	0.08175296257876587	0.017032245768710694	-0.09366250759073853	0.024603560090603063	0.03768812364693658	-0.012575223216507692	-0.0004186487224628947	0.1034338786406839	-0.12045253561825797	0.006655973952385459	0.04842352107523704	-0.03761480101797135	0.1073562219009957	0.07448923805002718	0.05088242102961772	-0.13922587197541839	-0.04054681954655237	-0.14541576862140865	0.05412680278241393	0.12467196118232436	0.1419559798545466	-0.00025625946648054565	0.0873710102198212	-0.03737475683970665	-0.11835948298944744	-0.07140999422472798	-0.09136265893504837	0.05288860090446657	0.09628329974787932	0.0764521193091098	-0.12413269483906048	-0.09249533990228781	0.06553400587764557	0.12502705431651728	0.13624940369293478	-0.08836225863861884	0.07581814992219174	0.1043080217735356	0.07085714376179159	-0.13054284574053676	-0.15074355253210783	-0.04481422213603677	-0.05020191609857293	-0.13115315217684245	-0.007525928785795183	0.13652397743122113	-0.040637712759675294	0.1292630576621287	0.10703526023539052	-0.04830339736999487	0.01959360866033207	0.14149678208471633	-0.11827625226140762	-0.09665283046890813	-0.07787209609202299	-0.09341167727212264	-0.08340756984981945	0.11349485443848017	0.07203630152318664	-0.10619542169026772	-0.053468678018377805	-0.14646907404690787	0.1002771972173962	0.1461996219829696	-0.0388562885846739	-0.15589998161425747	-0.1338430235228312	0.09896948023714534	0.1417473155648355	-0.060303842541935146	0.0662125771993834	-0.08318811294814062	-0.0054587725095289015	-0.12313050867359272	-0.17809774357534303	-0.03242287246039426	-0.10440404288061636	0.16253824509942486	-0.13178373252985562	0.10831576053184568	0.17939019381844343	0.057959228153482714	0.032986003405985245	-0.19592768864471596	-0.11109614130605062	0.05038433518041267	-0.1382039571628116	-0.01902027216419143	-0.05484714000676524	0.00030978100188682	-0.06983341610394878	-0.05039627399590037	0.06531964133510668	-0.006326737622650507	-0.0003815254523532418
-2.4927828788616417e-5	-0.3402089041752968	-0.10238010912233614	0.09364444738530872	-0.04367189247267327	0.09719087988309826	0.006247227916364015	-0.06309008266828094	0.03183626835946327	-0.048320228089634744	-0.03382710006370222	0.03176525132940474	0.17811114165388753	-0.19323709142470546	-0.03092833076223408	0.0765946949534609	0.012694517223223964	0.09377713207724049	-0.016672388598824202	0.08429927437641896	-0.030724322005141008	0.043264358346449074	-0.11093639914612091	0.12653534781032025	0.047162485826277016	0.06193825244213645	-0.09994078835888472	-0.011231885450450433	-0.15505770035702968	-0.10680391650047208	0.05947767371649563	0.007721089481569807	0.16553261224821228	-0.03842288913219676	0.12423679159324355	-0.012103731491896273	-0.1408661660727503	-0.06984807174275087	0.12802098611955634	0.14711827159916108	0.045305965539755265	0.11652257785117413	-0.07468667000879693	-0.11617159096247964	-0.039521688511014993	-0.022412226276608563	-0.13029296273042898	-0.15119916008139261	-0.0055940420537752954	0.1377394301997429	-0.03504943937286157	0.11166283813613596	0.10530519801922943	0.0619111562188326	0.14167074773370147	-0.13185854534943345	-0.06508504452774576	0.08809831352337288	-0.08162340593661278	0.12582879677645506	-0.08773376722855433	-0.09346492933919975	-0.08933797875131874	0.07324500184630815	0.12095142915878516	-0.06092254828382413	0.12773268752463604	0.029301323954476887	-0.11970505070169996	0.12090133244588941	0.10779353105982972	0.021642272451572016	-0.12848342303407204	-0.11467741616945541	0.13835557506513183	-0.1450528928246281	-0.0005592533254556896	0.0866757172036409	0.10565325279256339	0.14377897990633104	0.08355984837790538	0.05543135292318613	-0.17108792682085647	0.10137233981913536	-0.04963145167130051	-0.09282636830067868	-0.06360567392686928	0.0051818091743797605	0.1707651329388381	0.10488459631512378	-0.0603300766938713	0.1479762294539281	0.012029697553139606	0.06667145818198832	-0.004607767661167438	0.08928790512918769	0.03847212610151906	-0.04586106752796304	0.004408721238137598	0.0004903369508609873
-2.752565498879761e-5	-0.32744577020752713	-0.08533698441018474	0.09035618388085422	-0.045378752328743416	0.09781068094446961	-0.005722427381508379	-0.020168667758360594	0.032529656120947804	-0.12249584620996001	-0.0464309508725416	0.05483805119133683	0.19912328716100106	-0.20321644274312245	-0.05785527760762316	0.07542035537867776	0.05783563462490202	0.03747981749636901	-0.0997885603917365	0.07360058068182652	0.09463398321609162	0.1010301797230584	-0.0075917222005157615	0.11244459236609927	-0.06356575735721771	-0.06535221209671484	-0.11974999941037079	-0.10014782170059022	-0.13564050103755	0.008711747639614638	0.1321203329469954	0.09861056417096858	0.09830221466043701	-0.12809363011814853	0.022511817118233253	0.11558821207458962	-0.00435984560690317	-0.10762675114202395	-0.05220198700758425	-0.06415985939580726	0.10837077906441556	-0.03424511259570434	-0.12928890850719701	-0.09950558238033352	0.12253491454037685	0.1481524205566319	0.03462714402383276	0.05213559949772492	0.1313738998021011	-0.012744708999689035	-0.13105500441832726	0.011073925868233152	-0.1596135986814312	-0.1307774047584342	-0.010907697308341685	0.047390171569515645	-0.10601083060965964	0.06274089256158397	0.15095158880379703	-0.016517672174433316	0.16261682878980901	0.1639012533348124	-0.03157537287351124	-0.14431775794126614	-0.017722042754483924	0.12048214834502503	0.0015897681212218896	-0.13577324356118103	0.0029726069643036678	-0.121641622213491	0.012341636485462996	0.10322095154208688	0.08661488619663045	0.03193070356428945	-0.15113350362920996	0.16558505480398186	0.08409678248976807	-0.1401381753267095	-0.0567997508457915	-0.07563708615908014	-0.11575422959583555	0.003132728909462597	0.15197616163968936	-0.06165827004470688	-0.012881350938311099	0.0027210429469324347	0.06705826572032815	-0.04335152980791529	-0.14890597830956778	-0.10335326296782867	0.0743927272259468	-0.1692123589308368	-0.0063011450404946365	-0.08685986188863355	0.009525120059792811	-0.12131517929944301	-0.032838046535020045	0.035017066423761345	-0.0033317396178694394	-0.0007035323433627292
-2.6356033239116086e-5	-0.2569133949994026	-0.051821382931939636	0.06907009922513446	-0.0377737639187677	0.0781718986416765	-0.016294194414094194	0.027802822885594963	0.02476334765859565	-0.15997931894861322	-0.04462680963443494	0.05918462694331973	0.1492559867848542	-0.1360400792591559	-0.061684159814673296	0.041228226395609725	0.07626958582456639	-0.037939157562853494	-0.1292965294950723	0.02036245149653923	0.16289945393672722	0.09245340037929395	0.10088055696229672	0.015341142392521571	-0.12604736431683958	-0.1391924148842041	-0.03730675625392359	-0.09721738326502115	0.01112199603921339	0.11527147596889198	0.06815962309998456	0.0794564726537105	-0.08112016699406711	-0.06062477181274706	-0.10753485089278747	0.0873842071547982	0.13810676513499057	0.010871131563108496	-0.15486305336401232	-0.17505055624770915	-0.003369211887925086	-0.12686887095700147	0.0385091067775642	0.09707167204714712	0.05765255278976647	0.03144302499072036	0.13110772712146837	0.1476828599489327	-0.00677054101475967	-0.1351672566347126	0.06266171453542639	-0.11520002398367166	-0.05057827113477372	-0.004611868511230166	-0.13651571625073325	0.1051942965230029	0.1286788909139046	-0.13107806300598693	-0.027045351259270607	-0.11253536254756531	-0.04942782232199358	-0.05664802297602877	0.12001717109471109	0.07706211574978714	-0.1018261757930315	-0.07819028735621529	-0.12962275425086647	0.1425972039272381	0.11583822063808286	0.04722780230614115	-0.12490454709415855	-0.1733332783253356	-0.0013591294910289624	0.06457340986591942	0.10086961698679564	-0.12860584025230998	-0.140676826476056	0.15638633302147525	-0.005817323814286414	-0.006163928701342052	0.12803441051818146	-0.061325972096745104	-0.11659938865850149	0.01965599331497716	0.07510455293065232	0.08733937315795266	-0.07186307508572491	0.08390664753959157	0.1380660154030043	0.11208271610982751	-0.09759794953098132	0.21280604957826232	0.0015780358591407605	0.12269247062985711	-0.016243425420816426	0.17705569337183777	0.034367687549181826	-0.03266459703465475	0.003072441681369615	0.0011049495575864475
-2.7971480790579228e-5	-0.20336751971063144	-0.020871607167376016	0.05077847743116432	-0.03157919599923681	0.061302050599734585	-0.02683759422231036	0.07555604250790642	0.01656319558770839	-0.18834454323578786	-0.039798370869314134	0.057675425370440084	0.08246064880250871	-0.05020838409670938	-0.055847305335215244	-0.0010133870848016706	0.0779825322913103	-0.10320394193939658	-0.1207038544711877	-0.03970596569044144	0.17239729217792385	0.0455898408552056	0.16568379127804694	-0.08936710766444918	-0.123430283893144	-0.13294986778715792	0.06794364617593293	-0.028707344378403443	0.1501402167301586	0.13128680826509379	-0.04974193143531935	-0.009094861643723213	-0.18763538056264747	0.0665118545338122	-0.1283756054851332	-0.03748219316721135	0.125265964171681	0.11622057681426738	-0.06498872828019332	-0.0545062075952266	-0.11049175249743363	-0.03485606276682455	0.14940456390992823	0.1416822210610191	-0.1000212273216275	-0.13860953832145315	0.00025683299986048165	-0.026276895786427983	-0.1323788102694492	0.007240887729872318	0.1330507294928682	-0.002218010247402704	0.1646881103436141	0.13167949630379236	0.04231497697796403	-0.08106413952374635	0.060028818724954504	-0.004739607645186368	-0.1380414906661698	0.07979172092053072	-0.13291449078210774	-0.125758276523065	-0.05592630011598934	0.08274822979518462	0.10291362725241773	-0.04916533715366715	0.12107913243881055	-0.010179167497923006	-0.12556184594922407	0.06781957391646228	0.13053727809233703	0.10946492319174499	-0.08490708903165654	-0.11759422525365752	0.01593474076653238	0.015766706255025013	0.1180425141347991	-0.09317525287880939	0.06561381702640759	0.08535680613753631	-0.08723407338669657	0.09738562645364075	0.040463565634274175	0.027843132385156216	-0.11742327471269988	-0.15765785680157998	0.06068721537717199	-0.10872784791741183	-0.10395634392884474	-0.10475490028597424	0.1091260249820571	-0.23290292647215566	0.00327601286133871	-0.15086503386955477	0.022093236878517164	-0.2244615908271449	-0.03505915610440873	0.030310673846162036	-0.002821995421392755	-0.0015339869854944293
-3.3422658788711015e-5	-0.16966556009451458	0.008388155170518916	0.03628574481275913	-0.027557202192612422	0.048532090230513754	-0.038178555554392334	0.1250930143355701	0.008593924938634952	-0.2118999359558445	-0.03352486863352174	0.052274180020404674	0.008907072975019904	0.04092893808339401	-0.04301623408216096	-0.043089024923115546	0.06505218862868746	-0.1440934968533044	-0.0803398183390915	-0.0877047049874757	0.1251245046992891	-0.018719161402628613	0.1639782888710735	-0.15258634271040772	-0.060949133656711604	-0.05439861964844818	0.1337947344634991	0.05826460575308754	0.18933865497036642	0.048308041531789865	-0.12984305042591998	-0.08998886376547517	-0.13141515255787337	0.13027895895873876	-0.02288440199971716	-0.12206580826055748	-0.024501433619691284	0.0846595160741552	0.10363914958374675	0.13638630626281106	-0.06966309653155081	0.10678741730837778	0.044234130024651375	-0.031055028082158768	-0.09985804483510152	-0.07787120454306701	-0.13103131157071893	-0.15311048902261729	-0.01704215190889764	0.13568988660503403	-0.054238511692168145	0.11530075545182654	0.03923605860506795	-0.017002421565309365	0.12811177306803487	-0.08179488166371919	-0.14824109366130203	0.13302620861138575	0.08859680654934553	0.07018189789658955	0.12511789952848448	0.13736897523246405	-0.08100201819745873	-0.14057144260950222	0.018962349726243735	0.12148695269919615	0.018848166823518257	-0.13249875466458946	0.013091282223184054	-0.12238323952547772	-0.020311101961288977	0.042459723141309164	0.10537697730773754	0.08772848558071385	-0.12172616676503284	0.10686864074914788	-0.025225602924270205	-0.02030898256799384	-0.09153271876799761	-0.125747496769533	0.007523928134779772	-0.09523349244206043	0.051089842187501164	-0.06667993724729293	0.1249280354747634	0.18738006652247888	-0.03410677691313372	0.10974026492890471	0.049055459514444	0.07912413234745189	-0.10416467538859274	0.21995711284268601	-0.00775517010842408	0.16487259226008408	-0.026066748769891367	0.2542399743208127	0.03379266200875946	-0.027001857791932923	0.0024909021185909553	0.0019531114800077057
-4.494644923361071e-5	-0.1600795339605293	0.03870091051447824	0.026124601803697505	-0.026659067356703425	0.04117062091404645	-0.052355401206145964	0.18315754818981586	0.0011274063074556415	-0.23948651910137217	-0.027528007696783086	0.04567478945164836	-0.06497958898844244	0.12956506439745114	-0.02671475171451536	-0.08002751909751656	0.04280538905284347	-0.15737133353398147	-0.022408997638377982	-0.11295152845004867	0.04222380230235505	-0.07669922803716649	0.1037557802116517	-0.15176626241984328	0.028376554104060356	0.05131483918330814	0.12802271728797698	0.11036249988661283	0.11109367725489856	-0.06894372777768748	-0.11705840359580258	-0.09912763185396599	0.03292488213288308	0.07572751239804291	0.10410713840509393	-0.08090253784808224	-0.14857845196425526	-0.04285984727857861	0.15129507759180508	0.1573300834300653	0.06134188550073718	0.10113757809744732	-0.12293568125333161	-0.1575361271039499	0.05343477464029498	0.10905601169504645	-0.04508153712789631	-0.012171693054848417	0.12855379466881317	0.008599420337340433	-0.13890141833484787	0.002119566112850248	-0.1656419164584034	-0.12964631725401282	-0.062049701852592655	0.10102958788416254	-0.018325819395176444	-0.04401100839472176	0.10248497496674587	-0.11391688296610451	0.06723972853358295	0.043706079054246505	0.10882514069997726	0.01887638966267409	-0.11733671143448667	-0.05240656536313616	-0.13748330820867527	0.13572290546848625	0.11270281269081202	0.06234796275844454	-0.10884736955843158	-0.15833665189794122	-0.0394922289056311	0.007882182540607536	0.13796504277330054	-0.1583418516850905	-0.08371336982508748	0.12193041145531995	0.06611280534039488	0.1033713848279495	0.07587746034806132	0.05147027463528027	-0.12090016329132398	0.08180048781284101	-0.08982683122359719	-0.1605027259334049	-0.002651024430890046	-0.08183201968051883	0.017842472227145172	-0.036142778063364016	0.07882185498083621	-0.16600366802430255	0.01100128070959916	-0.1560529898525126	0.026664933158296357	-0.25272297642147573	-0.029133086077392904	0.021639146629357637	-0.0019776255858852828	-0.002272581119579294
-6.0747776693318465e-5	-0.15939652447748462	0.07052344538609101	0.016821718967919598	-0.026476387887599567	0.03483511079398211	-0.06589129404403338	0.23786075979395074	-0.006370703363979744	-0.2509082835566013	-0.019376528824903178	0.03407664699502247	-0.13081414005955497	0.19907317026229096	-0.005946599503538074	-0.10050087309840423	0.010724609744421144	-0.12687704561951793	0.04236055316622985	-0.09912425605008769	-0.05635297478408978	-0.10211117908660731	-0.002469977480267528	-0.07411995015652394	0.10274883330447848	0.1269660195580363	0.04264071300837781	0.08685457574489985	-0.0456727725070032	-0.13131699948395362	-0.010405628297732776	-0.02064739750988398	0.16732775189140178	-0.054151280759915064	0.12428047258180122	0.05060284496711678	-0.10401188274861548	-0.11809091023000631	0.009262733229048912	-0.031385063039568534	0.10763463075152001	-0.052763291796478866	-0.10715993788743537	-0.03573844130815815	0.12016352285116591	0.10982419988229833	0.11950983684144041	0.15110709199500486	0.03477261918635598	-0.1354300362390721	0.05127327331606331	-0.11548595392842252	-0.020877753165863967	0.04372299238381012	-0.11318479429074735	0.04839313494439606	0.154982074112083	-0.11308941455328489	-0.13859424429688016	-0.004934789408989704	-0.16622994133694868	-0.1672566907422665	0.0005173724598216282	0.1252917386113243	0.08043812870902217	-0.07313695053634789	0.11270336129527922	-0.007842891694854005	-0.13354592024631676	0.05067511676549598	0.14596518371776548	0.15348753385279582	-0.05533878714370424	-0.09826781615524274	-0.06464160421850411	0.11807776043802538	0.1463929068962189	-0.16287995168246025	-0.009331784528839279	-0.038341379449017554	-0.12861838391965388	0.010328932665493631	0.1497176559762996	-0.07490434194463354	0.03186270309161636	0.09903132977732267	0.038847139349339685	0.03943823595800261	-0.08192059663701477	-0.011636937160671965	-0.044876101351903244	0.09546432928621737	-0.0134500748883185	0.13912932366909506	-0.026117431816707413	0.24196339012166201	0.024068939452373674	-0.016502713776694426	0.001490814417896282	0.002672723326996267
-7.555652032575555e-5	-0.14980438895333567	0.09723320078432918	0.00619569870813292	-0.024051904102575176	0.0254832505185636	-0.07127304688629583	0.26167510208854716	-0.012979908492631458	-0.217415738738983	-0.007547790021222049	0.014949224691373855	-0.16585156301444023	0.21699313528623254	0.01647891569677135	-0.0890900701638843	-0.025015899878869725	-0.04694454152036508	0.08947901532458404	-0.03995299841632811	-0.12772419143718738	-0.07277824089207106	-0.10732517142817637	0.04931197668827041	0.11151880101605295	0.11407758294154133	-0.07401193142818589	-0.0058397117651057965	-0.16506458931125592	-0.07452025646707569	0.10575165277130932	0.07838546180213875	0.13092820626281734	-0.12412658568171682	0.0030785314514762507	0.11995845082941617	0.07021137199071907	-0.036084821824153096	-0.14541576823712346	-0.17477658523559972	-0.006716693699532515	-0.1234382818209897	0.08003414271106955	0.14636860726302817	-0.021171364297827035	-0.08912433322347044	0.06229820044357724	0.020193320728587306	-0.12763532834219107	0.0024099395414171184	0.1342785550222876	0.020848824645716187	0.17028388313106416	0.11575934206567386	0.10189911754886988	-0.12242528500623406	-0.05596478524230032	0.10785051200390439	-0.019417066267266532	0.11729360989808262	0.052933534750556586	0.08932041722707319	-0.10926546954224749	-0.13426634766256923	0.040224873348973615	0.12803773663785323	0.017075139229724836	-0.12673856147939483	0.04492012487251499	-0.12628155583655784	-0.0759321883209485	-0.04872489878994134	0.11577940077126812	0.13447026767968961	-0.043436888254772786	-0.02257060407180995	-0.14450085989492928	0.14094393175710215	-0.05083526008811927	-0.03823392880647895	0.14372947401484745	-0.06966048991403267	-0.14446623607348125	0.05620011793486148	0.03065821073990092	-0.02725804422511103	-0.0711443153854277	0.005539007530808644	0.14218695647338866	0.05916934178627086	0.011036481918141511	-0.026032018024775318	0.01642388177839825	-0.1304946446800581	0.027360098911647802	-0.24933582487478786	-0.02135445262135521	0.013379050156676309	-0.0011901932271924402	-0.0034657752959427117
-8.025930962294986e-5	-0.11425010513790362	0.10547723094440623	-0.005645116143181229	-0.016766867766676206	0.01093271770236053	-0.05946619651040472	0.22078365942273565	-0.016254001532963087	-0.11947659785703958	0.006599578776340771	-0.0092364988298393	-0.1423697972805724	0.15320308781691946	0.03237677265485947	-0.03895478217596485	-0.04928261294844686	0.056792069206454895	0.08880663976416911	0.042185641918084466	-0.12243729476313332	0.004118506672564492	-0.14002529741946554	0.13649282679188587	0.03599318890892157	0.008242945017198262	-0.1276977512245541	-0.09319655403797145	-0.13000095522085856	0.058653259283243914	0.11289858481628295	0.09018909045870734	-0.05449117342936134	-0.042215769842628294	-0.12198685685312832	0.027897779229089165	0.14866837850585599	0.09820480162238568	-0.0844882185953119	-0.04524946527103248	-0.11025475644863365	0.015084803931707576	0.1298045094701789	0.06428984312771795	-0.12336212924766614	-0.11553466176919688	-0.11784980820883292	-0.15240609663281737	-0.023157721237245032	0.13495116677785368	-0.07914619958624813	0.1088914945386116	-0.03697695909229941	-0.09408140703256243	0.06534437356817942	0.020108306517771596	-0.12158431596272284	0.03954412043543562	0.15251190409015705	-0.08909760411862254	0.12174734785283466	0.085728810819944	0.10530633178165424	0.014128335143076548	-0.12372258558910948	-0.07430075305567065	-0.13295068138974075	0.1679078481205354	0.07525288021029712	0.12347358427419107	-0.04092595265082276	-0.08203447301277748	-0.11786280824806007	-0.11231683991454879	0.13326130989636026	-0.08084617483426584	0.09583822539625983	-0.08114033825431652	0.09852558652650015	0.10778549358237256	-0.13366555764647425	0.12052882402543244	0.12330326672421027	-0.035235077749629196	-0.09239430468301339	-0.04415032220781028	0.10465435730308718	-0.05080376799436931	-0.2125321183241113	-0.11239158490248444	0.021481196617794473	-0.040041892549028305	-0.021967177522398365	0.1449564366375832	-0.033690573219673406	0.3046683015002974	0.023231946516875577	-0.013458064872173632	0.001177962515309228	0.005175252470291476
-0.00010694995663511908	-0.10547682187511596	0.13669441890821699	-0.01868068114665569	-0.012929565688668739	-0.0013907081793298564	-0.05756333648476514	0.21531441631038553	-0.02197870378359382	-0.034834337341714185	0.02141034089713777	-0.034062758118162825	-0.126700295441467	0.0941865477390979	0.04864993970477716	0.012230449980481914	-0.07103855570996291	0.15488610995058177	0.07691023422227632	0.11727310973422438	-0.0935847724530001	0.08000279934522155	-0.13567619653260277	0.17898270652830436	-0.052064277130083055	-0.10094697775462595	-0.12480681711261873	-0.13337008467632544	-0.02629505318588486	0.15562603486451995	0.04969831518439694	0.03839946150977411	-0.2001066051261397	0.07413995353893231	-0.14369881365620202	-0.09032787820188048	0.0849602326916514	0.13024429519551955	0.06726189253054009	0.13648715957082674	-0.08124514316071428	0.13419307269853656	0.00961536474236819	-0.10761604958630046	-0.04776284054982335	0.03461660855559753	-0.11348747603353972	-0.07252734218349997	0.12030097386898002	0.025795904087442267	-0.15011874670264985	-0.010894516431533765	-0.17279681155207924	-0.11318969640391545	-0.10593571994684747	0.11937238304983731	0.07895030252388606	-0.118693709018179	-0.02771838621483161	-0.08219182043216011	-0.1056056108907453	-0.1326172135532032	0.05021103685196475	0.12535602259649575	0.04246489346784984	-0.07277255515332759	0.08636899444033617	-0.01686296045687672	-0.11189447588023467	0.006347073073382816	0.11586018816338844	0.13557849527234814	0.012484601580258003	-0.004371698125828582	-0.11275105649278686	0.12296919174973144	0.022918929277686576	-0.03354536074298879	-0.08186411149940223	-0.11359075024558765	0.04569209458552685	-0.10761255374456588	-0.03828720138970027	-0.001513224697811594	0.1140947640854689	0.09814905942676745	-0.09727951902980661	0.07799223713758749	0.21129016502585687	0.13059802199162288	-0.04781369557001854	0.09495599155743654	0.02199088038105458	-0.1259735794583055	0.0325499408515327	-0.29438662118008	-0.020633165477880282	0.011271633905632702	-0.0009708871566077715	-0.006143155449178391
-0.0001430410069278399	-0.10180249078558619	0.17224990306048082	-0.032194065799446815	-0.009345203890269072	-0.013738673670037609	-0.05453703407448301	0.2043274465977077	-0.026927661605286937	0.05241256008329554	0.034389570067838354	-0.054913330113257774	-0.09440875020073498	0.02057986774130374	0.05643500993689986	0.06081037900667014	-0.07595756215401238	0.20877259376289606	0.04098306031321049	0.1509384092028747	-0.02930705907418802	0.12133424680129289	-0.07018402136915383	0.12956703313609472	-0.11230703843168127	-0.15026381941128464	-0.04339779919449596	-0.08120586440239018	0.09618757931412239	0.12759002024909077	-0.053716126365812744	-0.04761081451164658	-0.1623181613280613	0.11620818475864639	-0.016924570474879927	-0.10702927880282297	-0.07579983059124196	0.002440481771431385	0.13419220382453487	0.13534740752099117	0.06055381191580761	0.05562024146991118	-0.12495273770339285	-0.10913495536040049	0.10555945478786555	0.12542538485147248	0.08967138896911377	0.14099606008665258	0.03887483459348466	-0.1343593337125497	0.07703350290045428	-0.1078603291931735	0.0573852243262446	0.11823358364148386	-0.0390893534851387	-0.060442778128893926	0.09196888193218702	0.015087022053849033	-0.13878781927757222	0.13677173191470215	-0.05640924614389983	0.00592408285300972	-0.1428065437271542	-0.11651104048318792	0.08744002576633675	0.14196967120231213	0.0496798437754335	-0.1503483638691904	0.045151775238643735	-0.1308196996437902	-0.0936665708820193	-0.08673498993077573	0.10195351585221975	0.11819407412842425	0.019866752905921582	-0.09474300593403279	-0.12917795923962344	0.1317830950236048	0.02696528137529049	0.07335161228472781	0.06041219286388638	0.05776996562764166	-0.0594321430596157	0.03786524858879751	-0.10758552970038766	-0.13170714208437104	0.07000119890672656	-0.09194220688144326	-0.17819310043922135	-0.13241610797116096	0.06927542666974947	-0.1410735072107396	-0.02058076495453488	0.10136509499260637	-0.030247545081672194	0.2754800818398137	0.01789794357462342	-0.00928506234609353	0.0007838671042780928	0.0073738165431154945
-0.0001990946535443681	-0.10830893122478853	0.22217109752677347	-0.04819416802589656	-0.006426464969184816	-0.027038847620267818	-0.053263910813793496	0.1986605184400026	-0.03231736963051356	0.13844826095011337	0.04620364263743869	-0.07219160715004104	-0.054609007613282703	-0.05515155236060179	0.057289313285902956	0.09957827640736684	-0.06679798402677983	0.2138571157529918	-0.0056320425797987865	0.13908854455149378	0.04455032994096626	0.11653050165684413	0.023310959573336305	0.020314033302690982	-0.11835327712989281	-0.11822017466276744	0.06307144001638851	0.022985254924714007	0.15495409479386987	0.0036572466458739935	-0.11644046858598847	-0.0936512418428376	0.015854006269417843	0.04784066473898865	0.12646371469649956	-0.008964315570742966	-0.15388816516225914	-0.12823234843905423	0.038833852143660454	-0.040149109070486966	0.12141676673526858	-0.10201377962953806	-0.07912013988244475	0.05649972584090065	0.0925616248306052	0.00770004854405581	0.14038518210625667	0.10199321976638906	-0.11321364543965393	-0.03581993260629466	0.1551826760911744	0.015531079341850093	0.16898400211399722	0.09406959246500124	0.11360411104391727	-0.10207217387252242	-0.10869779176698544	0.11252905077678547	0.08926557514374112	0.009925503712424809	0.1375916807455053	0.12882908622919167	0.04906646748200439	-0.036216662035764347	-0.11265736145387008	-0.051905983279112916	-0.13170014386709705	0.16565397720683234	0.06564134983282215	0.13830534935697072	-0.011888673305643093	-0.03209092295955913	-0.13713806500974984	-0.14842005478993833	0.08679624932660758	0.007420752519935736	0.15832006170962354	-0.15859659078363697	0.04192169298359048	0.000410429527253622	-0.13942356821473945	0.014880468882709897	0.13436209020111425	-0.06234499913925374	0.06891778229058637	0.13103130505115818	-0.024784080380164403	0.0855357623510626	0.1090247678299186	0.11077665537864056	-0.08010109835026866	0.16683387031641542	0.01676550318913363	-0.0669930829370293	0.025302877068491093	-0.2342704164792593	-0.014119702761588504	0.006983429792446484	-0.0005725420530110042	-0.008538919162336303
-0.00027237532155661943	-0.11990300683541785	0.27883932430646624	-0.0653610377483515	-0.0036246516141716953	-0.04077912886688616	-0.050878360940163736	0.18763076498480638	-0.0365221990947311	0.21394241929086952	0.05400202406389761	-0.08094513143096613	-0.007570274107773558	-0.12226414222276852	0.04806977960871891	0.11699795360364003	-0.041715116103366826	0.1576099152738079	-0.05047969388216996	0.07792070686479605	0.10148285256914232	0.061238284510835135	0.10626885182620803	-0.09939778891904999	-0.061008748902331794	-0.015896680582884733	0.12977505074739096	0.11123125347684769	0.10285916951623499	-0.12321826664096397	-0.08478582265930863	-0.056103839976346354	0.1794737910734115	-0.06852819554417408	0.13900202099636513	0.09918838192790289	-0.05597610499942492	-0.10135555581283516	-0.10554860749395269	-0.16179570249924047	0.0135555763377723	-0.10923071404567183	0.08513815783527444	0.1326018580118734	-0.07118557604969994	-0.12323585030174745	-0.05500651749334932	-0.1250900206460054	-0.05351106182275577	0.13358654178652088	-0.07506191484052105	0.10636905831958098	-0.0775744392547578	-0.13843469245525486	0.010778332430171796	0.09507141143124938	-0.051045962968125996	-0.06703475993242171	0.0944679759688601	-0.1425424544713121	-0.028906911428962585	-0.0951352787891313	0.10609400556964943	0.14614003607033202	0.008970073503286864	-0.09363288809151438	0.07747630067036501	-0.022374649525904924	-0.11587533817611322	-0.029444473178925804	0.1074936813495101	0.126726009007989	0.07299100930495726	0.08154236281355516	-0.137864181087212	0.08413666888913977	-0.10134391589624	0.10786403787952284	-0.09128511891586974	-0.0740066640377597	0.16330186625318974	-0.08244516381549165	-0.16489603150733945	0.07058335857511312	-0.013304573843146195	-0.1032460363462673	-0.025469966147175793	-0.06472743136230541	-0.023568548395225732	-0.07538777889344703	0.08287651611726587	-0.17736731026830493	-0.011880065287389403	0.02972103104609814	-0.01948973418145814	0.18651777197188282	0.010267416211350676	-0.004815178912514623	0.00037382737499266954	0.010080938670413521
-0.0003012837815821771	-0.10722130976127092	0.2744232002456178	-0.06780694199630435	1.5328842577825093e-5	-0.04501141911245044	-0.034739357152940714	0.12473423162073716	-0.0302780658129371	0.21978210721706454	0.04363693341408673	-0.059949683826725594	0.04236027003965342	-0.13977288512222835	0.01840729411860388	0.08015147178084764	0.0037170075768070162	0.016848584560435084	-0.06689436351827359	-0.030312391610282534	0.09454820565734322	-0.035861255825646546	0.11468360072838267	-0.14314066384597512	0.04423017718518878	0.09984230557800425	0.08228691848492702	0.09456994361698479	-0.048482728074559264	-0.12021338936115573	0.036739198300741974	0.04551296070877799	0.13358762508472324	-0.0990453660172652	-0.026954821633028637	0.07098122570844495	0.11991768725949037	0.0753309630828115	-0.09035828802523763	-0.02607655943675805	-0.11652405999915924	0.07185662617587125	0.10072664078101708	-0.034499710808871605	-0.1012410668096159	-0.012003225807416822	-0.14024721129743958	-0.09029940584965161	0.11964328890027437	0.005380801246282271	-0.13741325636292034	-0.05227665488428513	-0.14036607487065308	-0.029810763163444234	-0.11897864927090579	0.046104444992313275	0.1406484074726674	-0.06486240409745832	-0.1597320111685927	0.10850427153665465	-0.11245703969021152	-0.039220001915690195	-0.15491175100922325	-0.11979354115253994	0.10274348608111634	0.1624557433204359	0.037571668028999736	-0.13674349957505708	0.08810889426384369	-0.09684147383613587	-0.1399444522038086	-0.15744222514806763	0.025818246382015374	0.01834480974031851	0.13501498076993174	-0.1486622945661552	0.014520446157782935	-0.03129627560319213	0.12090543799315491	0.13616519015200604	-0.16333797211180653	0.14239706306128255	0.1820757840346615	-0.07804013405814231	-0.042261326924477635	0.0798530948337665	0.07690079447109126	0.04916606305405596	-0.05952989914006371	0.049446249598182085	-0.09799506079801645	0.21595407618217677	0.009199604161287567	0.0014241351516808584	0.017869066034162898	-0.18007992262699038	-0.008922340035895216	0.003939971403194652	-0.00027659200803373593	-0.01458248155711795
-0.00037577392274859073	-0.1065203176856703	0.2961138775735876	-0.0762859318031727	0.0036565809664980287	-0.05289150588482826	-0.020124700528178795	0.06654888604936415	-0.02488477338644146	0.22312156816423717	0.03230536585056728	-0.035757697166113	0.08941897201193663	-0.1444909192038884	-0.013299813600931503	0.03131259925018436	0.04850380273799661	-0.1276535293627624	-0.06664859194943445	-0.12976050548727466	0.05781766827615739	-0.11974594930789595	0.07868618255242779	-0.1224570312931905	0.12864369489283173	0.1626930276136779	-0.011752632857866492	0.018429234375891317	-0.16827777452682433	-0.028266494001615648	0.1308652448561828	0.10945508801034848	-0.026266775069607916	-0.03659916740923361	-0.16676766401860688	-0.032505528053732975	0.16642922580983657	0.1643426765567495	0.03304889291302189	0.14292888260465958	-0.09222524282434115	0.1516467177651635	-0.02792729115404758	-0.14916551948704704	0.027031631316090703	0.11904530724240288	0.011292642083394831	0.10515943750311676	0.07672717667457916	-0.1331219683381727	0.0644165540517849	-0.10473521594848466	0.0852537817135506	0.14290576131511706	0.011166445045247404	-0.10772669534397447	0.007203222169349826	0.09277694434805213	-0.025506953933933627	0.0864849414247073	0.09135464013198616	0.1197541603723043	-0.00021867116309176306	-0.05589485873138749	-0.09024190641561955	-0.0471305430634556	-0.1113183289869531	0.15609731812210303	0.026651053253022347	0.13538961422800463	0.046205119538128385	0.059278408039954295	-0.10425476299905904	-0.10504181220893351	-0.0369412523415121	0.11871538006230863	0.08114183768000034	-0.06260074390231013	-0.08638791006723308	-0.13449634386970566	0.08820584850916112	-0.14445921155857358	-0.1273018533742863	0.06011255703129726	0.08469899577761868	-0.034767460064950295	-0.10772243108335698	-0.022142245668649634	0.12987936773256573	-0.01416515677005917	0.0969183638900366	-0.2208445117671111	-0.005336103737450276	-0.03241541874021869	-0.014477789731090453	0.15694976246268177	0.006952620900985662	-0.0028848451320305037	0.00016753523860048736	0.018783280078452678
-0.00039327507886616756	-0.0854514627205489	0.25626741395785824	-0.06844166197228321	0.006493421682330156	-0.04903456678572536	-0.000296345547373497	-0.009283849852111644	-0.012651944350648125	0.15632832182099632	0.010471411191654175	0.0011736671652529086	0.10332605424690246	-0.0922130919989036	-0.03950045406944513	-0.03169743971384005	0.07017542082837697	-0.20514101956244768	-0.029612455356851728	-0.1522912478483186	-0.01464932391265221	-0.1232274127032299	-0.011621019229423098	-0.009558180246497803	0.1135139077732866	0.09007461275106357	-0.09558302545484025	-0.07488559137886266	-0.12759784830850285	0.09315718110554644	0.08775046461958932	0.04963326477605292	-0.1557545814522332	0.07128647066861894	-0.09430721654392926	-0.091670811718757	-0.01704356904461004	0.012294805726200175	0.10686320448703555	0.08618777379126918	0.08219897565943356	-0.028282845591130402	-0.10812827569963646	0.008073398524367434	0.1048410763719057	0.01749941864194947	0.1403459364022685	0.08165188266228686	-0.12799924039749655	0.023454757996300077	0.12288864539415352	0.08727947018289797	0.10987433116266312	-0.03491566530219641	0.11353621168624328	0.016101341866628607	-0.14507599670744653	-6.502511089732647e-5	0.17847142592509446	-0.1793862850614562	0.03405172509299783	-0.07223059150677287	0.15512744932785386	0.17883463281680126	-0.004021904437560403	-0.10734026643147447	0.09642017989273113	-0.06319498889075054	-0.1231712433966633	-0.09229172856178205	0.07520029082226297	0.06945155231445799	0.13200951192083474	0.1480346378125161	-0.07599539937273275	-0.049291440780331035	-0.1519937150543106	0.14079955506732425	0.03221451790768185	0.11052795004079419	0.0007967703311170559	0.1315570648010244	0.06078608378103771	-0.04084303360586887	-0.12648491052944147	-0.009230243793389305	0.14230918563873873	-0.0033357830950827114	-0.21176059418545318	-0.019500173240994727	-0.10918570324057882	0.2581801978610022	0.002402965781570364	0.06972433069731501	0.014037973889328733	-0.16681911440830402	-0.0066024472567632305	0.0025719438302618113	-0.00010207275701746408	-0.02828707718123186
-0.0004986696374443297	-0.08010033440719626	0.2593028800074187	-0.07162839734949275	0.010337771936830432	-0.05269173194027238	0.01949760996008152	-0.08613752320011377	-0.0016881088990490225	0.09904350306901734	-0.010838436318764058	0.03812718917986614	0.1176881565421046	-0.038154512358124386	-0.06416542128145956	-0.09225339292517945	0.08473015064623908	-0.2518934194972887	0.01266083928448848	-0.14168104230188713	-0.0835574051286047	-0.09019660677913625	-0.09826691621193975	0.10695263920256719	0.053132682303308774	-0.023754612261058895	-0.13224115055920252	-0.12650810829030357	-0.01310475157191121	0.15238274692421191	-0.014470408359036988	-0.04769044193958	-0.1636081394372135	0.11740990668847744	0.06281469231096254	-0.06023259979310689	-0.18335815739043412	-0.1531748383775773	0.06040913442070674	-0.07434790575797963	0.1536555013334292	-0.1703837066028183	-0.0412943619186981	0.15362453449185584	0.026261835206352786	-0.11167249669969523	0.042584895168208924	-0.08124229121051366	-0.11080618366538028	0.13684044971123227	-0.046023925792347715	0.10830892767946765	-0.0833320804958809	-0.14018994006989935	-0.02391015860897936	0.10446951884289114	0.027545283560420398	-0.09275583236248734	-0.038658899459421935	-0.006758611472036594	-0.10780515082889833	-0.07962912648958892	-0.09460397733506819	-0.06591654055819582	0.09313292173891387	0.13238802911340206	0.03143100183139299	-0.09886102297337537	0.08918655529184824	-0.04108532711223214	-0.12336700699223457	-0.13631507093295203	-0.0460667950235016	-0.07390051669333748	0.1298465405313502	-0.055015242220529934	0.11935087817756328	-0.13086971967005515	0.04137388145517946	-0.026769578898185847	-0.0893751886765454	-0.05567369449951026	0.03414017361829484	0.0053395301865162385	0.11984690140753178	0.05005406465627849	-0.1284828523565135	0.027795274513055256	0.23300198918984183	0.048074348562071254	0.09552522900567507	-0.23659036216707677	0.0010126784381707932	-0.0944652397427006	-0.011193631693944618	0.14918111441727375	0.005313351108948415	-0.001955901976122642	2.487814733670719e-5	0.035165181259808005
-0.0005917127593628481	-0.0695969763754459	0.2413537588022144	-0.06857731335855106	0.013219663387725563	-0.05134219639646644	0.03671435673104805	-0.15107919631689798	0.009525498127789796	0.023194343409360007	-0.030000014318968517	0.06633507132441986	0.10335130174151601	0.026113106581985325	-0.07040611960236261	-0.12276408708790756	0.06965683430716309	-0.19837110849748055	0.04955180509144065	-0.06506514476075986	-0.11142209167875468	-0.008048375172660637	-0.1295572398031364	0.1564947883277883	-0.041620177262417755	-0.12081834806132453	-0.07080529374550804	-0.07629078600823264	0.11222260098983379	0.07203667077661391	-0.10335202741699738	-0.09714060870714226	-0.0030770242867888286	0.03266190622491855	0.1479522489234382	0.045690254349823	-0.11956085804216735	-0.11340218258140533	-0.06902908937262091	-0.1268899928702654	-0.005513144330993896	-0.04229456788386886	0.09194414040446224	0.038636119427657	-0.09801125211588334	-0.03682521265351322	-0.1345700922226773	-0.08527986790141694	0.12600648614567686	-0.03573224903149046	-0.11835111813801162	-0.10973343397717815	-0.09064381305374739	0.08062347279010793	-0.10491652101218549	-0.06317028399176722	0.13163998554867992	0.053207997799485006	-0.15497494114226418	0.18406796889315896	0.04479300263090565	0.1362343092774616	-0.0738138082690722	-0.11757182946950663	-0.08604481950099603	-0.030678593329614534	-0.13026486111853045	0.17727755202726245	0.01715344378075179	0.14447281252869926	0.08201179327027233	0.11559262496088485	-0.0681159127042763	-0.04035814378384742	-0.1149792159465765	0.13404660753668965	-0.035070316520031994	0.07151615180696043	-0.10029858585783358	-0.0648239604817861	0.1525585155343553	-0.03304119510407925	-0.12158546348340868	0.030960699243668288	-0.09707944024022631	-0.08609285616115583	0.10284421321887267	-0.05066829160420761	-0.24536585915130593	-0.07603207337256948	-0.08289589222406375	0.21973838852094316	-0.0044763879562039885	0.1256304388903087	0.009210890193311	-0.1439798058613819	-0.004587743412681042	0.0015949005547667152	4.899968779396241e-5	-0.04750924227151862
-0.0007941563428475199	-0.06920845047375337	0.2544740168658125	-0.07393179993297308	0.017642377699144708	-0.055878419642109885	0.05677557802734356	-0.22680279825651933	0.021326801376425876	-0.052139430272292155	-0.049505036249859316	0.09323455389409215	0.08547989572190443	0.08886840079737565	-0.07119171835331717	-0.13903103813511108	0.0448302515308671	-0.10747026053569027	0.0757663531697175	0.028221659297084294	-0.10791662305175552	0.07679528151802516	-0.11502809676682162	0.14085748214218402	-0.11817480757710969	-0.15794147826252644	0.02830779507603428	0.019346244834924687	0.16829895808125991	-0.059186856666894126	-0.11862909641894764	-0.06944338063392358	0.15997583043144328	-0.08164503970341143	0.09455871503977911	0.10469103595422927	0.0692169045177535	0.05454501427310045	-0.11811431089221004	-0.02172212221974453	-0.15756284833017073	0.143996850292584	0.09660591078720088	-0.13377691190566407	-0.07229998318281307	0.09757895980722071	-0.08905031290713739	0.05955451861660104	0.13949038893585988	-0.1411260094758149	0.03287914711991929	-0.1085659781410474	0.08524585467521846	0.13080654237923442	0.03973647183373743	-0.089252090734179	-0.06415731873324246	0.07342656570278315	0.10035957471978399	-0.08215404061918953	0.0844363408223657	-0.0013098748893241455	0.14257258425943123	0.15053804085365624	-0.02796080075807687	-0.10683655837288597	0.0815263995697153	-0.06854438760300469	-0.10598085678978314	-0.11211503118058795	0.03605002841046359	0.003635829485933255	0.12626107202352152	0.12424286182706877	0.015155487691112897	-0.12339000550063318	-0.07173630625791795	0.02983974905487644	0.10264729635793063	0.12385345418618685	-0.14040892868464236	0.10721353798927719	0.15689714137939045	-0.05615008369205029	0.04089331696061319	0.09585147789256106	-0.046188439265703	0.06002636854627143	0.19693857037828175	0.08707422669433669	0.05378169907144175	-0.1612172112199826	0.007214058563178427	-0.13900013154765295	-0.006006009450008336	0.12059526339200351	0.0033868219297726533	-0.0011074853099477446	-0.00011913709453377117	0.05727735497127955
-0.0009451889968738036	-0.06160217817217604	0.23682971678271647	-0.06989298507747431	0.01971743947775118	-0.0528718120494791	0.0670629681780441	-0.26209693083976565	0.029120219506141118	-0.11561648951998021	-0.05721913705660586	0.09502145671985723	0.04334726880683076	0.12429322140691088	-0.04869016470890918	-0.1044613394733123	0.002535869636583352	0.03050811160846027	0.06674318013559279	0.10723273412096934	-0.04708932721177382	0.11674999724378203	-0.03110408182384915	0.031392143165349586	-0.11355874605993753	-0.0772803779181381	0.1052912983185926	0.09863619837147716	0.07850887213718233	-0.13383391214339294	-0.019808987876991126	0.03073933843098466	0.15198849083487254	-0.10168283635664992	-0.07097647153454044	0.030044862182973312	0.1683619888268516	0.147226117348923	-0.00022489339993977522	0.1158662677562131	-0.06682531776124094	0.09618662002938463	-0.05794335896828859	-0.07396420727057612	0.08209811488754745	0.04981199822798019	0.1260512249666863	0.08555909549494928	-0.129072989186311	0.054034735912063765	0.11379543692272671	0.13657982671429614	0.06756456816643559	-0.12849994285388913	0.0890032147642785	0.10695019067482509	-0.09778116789685229	-0.0982112711020183	0.08996626804421165	-0.1238764291269288	-0.10992137228936567	-0.1351291148418321	-0.05442792901856991	-0.02835482647137773	0.11420260255912355	0.14632922505467616	0.03921938128505655	-0.09543988302386518	0.11306388719161892	0.0024016819605419703	-0.12939279256094222	-0.120673485248457	-0.11205170071240217	-0.14563519998017938	0.09208322289717004	0.06097670660472447	0.1503730144786539	-0.12111911806781285	-0.07271842398335163	-0.15158251695442526	0.09397533908732637	-0.1609606855971015	-0.16409955103986704	0.07520535241577236	0.019161970321186758	-0.10027793363933785	-0.012867704894458099	-0.06835743240047268	-0.14887898908925967	-0.10048000127561474	-0.027397580993183304	0.11236799452544147	-0.010582463638400059	0.16737831883165827	0.0035034724014015813	-0.11208423539475444	-0.0026804414155887674	0.0008087446539242276	0.00020991959683142505	-0.07823771363316796
-0.0011629039893248162	-0.05590531391585118	0.22259364569037948	-0.06642953938646567	0.021836210956080963	-0.04988102750839542	0.0748782319747467	-0.2861281026407391	0.035380708233887836	-0.16844316087129318	-0.0590459352066647	0.08406952900222434	-0.005224073043319781	0.1383081658460459	-0.016848910000374306	-0.04582751937122481	-0.04040352940174657	0.15924966797923398	0.03570822060699152	0.14650793980919896	0.03237978470225349	0.10425575911271963	0.06737665983829906	-0.0947372311391131	-0.04630550505984843	0.05055732396023855	0.11420786450324381	0.10792518304423097	-0.06870453180650828	-0.09865550409916608	0.09538348351438812	0.10299471334426329	0.0020625990247671883	-0.018071643647911376	-0.16193940830139608	-0.07889147581922955	0.07226309033897475	0.056669038551750046	0.11795202423773178	0.09619796386213507	0.1178422558523247	-0.09498550687759331	-0.12483818512793766	0.10423798576289117	0.10147638184132074	-0.08421062670017536	0.1181617520100867	-0.047578439786772106	-0.15411463362589306	0.14142842975831707	-0.03325155743936073	0.09326957366222158	-0.09439759022623563	-0.1011585208566005	-0.06333881561796532	0.05125975411558095	0.10253261589564487	-0.026519287251625563	-0.14646475117859353	0.15615547501581722	-0.014521370461145133	0.09704273268360832	-0.10097886398345654	-0.12688780279919845	-0.07159636856539812	-0.03176864784713124	-0.12001924039070229	0.1695819234437621	-0.017643371244426286	0.10929365966775517	0.11650752261254148	0.14867294666683123	0.01847155123282902	0.07407275190373598	-0.14181169716276243	0.03526292622209466	-0.14961687003899307	0.15511229702964288	0.010085377395909222	0.12049646452460916	-0.011882029743289748	0.16226761041442847	0.11970199802540708	-0.07587060043999795	-0.07481188626864513	0.08555980700354501	0.06951430935039654	0.06627115771629315	0.08095617729728306	0.10301978361507552	-0.0013022789474864838	-0.055058322315437724	0.013444450705879145	-0.19118522569619692	-0.0009366620921473778	0.1022336220606829	0.00200283124871189	-0.0005383725899373802	-0.0003086796345407563	0.1039016166695064
-0.001319782860503863	-0.04507257433068425	0.18421236865100438	-0.05535120690024096	0.021320522744817782	-0.04077662936051328	0.07073349959264034	-0.26270902586262557	0.03543172032739804	-0.185057681980763	-0.04754289932626381	0.05151796588129071	-0.0523775955138371	0.11150613744554015	0.02029439723370252	0.028993821473318426	-0.06810188670550524	0.22020993536863046	-0.011490474410867915	0.11349313218961213	0.09505204007309292	0.03211630450073807	0.12604697851236404	-0.1589370891862459	0.052178349966797204	0.14132015390940347	0.035261321512804346	0.027360882836108154	-0.15722449598137814	0.029601738442032115	0.12002125926859561	0.06902293804668341	-0.15004292399809294	0.08618096802618468	-0.06286244438056875	-0.08809621206906508	-0.11651546253891622	-0.11138107793737165	0.070848989555497	-0.06585189104149869	0.12239161673477865	-0.13291572177843858	0.012455321067363169	0.10278649684159477	-0.05850269108960777	-0.06206570426672363	-0.11327958239029652	-0.08637321835320252	0.1305464866085149	-0.07061953920038319	-0.10960122484407818	-0.1584850491592129	-0.04318026618374579	0.16426829940990026	-0.06442468401791755	-0.13145733094810977	0.04494362947583043	0.11413555201069549	0.00308791338507537	0.011406345553936284	0.12094176321100213	0.0544557552389396	0.14400236985110249	0.14977944248069322	-0.04299125222089738	-0.11233429488715542	0.0933224437031065	-0.10492357862629506	-0.0916048772797116	-0.14422237622176204	-0.022287166352627993	-0.08524141290395186	0.08592327595416735	0.03566740312495338	0.12039563630774014	-0.11627325165039944	0.08824950084318824	-0.13479898703241638	0.05584431619967679	-0.057461489203796484	-0.07326015012610726	-0.13064523700435104	-0.05237195212386226	0.06730485731691438	0.12245404158217135	-0.06501916203141216	-0.12168477366077611	-0.062227767655294586	-0.012178836664474377	-0.10707625759634294	0.030052067729398578	0.00036781760915278387	-0.017314888890933813	0.2332602846857015	-0.0015322505517037157	-0.1037219017107019	-0.00159279255732121	0.0003530313593449778	0.0004570957281381826	-0.14857762574641029
-0.0013734955815431845	-0.028933780562888298	0.1210863614606315	-0.03649679923007995	0.01768134723818142	-0.0256202057757572	0.05346197303019211	-0.18893105988085013	0.028348213468895794	-0.15710356092651107	-0.024077656694996032	0.00439810506127247	-0.08396155266942054	0.04891384900368084	0.05052670536939094	0.09282412232689768	-0.06835003383100133	0.18174890914169747	-0.05319078746429653	0.021544120027841233	0.1059589331105752	-0.0592274100906386	0.1069817592974884	-0.11513079835502739	0.11412159302380535	0.12479575720123039	-0.07172436584198869	-0.07669018184933749	-0.1073644498281666	0.12916517608924696	0.027610693218352463	-0.037922617824496865	-0.13971269460988697	0.08976952259776183	0.11161046535679975	0.016344664103742516	-0.15284680636792508	-0.12424148563516241	-0.07736280383184695	-0.12873247943999527	-0.06329523464126931	0.047026052057756146	0.12905457198695197	-0.07847459129471439	-0.11356691475783535	0.07678399845514443	-0.1274768488687669	0.04833367805254628	0.14949118438623632	-0.13132125755604385	0.04990994342094107	-0.051950251947148605	0.10666812403276105	0.03882818770719769	0.09000442038584575	0.01498845377009985	-0.12685517636925267	-0.04496772213892307	0.14442305355083895	-0.1646657416725197	-0.08038931428781773	-0.14372073326714246	-0.030483253996006748	-0.020315404836946313	0.11546797172626647	0.15487951256246665	0.01454684834043031	-0.04290041252071533	0.13142760140441115	0.0815798129827524	-0.08691585122523124	-0.028408023652348204	-0.14223350997130693	-0.12794646761322934	-0.04169195372732254	0.15007388669824487	0.006586888372154502	0.07077633378348613	-0.10496381681212014	-0.01932338858335097	0.14149828097460754	0.07588859951367743	-0.02363742514190062	-0.05229046766374154	-0.16015494328365465	0.04173490597289609	0.16916592407965575	0.057955574369851465	-0.05641217244005034	0.11547760767168007	-0.060731038663601626	0.05429567977696429	0.022931772422415047	-0.303654816569522	0.004200926770819711	0.11939587839463342	0.0014367273165909551	-0.00023257572546124536	-0.0006908612200159442	0.2242821222309068
-0.0018252040043564635	-0.02003465379917123	0.08624737587584257	-0.025943639452827162	0.01795745949771506	-0.01608789190052894	0.04593958402655652	-0.14845157890975888	0.025986890795417453	-0.14911746067265147	-0.0034133390221667698	-0.042347228188512595	-0.12148002058795698	-0.011381137755759666	0.08214345542484003	0.15561993095023194	-0.06619648893878646	0.12810337101638103	-0.08900931445956092	-0.07366533658236882	0.09814683182110781	-0.13694749750497692	0.06130148129350362	-0.03544798510786709	0.13813484931097678	0.059446139297894225	-0.1480662604102073	-0.14312707586592122	-0.0025117613757922735	0.15104985535132665	-0.08156764198678759	-0.1187280349534432	-0.029535708620162762	0.02153196643819521	0.19328571276298345	0.10571446026105553	-0.04543358771225442	-0.009706596250810502	-0.1436346351571593	-0.04511465648385893	-0.17388948156852516	0.1671865941552138	0.07871636844510976	-0.1513298663998736	-0.006753285616594183	0.09950519912378711	0.0558935172536842	0.1037343662125143	-0.08083747154561285	0.04109641599624348	0.12037910845801561	0.15291477817910298	0.05211559372336701	-0.16471500820870816	0.06028753677647259	0.12941868119784247	-0.022967013858638256	-0.1025160369357854	-0.04544034391150174	0.0508639517968172	-0.0874334042449468	0.015857523706448343	-0.12738964096348399	-0.1372882656250296	-0.03235621213083257	-0.00041729950691624107	-0.10441086196332543	0.14093555067880237	-0.023286803865074653	0.0662705048031901	0.10570964370425774	0.11486918775137828	0.06661363903924564	0.11051262954349916	-0.07218996320554677	-0.06772316414417676	-0.09650160734745934	0.04223721782297138	0.08386710404835566	0.08437459279420619	-0.12502457162566905	0.020228423218976437	0.08703239983050626	0.01302637399039381	0.12592688978417518	-0.0013337269386565348	-0.1478855135833095	-0.03214625730338108	0.10511011273560371	-0.0860761971088275	0.07296339151585117	-0.09296846714334378	-0.02242418257454859	0.29918923031671746	-0.005871610502077868	-0.10746900901119283	-0.000981124811980194	6.92931477157769e-5	0.0007994313037589466	-0.26430319459065055
-0.002691880779429029	-0.014898056676334814	0.06617362590078275	-0.019672151458677328	0.02108920462706808	-0.009083059286161904	0.04392730492970347	-0.12487075557526228	0.026332463589315083	-0.15077732905046892	0.017066949006465243	-0.09005564833542495	-0.16000280415433396	-0.07150031241069338	0.11088405463157555	0.20696855443423764	-0.05758533874121197	0.05575978751769742	-0.10942985364388239	-0.1531286819245184	0.06687011119593245	-0.17461916651714157	-0.0034555255832364757	0.0574934129496648	0.1076154180311793	-0.03287151644786116	-0.1519063575296108	-0.1304314230645655	0.10378423358052483	0.07266691061514659	-0.1361195940398553	-0.11028368605030583	0.10359264017220639	-0.06527757485023293	0.10219131588127972	0.09100905996508554	0.10754327412555142	0.11538711382819794	-0.04880890457644892	0.0926597275804791	-0.06733048488919595	0.06437866596985897	-0.07835773044494956	-0.005691015556956086	0.11010795070030571	-0.03447627264690681	0.1491498155513609	-0.017547429802906897	-0.17132598557595313	0.1379954005253782	-0.031427818267545315	0.058802243643430716	-0.10555526879579508	-0.026652666395308222	-0.09653838374718098	-0.04066882634837396	0.13226748477766198	0.07785596857879619	-0.12826144458875005	0.14225631634285676	0.12229089806280652	0.13497293957049514	0.10785880636338027	0.11329748962463569	-0.09233477148699384	-0.1545496750690596	0.0715576227906557	-0.08420172096538821	-0.10961726837327568	-0.14903940197545099	-0.021142804419064003	-0.09856272631780522	0.06663675363758328	-0.0052127729591383495	0.1296661372445833	-0.06281578560524301	0.12033414532902395	-0.12865064553361827	-0.01190143602642356	-0.10345746072400533	0.04150473981004148	-0.10658319842341954	-0.10941350064703825	0.031465672984976885	-0.043002015667195234	-0.039531216292754925	0.07572359723458458	-0.0036026955321740825	-0.12330258393135762	0.0338692305364546	-0.06758757069014229	0.11006348814309751	0.01732726521551254	-0.23963801208873112	0.006513876481103669	0.077406004142406	0.00038220758432036886	0.00010242434471056244	-0.0008130269667725731	0.27876967373572786
-0.003972477826338597	-0.011463007933167929	0.05255895378712087	-0.01519966461619083	0.026022680439440542	-0.0028368097954290517	0.04395124189262767	-0.10631529142951007	0.027483166639307027	-0.15109508966485985	0.03721147106122129	-0.13318512712552222	-0.18807404852721105	-0.12525338661407787	0.12758241682413432	0.22786239410104225	-0.039119011279039426	-0.028825796594874095	-0.1028670371341233	-0.18859198843935993	0.014685447690578377	-0.14837592507909117	-0.06688290308671015	0.12469974748137465	0.026692482250937927	-0.10785788542029465	-0.07018579206343148	-0.036024208196042684	0.14280650130172878	-0.05930011551225198	-0.08949455349456226	-0.010821733723771917	0.14859887472016645	-0.09097952835828833	-0.08776751432984362	-0.01999136877730602	0.144755087419924	0.10647175395391323	0.10435162334145393	0.11238479728009601	0.1282655805686677	-0.12902541368913012	-0.12341601844111952	0.148583468612412	0.05504679796750979	-0.11162680665580332	-0.009035677255577912	-0.10765080052624573	0.047168640172506396	-0.028840525398363025	-0.12289158516511102	-0.15460705315911205	-0.04660194456391687	0.16864646358735896	-0.042720610321304926	-0.11835607131644489	-0.017935917054048955	0.07180971653871324	0.10049718805427822	-0.12400704107377655	0.01982753532765006	-0.10024769715528845	0.05393983020450488	0.05221719372643134	0.10516607715904441	0.13394787939795738	0.040133656438871824	-0.0588023207543595	0.13402047488500834	0.09641065161644963	-0.08254115425529171	0.0013302659964560537	-0.14714031295429475	-0.10384803889101715	-0.09536937964911177	0.153280846890281	-0.07061968983664474	0.14350974776764752	-0.06640715113555266	0.07378866599437986	0.06121830819544373	0.14934414396556053	0.08828522528263202	-0.0656449170960565	-0.053387597095441386	0.06955938053493674	0.016919416873422993	0.03850280971599453	0.11478332410076317	0.024818878532533437	0.050874571918024365	-0.10971241366873102	-0.009959238270390202	0.153600071017368	-0.0064945763983131	-0.03997637972400661	0.00024441340580285895	-0.0002692111630015065	0.0007898622886434725	-0.2867970324524691
-0.005339686355751272	-0.00782448464009497	0.0371386045090744	-0.01011137581828156	0.029745333393426932	0.0035468747702967762	0.04021255308026628	-0.078008713487924	0.02584741368080537	-0.1301289056988423	0.051713365713316396	-0.15196716616957065	-0.17904123844389852	-0.1513255510320052	0.11358886724730172	0.18515750991023144	-0.00879556675309574	-0.10327876089465005	-0.05736445792409503	-0.14497799631786096	-0.044028781525662614	-0.04824326673641119	-0.09574875088527512	0.11963248872140653	-0.07025475822008401	-0.11174362336029744	0.06032859618583304	0.0857050182315588	0.07041529315094615	-0.13971420365943737	0.035461324967764565	0.09899951409906674	0.047588392438587604	-0.019507843435527125	-0.1812340478434488	-0.1072011671765531	0.0070428035657740615	-0.04014885987876926	0.11902393760203177	-0.025900031029724768	0.1373183478169513	-0.12383331455527287	0.024240688970577507	0.05778757730399004	-0.09322850026997569	0.0099597396809879	-0.15079614260729785	0.007726659832135788	0.17437099513905424	-0.13675094484102193	0.03782051007922547	-0.03395033488173496	0.11413925490619864	-0.02047901654652068	0.10994973416897397	0.08848234231512478	-0.12435402638148044	-0.11565390086325991	0.07186059985893078	-0.062131969296690376	-0.13586862786818887	-0.0590652795682699	-0.1517088909514083	-0.15939628462067562	-0.004471183483844898	0.021142795697009144	-0.11290417005098154	0.14931925875640178	-0.04345393049979996	0.031081499455370705	0.12248460312679425	0.09681887738992935	0.13059095209290675	0.15168782552358406	0.006158935473385696	-0.16618647830751404	-0.012937586520826203	-0.09748804776854242	0.11808708230863185	-0.019086260367693397	-0.1436957303365109	-0.1507294587126059	-0.0436998550612791	0.08697190933203872	0.1401057547282993	-0.08969836547639082	-0.1072189480948201	-0.06941215439815594	-0.09654509585775581	-0.08203288222814309	-0.03234142018706687	0.10644890571278481	0.0026000936934590588	-0.07085458717470762	0.006672716226577474	0.0040176754276963905	-0.0008855720470076212	0.0004585642412943819	-0.0008352174841664423	0.3260465380361679
-0.008004556788676676	-0.005777999044106252	0.028658122028841843	-0.006850263735321285	0.03866419011736742	0.01054336062749614	0.04192709445103704	-0.05980429576195231	0.027308995072791678	-0.11961918652960928	0.06981360363439562	-0.17658629990517	-0.1742937711339883	-0.1774309983635528	0.09739781165952546	0.1317336742846546	0.02224809805501007	-0.16427522690398164	-0.0028369937015332025	-0.07264613061015418	-0.09290658160410234	0.0652416166618889	-0.0963181983520446	0.07169353071329741	-0.14056764557918197	-0.06668706496822455	0.16224782281440414	0.16139217859309343	-0.041334659991330694	-0.12957431672682085	0.1372241166771343	0.1359523274944681	-0.08965608536583218	0.06848431669286417	-0.11554289872891776	-0.09055170262235343	-0.1376221002180083	-0.1437246417002163	0.0020663480065411105	-0.1334997213893261	-0.022960633108324288	0.04456896277060008	0.1394078938582393	-0.11553817674531998	-0.10425815391538568	0.11601754468780548	-0.05179883210954647	0.11006497422051016	0.0026622379720225853	0.004489327736371833	0.12929082605501982	0.1525538443660129	0.050827517944816644	-0.1674535384283557	0.03252690815529364	0.10218494807989503	0.04529232469790509	-0.03651872309917721	-0.12492971318358971	0.15040742216542996	0.04315740699696992	0.1319056120132634	0.035830143122795866	0.05324076792279747	-0.10203943985122864	-0.150328088700949	0.05120604905423071	-0.07352114773359944	-0.09400250631040266	-0.12756286990034374	-0.04074618143682435	-0.10683216972349144	0.0009846943762405191	-0.07654756740873933	0.08796029859607432	0.05823884196102409	0.0874327866689385	-0.011457008399402765	-0.09629204710022103	-0.04631361546959784	0.14686299830858782	0.07701108724335365	-0.0221636718420479	-0.07203129771676793	-0.17044890098337662	0.07724203040210548	0.1589488510554681	0.07777170984179202	0.04877453977851748	0.1162273308507841	0.005496636726967319	-0.07681105213761899	0.005331922668939358	-0.026046507821275135	-0.005577578371390349	0.03268198666679279	0.0013834987318886473	-0.00058491261363805	0.0007682609049053379	-0.3286633206580037
-0.011158540095125707	-0.0038560344158065363	0.02031938679634485	-0.0035808439091011834	0.047303578086581366	0.017443420754224892	0.041700089726584455	-0.03846509181584541	0.027075061545560906	-0.09696056593013803	0.08007130557954142	-0.17586396092561662	-0.14201087390247602	-0.17129761046613187	0.061604087222882686	0.04671894351073891	0.047422663821858654	-0.17398319222876638	0.052652901327006826	0.02729142284463333	-0.10412684619788395	0.1488010517415342	-0.05090096167968341	-0.014979971750595567	-0.13201803013347496	0.019709151255402665	0.15774740647493304	0.12101684279904396	-0.12246102521858614	-0.011880616007049925	0.12427348334322127	0.04810549651597418	-0.14232601587820545	0.08602111014963229	0.07263602375719806	0.030299561114955305	-0.12139125325776605	-0.06706272556488915	-0.11755234447903676	-0.058649246282564016	-0.15074915775956324	0.1461222255158955	0.0423676034077235	-0.1028385627291789	0.0571614755013234	0.02008078262875037	0.13932247501411327	0.006640059989533459	-0.1740945024950237	0.13673366931630065	-0.03946477092365553	0.015424046223640422	-0.12150398975901816	0.060696150801533046	-0.1188826055406289	-0.1257470304291002	0.1061507725018768	0.13344074475068315	-0.006657693745414417	-0.02913916238772908	0.10801094501055951	-0.03562970873219802	0.12398915105785285	0.11448628744710435	0.09438875686976349	0.12267002816194922	0.06216307853506221	-0.07079161542291801	0.1471242603308643	0.11997756930506431	-0.0740589253373558	0.0390290177979257	-0.1318721421057898	-0.04672783075897338	-0.1279750303263525	0.0814662596301988	-0.1165916533238616	0.11509140820768754	0.03210037387719995	0.09418090063968168	-0.09568899416653723	0.021069766153534866	0.08126732008498395	0.040157148278885196	0.16321541334065895	-0.05076856097273354	-0.18241607340820892	-0.07501378346894695	0.005042777490166461	-0.13895061406035086	0.021760826970249586	0.04211538368574415	-0.013059142303976583	0.12248225175598153	0.004432796272493739	-0.06929972523909761	-0.0019093421294886365	0.0007373025961041335	-0.0007377565549452625	0.3541430873256452
-0.01734373089744451	-0.0028290387453966948	0.01635929557610267	-0.0010610094579791562	0.06556057361533951	0.027856571367335742	0.048321788295464484	-0.02320827274559363	0.030860650768138827	-0.08486886839757074	0.09819276650603873	-0.18693105399892718	-0.11719234344372313	-0.17010563315659777	0.026382101138636413	-0.03966297039894067	0.07007161822991044	-0.16600298277570025	0.10136645284070908	0.12260424356415767	-0.09506506708919717	0.19543674296875974	0.00810177366405359	-0.09671405792126447	-0.07719820332626869	0.0980372217205798	0.08299210338701263	0.019093728628695794	-0.13864328765880207	0.11317324782822892	0.033600730692762155	-0.07377219287014758	-0.09070270455028644	0.03317231429680026	0.19910616579305362	0.12266321173677303	0.011201356530350301	0.07957940480485842	-0.1105337541848271	0.08400714449765848	-0.09695945762107351	0.05927194835381551	-0.11024461700094304	0.053786936834266774	0.13606762407986697	-0.1065901059303602	0.11199299251209277	-0.10780022073941237	-0.057397902990475244	0.02377306705344852	-0.13709803393992648	-0.15117950285505244	-0.058804036216594344	0.1656554692186828	-0.024908269324996818	-0.08280305136450143	-0.06560545576918889	-0.00037979672082284754	0.12700273202248497	-0.1388601206399118	-0.09013626891954227	-0.11382870790823683	-0.10564821173213082	-0.1257084888999936	0.038736742287793696	0.05880215403023564	-0.09971656545779839	0.1342285815607157	-0.037276712108418326	0.010746915802399781	0.11317038580036148	0.06542018818052314	0.14282971216562154	0.13078122786045435	0.062327664408961536	-0.15959575714558316	0.06074673541152059	-0.14114569720816503	0.05298341084364119	-0.08656554412262782	-0.011038037420413812	-0.10804906248986407	-0.09847417476457346	0.009612256942452713	-0.08563580631638523	0.004393048748570216	0.13504115359755434	0.04573885888226924	-0.05717319225729675	0.11870470594100369	-0.04280288736742484	0.004220652326260142	0.017535231624724985	-0.19094170624060455	-0.0023152570356496094	0.09115305381670939	0.002071710819072217	-0.0007672836970195884	0.0005869262611808979	-0.3296953129615034
-0.027103172151354438	-0.002273162083255814	0.01485187137475568	0.001306287834096434	0.09284858591905783	0.042053569110025044	0.05971145380021599	-0.010099644421807871	0.03720435694280912	-0.07646181060372684	0.11951958067276763	-0.19827316952780952	-0.09084983943336143	-0.16266753985426205	-0.010324804780625783	-0.12228364584008396	0.08439442117419244	-0.13026176707920584	0.13038811498142416	0.18910220486530602	-0.06125328265008216	0.18076243069169284	0.06441093983408894	-0.14021701299126432	0.009739936435891036	0.12980483126670522	-0.034166285042850394	-0.09379213588144554	-0.0722093119901912	0.1606948129100597	-0.08028938452630952	-0.13862490744529904	0.03333248071777106	-0.04899424624648993	0.1433687544965032	0.09165651624373425	0.13232227727008408	0.13796241634008158	0.022808355858934183	0.12403268506159988	0.07997570648055272	-0.10788718265690157	-0.11102498508085314	0.131609290470576	0.009636630030519386	-0.06313355916059424	-0.09827892473026918	-0.036339912852930104	0.1598118347426015	-0.1333785597252304	0.021332007441675654	-0.01898248663957062	0.12149915457264265	-0.07646490834783344	0.1221119968031085	0.1439388613302971	-0.08929495311428487	-0.13331082308468878	-0.04121444785728495	0.09327131343089308	-0.06289671858403743	0.10084454142584637	-0.057571904481992245	-0.026672919055434563	-0.12290772559423993	-0.1703986114584624	0.022191256475747045	-0.05311709183139418	-0.11141810509908479	-0.13114591741371018	-0.04403354923682584	-0.1127328528782569	-0.03325691500081701	-0.11363541159092175	0.05069372677556877	0.1275601622063794	0.03540404636286831	0.08131171526809741	-0.10705753962529671	0.033629561172622835	0.11208056587597767	0.14518217672453815	0.07136991861910927	-0.05572838292628951	-0.023238183026908638	0.04341657042056115	-0.04407646999673065	-0.003294388749320514	0.09392673102084681	-0.06953345597367899	0.054425850823436976	-0.04966686373949837	-0.01879556327178169	0.22830726027851442	-0.00015855282458743236	-0.09956262694591808	-0.0019755289872690415	0.0007201860802670268	-0.00037885239747673105	0.2803834704116162
-0.03776129641278972	-0.0017027472532468169	0.013002849599138513	0.003635494800381757	0.1168706906166952	0.0546907122443012	0.06666729773563622	0.0038206303096602547	0.04019845189136405	-0.0581522142040652	0.1240799721728955	-0.17562055074530952	-0.04761568661021015	-0.12112711993273399	-0.04466515799814165	-0.1721622322652831	0.07409525865994943	-0.050211066260355215	0.1115326114206704	0.17845618124815532	-0.0009020839912892153	0.07812316468897779	0.088167339628758	-0.1040450234415023	0.09094149432551307	0.0774781675823922	-0.1279599077957847	-0.13660779129400166	0.049740332854514346	0.07033999000740195	-0.12481724436389413	-0.07235056535595748	0.12499288296552705	-0.07938723979815364	-0.06836144749140531	-0.04738481005308047	0.09504559977013322	0.01947828115897564	0.12613979115277593	-0.008919891468685825	0.14150616680061986	-0.1102111984107993	0.060300269996499054	-0.006147468090894812	-0.13300324168459726	0.09200723824363699	-0.13101565652107702	0.1040723637326924	0.06952934283161737	-0.019532351406924622	0.1362305894503685	0.1540152478032834	0.03780375090090088	-0.14515405251190658	-0.012039970002977504	0.0262890143667911	0.10398910396909486	0.06903585694655781	-0.10434042504336952	0.07965406207437314	0.13249322382955853	0.038614203248744726	0.15179724380138487	0.14895321565248387	0.07300488490349527	0.10897336648919927	0.0771066415968589	-0.0760099943884007	0.16326751374250115	0.14822023599929926	-0.05960718345317627	0.08108150482081086	-0.09862958681769868	0.028208341911144675	-0.1339500456680905	-0.029531248535058237	-0.11418626210527719	0.013940235941268475	0.11698694619624915	0.031097480282844592	-0.1747840410975416	-0.1404441897813504	-0.024492506057300356	0.09030096595391116	0.12763857964989028	-0.08456071062657486	-0.053493665780857444	-0.03952894845515731	-0.12166074221057988	0.015442749676794099	-0.06348360253881756	0.09323064948055702	0.019859235158996277	-0.2679742180485851	0.002635382445501294	0.11050504976563108	0.0019744190819457746	-0.0007252793940955016	0.00019934179667183138	-0.25841181750796965
-0.05934149050446563	-0.0015574852151328533	0.014184553354509778	0.0067896781840552645	0.16671039487196726	0.07930456683517195	0.08574511141447291	0.01841225889076741	0.04986746678005034	-0.04720307995601561	0.1430088418900508	-0.16783033301633726	-0.0077218993115706555	-0.08521155538388692	-0.08020573280754036	-0.22003111556343535	0.0611533563937037	0.034061145426692696	0.0802849760956748	0.14070860975867824	0.05960895618458378	-0.04252747479490451	0.0899427453281327	-0.03539600435694219	0.14186923427345538	-0.005202094287813638	-0.16701580194886792	-0.1123493159425859	0.14618641883361644	-0.06235384713872089	-0.0934785316200482	0.043833419726773466	0.12726007680685927	-0.04621919341101386	-0.22321691009295078	-0.14270852296411307	-0.031666824311572944	-0.11898887956731488	0.09580170896599863	-0.1317168570253649	0.035080828947553294	0.027627543483054212	0.15359274034986387	-0.13540878497676978	-0.08599047966324905	0.10794718916587495	0.03936906269727533	0.07366702087785582	-0.13672859913553106	0.12899770011210654	0.008014508104804594	0.035415068654269605	-0.1183524123201039	0.07821160755740911	-0.12155220193157157	-0.1475284512078643	0.07122472138087102	0.11543568262650777	0.07186770562637788	-0.12343554892906933	0.007600049641933421	-0.11975639272719342	-0.025234633129426226	-0.06499154582590902	0.07523052687255305	0.0910088766490282	-0.08100699788751346	0.11696248453853018	-0.031393776666596894	-0.010561164438224219	0.1012764771442047	0.02812709856771184	0.13908337737766366	0.081392205181092	0.10425474455760128	-0.09133809211520214	0.10770978314828128	-0.09955022001701988	-0.04871903694872712	-0.0769577477330427	0.1329406413246457	0.05923633387138903	-0.035442685282484565	-0.08304421528032785	-0.1747812818255159	0.09106829373208657	0.12934829378593007	0.0676836581391029	0.1065568847195987	0.04369513263754536	0.053292225940798174	-0.10938621063991041	-0.01562952638387496	0.24171907458051306	-0.004487531087741525	-0.09596034664313438	-0.0015627146067084194	0.0005972017849473765	1.6187429768527162e-5	0.19546329725614225
-0.08393707560301616	-0.0014297616865210222	0.015290455597834506	0.009865760877151436	0.21362963364832271	0.10237707937912598	0.09996994347350269	0.031849300705161135	0.055927253434164687	-0.030974128094605452	0.14440118817699987	-0.1342282003833521	0.03347127485615895	-0.03293639748976108	-0.09877846007601261	-0.21287045899449691	0.03144978539350378	0.10734860714125055	0.020975069103656672	0.0480435555591553	0.09534550199355754	-0.14323372433462567	0.04784987857542903	0.052740978224538285	0.11174439494197033	-0.08460402086177962	-0.09480608932003207	-0.006140617006395212	0.1328231772839255	-0.14264893270512122	0.016966092380492306	0.11932875614111976	0.00817053724585648	0.03497388274360533	-0.13914176141045978	-0.07234282145928068	-0.12103130605600318	-0.10701378562364573	-0.05889840096446888	-0.0731448669364381	-0.1213466398534882	0.12374342596585007	0.01150497704960754	-0.04525815423726343	0.1041405790374515	-0.06516716667532058	0.13933096455521726	-0.09521468903248517	-0.08232264544247518	0.017708552865238196	-0.1364149842900922	-0.1586805128830363	-0.01943703063149356	0.1255652510100796	0.04667265934771231	0.029029571326720988	-0.1333476508957169	-0.12644791390881582	0.06609194245247083	-0.0034800005210732085	-0.13747718654088342	0.048591169659294414	-0.13201497945306195	-0.09346235716010268	-0.14007246324521855	-0.19697438074009926	0.003998371869048112	-0.05012072163912425	-0.1283219538789361	-0.135605102706059	-0.06179917368003039	-0.117137382311719	-0.0837635640168667	-0.14064870893291284	-0.011504995739246404	0.16334092353375815	-0.04649112737053604	0.1400401650304798	-0.04049816119610013	0.09447661250318715	-0.04327539921236884	0.04010140767435659	0.08493263212238242	0.05711947859295674	0.18519076264313117	-0.08198678759694394	-0.1835345195869724	-0.086859446228446	-0.07933925402968509	-0.0989701098595488	-0.03964812128152813	0.1194645588785899	0.010960323888537757	-0.2136326514622311	0.006345914763384669	0.08216254187188803	0.0011986236030660999	-0.0005018581893462271	-0.00023265128303054383	-0.14812323149759604
-0.12184982932943866	-0.0014723272753189229	0.01796360527171141	0.013892306085509476	0.2798447904827919	0.13450040469375268	0.11931769491212227	0.046723856194070906	0.0639705532812515	-0.014620942621445362	0.14365883895261447	-0.09445756868787165	0.07264175975635001	0.022110213567627456	-0.1071067064576618	-0.17542758768757102	-0.003482312902030618	0.15759277390135507	-0.04340432179095173	-0.058191396554608005	0.10173712218911486	-0.19221337377416672	-0.012420830145794905	0.11752809380432092	0.029828646672147394	-0.11981278965910781	0.030339145624112454	0.10388497322585187	0.034012499964821315	-0.11845328047160254	0.11488287790279242	0.09692511585962897	-0.11782939446508331	0.08359827292668445	0.0788648731477938	0.07421371813156823	-0.08070342418592315	0.028722368079507787	-0.14349311453311672	0.07825662631719926	-0.11790012025315791	0.046327919732297815	-0.1469733916859027	0.11334655691809471	0.13217598020990035	-0.13117818435341708	0.0050854060862700855	-0.09538375001868435	0.12014803705113666	-0.12733833547757126	-0.019587236503125244	-0.03162439513610776	0.11927264568929055	-0.096119302459157	0.1132875037784046	0.13977388136911145	-0.030639875395182224	-0.06618312249811673	-0.09991477661298852	0.12520782172286155	0.06772891444225138	0.08961298941803901	0.11448873909776416	0.13471205346607806	0.03453751654570541	0.07821327743336576	0.07743498199204071	-0.06831813258923677	0.16039508969272293	0.1579152044924412	-0.03385856633374845	0.10939789817150203	-0.038269575938878336	0.09774097476850034	-0.08944383042127017	-0.13034016353762545	-0.0433697868597819	-0.10195618808128265	0.10793364709551898	-0.0670137819854735	-0.06662393226343585	-0.12284107292234446	-0.10023291342651464	-0.012194626910115774	-0.13670788590379104	0.050029117595167316	0.18718228083472724	0.0851453228265337	0.03454591668862825	0.13482238068292646	0.01915952384155662	-0.11002242738355114	-0.004800935888266068	0.16088908385137962	-0.007528757106321261	-0.060143639064673515	-0.0007417903883674241	0.0003799010320777174	0.0004374582494197088	0.09663738502817057
-0.1470486219205886	-0.0013030328399816684	0.017753607273499283	0.015603583215210777	0.2977381292748061	0.143141146979617	0.11339954194362117	0.05141901483428128	0.057458514691873006	0.005636161517517446	0.10301080955602142	-0.02550397684513825	0.08831783628570089	0.06948140971182658	-0.07615790708529942	-0.06689192495962562	-0.03691963598622481	0.13256175324012903	-0.08587804067545533	-0.13268598459834205	0.05005999878420156	-0.12122650054122724	-0.06470629932492657	0.09937269206407964	-0.07375684896928277	-0.06092649698192768	0.1305652164401446	0.1220161109152037	-0.09562421664984813	0.023662679768718775	0.0977556883088705	-0.030488334426737596	-0.11318393270217908	0.032387383824288615	0.20021850508348069	0.12309096259042943	0.06732788028103932	0.12368728630812414	-0.019552938608376855	0.10975986734416965	0.07188707660440796	-0.10823960916419229	-0.05741192952057805	0.07070189508914021	-0.08028359815478026	0.05290393180672267	-0.1390458826214608	0.0985451167692445	0.07492293073011179	0.0038490208462982275	0.1399047065109944	0.16775312544822202	-0.01757829759943344	-0.08657787324532074	-0.09652774109623383	-0.1031271125066668	0.1507312290831314	0.16963283038310067	0.0025857036727480742	-0.0932144339026835	0.08255339019237684	-0.12775036937202466	0.024499915674116565	-0.04245833387251616	0.1039237839526988	0.1092108528969248	-0.09354150623396135	0.13439397532688288	-0.07510585185400212	-0.07752335633213303	0.1076408654231363	-0.040072489539718925	0.13988780140381096	-0.009541931902645125	0.15017371410843794	0.04782950270356776	0.11791759703017615	0.03348075094477505	-0.1457039291845939	0.025269188317423114	0.16289415051624453	0.18704343271359292	0.1015454306594333	-0.03357946226024168	0.08070452367225125	-0.017269742780136946	-0.1885156504803014	-0.08534657159754512	0.008814738829390018	-0.1796739910900757	-0.000402312285860712	0.11153831470111705	-0.0007485604726782183	-0.13188942674289986	0.009890187632792494	0.04792447149005176	0.0004226511824991473	-0.0003377108429049036	-0.0007353971269445647	-0.06786220100519967
-0.17062316686208995	-0.0010678061496822086	0.016350499246466643	0.01617013908418906	0.29199759366506656	0.14014514530187994	0.09404834850192706	0.049709042370544895	0.043233459334864485	0.024914190539479977	0.04335879903249042	0.04894973978705486	0.08366907982866974	0.09921490086001192	-0.024386476543581136	0.06251125977231851	-0.05795372478203018	0.05657919653890888	-0.09302212197716535	-0.14718632194645578	-0.025519614717082903	0.014111817537858826	-0.08142948470237593	0.020358527381029348	-0.1306410720683284	0.04012429150854473	0.1357322444502627	0.04359793859002499	-0.14751658703743792	0.14443005229597916	-0.00814409613598406	-0.12771479161705562	0.0063966252088722	-0.05447978001905951	0.09487345029280393	0.021441052868096208	0.13178759861736786	0.0546182936814934	0.1309788223529807	-0.01666166220306567	0.15476377760011684	-0.09264899904446172	0.12368456904159683	-0.09087940471897095	-0.15415679862974144	0.14105962849722364	-0.025852522394038784	0.10113676356526982	-0.11777243553559058	0.1270458172590963	0.007713875029611868	-0.0008510895146841904	-0.11545733665148467	0.12315920575981126	-0.07981359856845155	-0.09472498934873907	-0.040815150734201194	-0.02867740565583643	0.0983786962312512	-0.061917464147838525	-0.12697254134050862	0.011316135124497029	-0.1352105954880856	-0.09583395799651602	-0.13361367797799759	-0.1905704569976366	0.02200617070653152	-0.08492405321998636	-0.07214598424013124	-0.06051927516806792	-0.10183582439040399	-0.05555045160124947	-0.1538319319505102	-0.08396888079595011	-0.1293665634541123	0.05731154556100744	-0.13982960028446503	0.048098352622574066	0.12983443846839354	0.024218197633415928	-0.21064416164384828	-0.2055697182789893	-0.07921327874424428	0.07388225215693148	-0.012732121195753898	-0.017377566265120208	0.1699304652380564	0.0795052617760229	-0.05171858138026905	0.21975597874067615	-0.018356077532601794	-0.11375716845172291	0.006323313570012951	0.11004922825184346	-0.012877165345883138	-0.03904292068840295	-0.00014253464099429295	0.0003349221133242264	0.0011212877916637054	0.048704006631654764
-0.20847301678859947	-0.0008796828086823638	0.015397153091779761	0.017081905159407204	0.29073433966962625	0.13902929592661026	0.07246385614906803	0.04651495559011909	0.027299604478385857	0.042223954543962855	-0.02018570300016903	0.11748317163873628	0.06768973252124032	0.11315968107652778	0.031742880028376254	0.1783340345771572	-0.06500700505844359	-0.03579149153124201	-0.07070778943917237	-0.10907626398592785	-0.09133120010416552	0.14329561768504515	-0.06111169632448661	-0.06919561557318696	-0.11717932998018135	0.11720708297435671	0.05493371666270393	-0.06518933494362135	-0.0934465994123531	0.14857107507448084	-0.10741951063000801	-0.11058480679466672	0.12008742331017097	-0.08652831835105328	-0.10890708554599413	-0.10439827299405444	0.045146067212747866	-0.08171243393318661	0.11578732103512046	-0.12068809542030066	0.02213359684538671	0.05981561173114609	0.11929820272376397	-0.10818822496249214	0.02347666485791164	-0.013196740577491407	0.13273616724569764	-0.08306200578038837	-0.0898115582345888	-0.0014715802040434767	-0.13982877229089127	-0.16766897006067524	0.03170279633572062	0.059777503054444084	0.11664626044513121	0.13553418451682364	-0.1352482243286077	-0.1563121880129176	-0.051711630396987646	0.12939061610681424	-0.003458536795401257	0.11988182799354191	0.07705427845353743	0.12113466754048269	0.010802627991086222	0.06880068925306217	0.07223164410517965	-0.04560293865148464	0.15304408065766073	0.14782446493670534	0.011090558271559721	0.10945720487448274	0.05679291358328952	0.12278338049782732	0.02606717026078542	-0.12990775263067356	0.08608131422354318	-0.10629730641602333	-0.053870611338479105	-0.06399108990795234	0.1757005936414862	0.15442602041697984	0.030934062908428206	-0.0951494850698825	-0.058334419366594226	0.048479301188167595	-0.1172960928048277	-0.06050490965607577	0.0870438360853403	-0.23319094458514988	0.03532217871009795	0.10591887899717253	-0.01151252834931904	-0.0837600096158204	0.01545900082845264	0.02918263909804051	-0.00013792156657185112	-0.00033948855394481947	-0.0015350832006334747	-0.031835005490197084
-0.22273443809555155	-0.0005572301284124392	0.01183696495738934	0.014996383467574745	0.23670832672574096	0.11241567764261354	0.034896694474534515	0.03277730956814498	0.0049137825435810085	0.04788767427151602	-0.07794521967236397	0.14868509464546614	0.02922143506696749	0.08682518545963679	0.07595225017483503	0.22031551518556647	-0.043583630039737975	-0.11075091813821004	-0.012085283338424502	-0.010510133234617844	-0.10420906821655661	0.18178197694043677	-0.0009675173251269958	-0.10930724987611076	-0.017557766801337388	0.1012089212929558	-0.07146863398712373	-0.11573735390906534	0.04613846214167103	0.003500988836019082	-0.09817870035181867	0.027328018302055557	0.09957154561038585	-0.014480352981847008	-0.1782571412001664	-0.09191024479305174	-0.10214313958708893	-0.10133316281715693	-0.06869472652952739	-0.03874338740419421	-0.14567358545999642	0.11213970613191379	-0.08747262930218327	0.06754644579045593	0.158187429959179	-0.14217710156285907	0.03212450151839938	-0.09750500575026037	0.12409478073018462	-0.1267837273097924	0.018429971288435647	0.05042977776733736	0.10533940492792139	-0.14793230679809463	0.027453063558864236	0.021681316056976128	0.11873960911249332	0.1320488198195929	-0.062378630275961855	-0.039146813349837106	0.12980765297333013	-0.11826900939624027	0.06217116001433172	-0.02745440767559862	0.12221196860480266	0.11276289096421725	-0.10616851544627365	0.1415788134903535	-0.12330651045127068	-0.14029227574334	0.08672244939146169	-0.10270867606639786	0.07004210239807682	-0.10578379477092598	0.08872389576132339	0.15430245549351718	-0.002697389190881999	0.1337469831069823	-0.036424916068211535	0.09068999826221498	-0.10636179542418076	-0.08133878344982816	0.02138963443986433	0.11062849525416306	0.12670567711128736	-0.07923114153832181	0.0642444969433271	0.04339852416798108	-0.1267455832005039	0.2642451092860816	-0.05579132928238566	-0.10956276895665303	0.0182656435697663	0.07056974568157527	-0.020597016371928095	-0.024334365181217628	0.0004451940355228341	0.0004183266441081107	0.002289207505405344	0.02272790198093324
-0.22906858105419792	-0.00019290486901801795	0.007190748598558519	0.011442599105588917	0.15808284489567395	0.07390391023787557	-0.007660788459867373	0.014152159265422279	-0.01825225635829901	0.04405727125438311	-0.11941181771873632	0.14417247102156355	-0.016688915804889747	0.036319175060474815	0.09753096556415645	0.188159981718583	-0.006448473917804107	-0.1404236491565446	0.05180565961721939	0.09306614857771273	-0.06477170106728534	0.11930998665132656	0.05973215251299408	-0.07979295173886491	0.09361195851098107	0.012684425002459906	-0.1440834756541902	-0.07186355730490063	0.1470795858185712	-0.14481363899723534	0.0026286475951100147	0.1375121623866758	-0.024500422730984878	0.07386490305234063	-0.0413990718373462	0.03523017947621674	-0.12013876748486188	0.015921240229740174	-0.15806727497563824	0.09989706792362063	-0.09325937158477302	-0.014577964703693817	-0.15263395572361288	0.1279947286027123	0.01595069555816477	-0.00986948036450197	-0.128726729181763	0.07976298025481182	0.09070035015086444	0.014218815899899429	0.13781230198661604	0.1566684198970598	-0.05715191460869254	-0.009944444226059397	-0.1268402754121971	-0.14553737697684285	0.07604454227437726	0.07922790122937023	0.09029978347769813	-0.10185001069753122	-0.09288278359391089	-0.02354052710807055	-0.13116420366774786	-0.09532144333834183	-0.13031360544688106	-0.18758001254715725	0.04323881436673879	-0.11930679118386153	-0.0051328084108413635	0.03187424281501708	-0.12254335201622751	0.031078669218441046	-0.15469771149399675	0.0324933203073118	-0.1575199287486967	-0.10947677297941544	-0.08182438311129546	-0.11213371351170123	0.11420494479218704	-0.09182635992709959	0.00795236750376342	-0.009614948121586715	-0.06925780425140152	-0.11079753787493017	-0.17939560400796825	0.10326613985513661	-0.005981715977630253	-0.024284731996996833	0.1629898755985855	-0.29477054158107224	0.07746648419379419	0.11658640001306164	-0.026083380512050808	-0.06294241447824706	0.027543333386681135	0.021778104577519913	-0.0008044978293946792	-0.0005562396703634176	-0.003373304458262699	-0.017399506754669204
-0.26215510137902653	0.00015652153534362334	0.002980503547916999	0.008512099595114057	0.08711730296793337	0.03883146035292506	-0.05029009632462976	-0.004426771219120483	-0.04130142628001511	0.03820552848789389	-0.15411349427861737	0.12699800794474586	-0.060891998270378944	-0.0187635796790251	0.10491106183621143	0.12135940179577545	0.03202873184755042	-0.134073855969909	0.10100659668564167	0.16645932431221686	-0.0026873258922567866	0.008755694255078321	0.09523906387523803	-0.01161129521607178	0.15747530100879886	-0.08299690120143441	-0.13021586228057608	0.019688117078508455	0.14724381464612027	-0.18098868234787566	0.10138493171939081	0.1291219212925694	-0.12682487125338565	0.09033239085018237	0.13704118290144304	0.12379143115720634	-0.004368358162456953	0.11409618055247805	-0.05267791454246855	0.10757372294709798	0.0859285741511318	-0.12024188694413623	0.0060458336712485156	-0.010511192513539994	-0.1517812647863558	0.13907202303165675	-0.06780596714169096	0.11235789141298347	-0.10962439678448661	0.12752076243185825	-0.012508756607696321	-0.06073192539738506	-0.10024069530864803	0.149766913398946	0.00031821820882250995	0.0232890798469686	-0.14506794835405196	-0.1662259632238114	0.020277856006539308	0.09528069850461726	-0.07502474987944223	0.1338579298747064	0.03199945028671908	0.10255275329348514	-0.014635379723236128	0.05624226759717428	0.0657299962106086	-0.020791107095448097	0.12868139809811363	0.10432188167128179	0.052093217516868115	0.06491957257450812	0.12262166004824507	0.06303915176408106	0.12065399991147724	-0.0011422954911521413	0.11936168124949144	0.03229923041787351	-0.1353421147489338	0.05308752247989884	0.09384235696548049	0.09699159548198685	0.09214596759154028	0.07875007298755603	0.18254719033604833	-0.10281119848401082	-0.05367775521359809	0.0003471777098614917	-0.16995188780679407	0.27978951389152207	-0.08901196592399757	-0.1094411905957205	0.0314468572083903	0.05068570090900765	-0.03271079150154005	-0.017954575719335022	0.0011352379397904303	0.0006879444471553364	0.004429620199985329	0.012312620358426828
-0.29204442898928595	0.0004978480708574262	-0.0014334707360552767	0.004947339091608022	0.009136360288398777	0.0005575217767256474	-0.08690431735750909	-0.022449179009178383	-0.05875894367242693	0.02567304244159005	-0.16020624058873187	0.08228940000716116	-0.09101179800443418	-0.06906165942118904	0.0834863504257336	0.01656011111086052	0.05970897548519671	-0.07603712799893084	0.1085379385749129	0.16439610770829177	0.06068327600426626	-0.10645651018225517	0.07829348506066712	0.06369481522181433	0.12144750152773395	-0.12114433541173365	-0.021393787672480166	0.09563826895433988	0.027526607752933686	-0.05366666860039283	0.10795627231665927	-0.0072625330498213335	-0.10021636635614006	0.00724625328959326	0.16015806053969087	0.06082655070414278	0.11682935547715097	0.060825693069343656	0.12441288891457189	-0.0396526492803011	0.13722467070455002	-0.03674118569688245	0.15507946011368862	-0.13132281210983962	-0.057332263194591226	0.03568552391699012	0.11867759610929643	-0.07333281303924732	-0.09405015527333918	-0.02405681852413738	-0.13673632817700188	-0.14484141842376383	0.07902410516655323	-0.03700284376721373	0.12672955765134403	0.13533725028623023	-0.007107376991777512	0.013918655383307443	-0.10236950464756003	0.037047121552956475	0.14680984610105613	-0.08236783043407489	0.10406248929393656	0.0012983529723785692	0.144283137099071	0.1296527374351726	-0.11318998968218438	0.14303767981258103	-0.14621537456555875	-0.1630582993795798	0.05681360598347685	-0.11838907525242803	-0.013834029606229412	-0.12355171048173745	-0.01841757893741025	0.11122220405353275	-0.10375584972230287	0.06013934751749711	0.10680979810197536	0.0018569304837499773	-0.16779281030553098	-0.1607944154100271	-0.09368409188959534	-0.03396197039817223	-0.1588357207219639	0.09123515034812546	0.10772737504718011	0.023614557537496594	0.1683018241696659	-0.2577029999222069	0.10039913353383613	0.10311160495287325	-0.03790753250163641	-0.0412386959836462	0.039984805926920886	0.015402112730514839	-0.001572098337325481	-0.0009007044441088491	-0.006020802974770423	-0.008984759848588833
-0.3701225438709054	0.0009016304252870144	-0.006003473763642908	0.0018906105509679527	-0.06796134687216422	-0.037663588796920375	-0.12852361977963175	-0.04162734403614241	-0.0786734290508688	0.013200567968055327	-0.16494769973509485	0.034321564203062094	-0.11620948079348795	-0.11398693603370283	0.05393313470970561	-0.09048983319367015	0.0778416584538321	-0.00216109668292185	0.0905256894054468	0.11694288023006594	0.10576234837769172	-0.18389945546121717	0.032101785758720455	0.11120585795958317	0.02990262978516449	-0.09678074626997257	0.09923781400673826	0.11274863467508439	-0.10972418927514437	0.11262563002078997	0.035497570012249575	-0.1377348095137817	0.010515881077493933	-0.08254180161352169	0.030130875418210912	-0.06581417817147964	0.11357903098253203	-0.062403343783777654	0.1542077499885893	-0.13680684258744458	0.008598659907563935	0.09805020821335757	0.08416310502681551	-0.05433911418656362	0.1259909029003229	-0.12612418942368026	0.10642425640426678	-0.1295493120385265	0.09008473342512177	-0.1299277084982756	4.070801817545157e-5	0.06327248718239421	0.09700102915663955	-0.14472460138239568	-0.02195469469279017	-0.058582078269205674	0.14718598399037558	0.16089288753990066	0.022514238623234928	-0.11391263319770709	-0.004485922352521321	-0.08328416981557402	-0.10169450437165428	-0.10351304863614896	-0.09751639665371735	-0.16680480820325286	0.03467169651659921	-0.11712515301524468	0.017379830555034517	0.07182876065103307	-0.11371159994938802	0.07332338961286355	-0.10605951080813408	0.09353457056418658	-0.09706111955677005	-0.14909691652150447	0.02356941852629464	-0.11845307081407896	-0.020152348661949718	-0.05590548315195336	0.16222389379293492	0.157023221338628	0.05691490139908642	-0.022338782304039517	0.08360468290496091	-0.053623237765996104	-0.13142905237786692	-0.041747018302957094	-0.12830008265584497	0.18340672901893046	-0.0938169280513248	-0.07927901290818522	0.03897357817748131	0.026770185264610363	-0.042748479721751775	-0.011210751429163057	0.0018773389843010427	0.0010599819987678685	0.007272093590119863	0.005348388355266475
-0.37496148770818716	0.001091337232462991	-0.009048376367759271	-0.0016580458465621506	-0.12696702475184804	-0.06578603257172312	-0.13090592786378938	-0.047842759066010335	-0.07332833180625231	-0.0040313135073887785	-0.10844113728078207	-0.02746035981283706	-0.09295183778581331	-0.10868041013720356	-0.0004426136227825908	-0.15240423789272367	0.05527990909459297	0.07294933852868145	0.018358649304181622	-0.005235052539369595	0.08058250285081292	-0.12936346883534117	-0.037730564469574256	0.06983428802972011	-0.08616273658655152	0.012642246967088641	0.12907768635091454	0.01957777816969171	-0.13726704177617985	0.15626439342114848	-0.07582881360347149	-0.10610028178733368	0.1086048388859589	-0.06603553598822862	-0.13964161400300296	-0.09967493910084568	-0.05187296397186948	-0.09121417713973803	-0.054527706021806954	-0.011560550229268773	-0.13442179143715294	0.06038274935618115	-0.13666358013067256	0.12420762316352443	0.06828807104174642	-0.03567901397989383	-0.12266617547533525	0.08997381460405444	0.0800757385583791	0.05820579667539893	0.1367252678080788	0.12077108027204407	-0.11820079146796214	0.10924232903819638	-0.11501425428626871	-0.09880187458198635	-0.09016613285431173	-0.13395173553332493	0.08478815388837488	0.061579399378321784	-0.14275245196502417	0.16372664424716954	0.0009498477002501393	0.112825709112709	-0.03309625042567868	0.0731222215900015	0.06985375495410527	0.012396588596512437	0.12254701874631466	0.05939678749344387	0.10777870784294089	0.006161506038762116	0.17929606153236027	-0.028924226956802985	0.1779745167836119	0.14428301723420212	0.06273434591918395	0.15253762244228422	-0.07015891777811403	0.10326886553291423	-0.1386431136783516	-0.14424394340593552	-0.017526733805610623	0.07917335677526774	-0.011594564557448124	0.020167778897279685	0.16579916293364128	0.06472348029415867	0.10561997512486182	-0.13850808717605362	0.10448801132529506	0.07075797175723594	-0.048636140064532526	-0.018756402919779598	0.056202769930304486	0.009894676404086908	-0.0027066591143511953	-0.0015409690678629719	-0.010751773254415925	-0.0034692085298378495
-0.3303341124201618	0.0010939046342760828	-0.010391443230806562	-0.004884642093024416	-0.16054677631539493	-0.08060827255346048	-0.10195777301092224	-0.04231538676320143	-0.04927612457177338	-0.0200756055496005	-0.018820621260707174	-0.0800008946694735	-0.03706708602240913	-0.06264851850670766	-0.05464384294791625	-0.1483524733788098	0.007464621213813544	0.11120293447660727	-0.06358017167192768	-0.12441314203393065	0.007185719963635456	0.009480570042977133	-0.08226557212273615	-0.022747291200878872	-0.1372564990919539	0.11178793755068885	0.04933886075708571	-0.09145117139671106	-0.03661654524439199	0.04003170140504422	-0.10912850245757366	0.043411049839727656	0.08328069667754205	0.031153547034547424	-0.1344243796607425	0.0004046636811840948	-0.14666667944374984	0.011968901987493327	-0.18251542476955981	0.13171671839578802	-0.061281439704425955	-0.0795083958577293	-0.12308027742606013	0.07879496194599236	-0.11554886676675272	0.12377284177963577	-0.10991733906408341	0.12392607515558382	-0.09722515218268712	0.11846837424275744	-0.028171326715609048	-0.1012512503228055	-0.05705806886039527	0.09740115765282378	0.07574205837433196	0.11368456298323315	-0.09354308887382731	-0.06979378768792319	-0.08313308469456113	0.06465810309980904	0.12418645533790765	-0.06585895808646844	0.10077631409751078	-0.01343694897335454	0.13306945268174072	0.08273708691668119	-0.11737490355699906	0.10149151723851486	-0.17618538490794733	-0.15363127112128813	-0.03518464143992369	-0.08234771034647365	-0.16183251912489746	-0.048291250735814764	-0.18376961215429877	-0.08864269048835632	-0.12861809350806858	-0.14536059082364333	0.1431223975937174	-0.1314723308880546	0.09052453670673628	0.11367617338667384	-0.023823903954341287	-0.13267807414969626	-0.06073357934705888	0.013054586065707835	-0.20269242652841413	-0.09094115390448193	-0.09023338273534676	0.10667520396946586	-0.1274833882218595	-0.0712359682676727	0.06581874855611095	0.014028027328627395	-0.08000552759268029	-0.010463748482902671	0.0041130562378192265	0.0023880137406221084	0.01681699374613363	0.0025010136434479953
-0.3077344606606384	0.0011261493839268832	-0.011843880082255037	-0.008132565157702536	-0.19386174703513792	-0.09514300085877561	-0.06885699918380947	-0.034806023106513526	-0.02243944880487015	-0.03419295481770225	0.07280911834646416	-0.12150700837010765	0.024466838272952717	-0.005583031485665288	-0.09815208657934187	-0.10955211686898042	-0.04227820671009755	0.11535815831829603	-0.12430455691427011	-0.19700805013766498	-0.06908354030779612	0.14402889026324406	-0.08798220590580706	-0.10316587939334917	-0.11211114210353762	0.142259354346646	-0.06248646316637578	-0.13722472797621113	0.09095775345856774	-0.10920617463939329	-0.0518102968229051	0.1533146881973703	-0.020139337900414292	0.09646625272872461	0.012547073315568369	0.10002085985260059	-0.07080874408083562	0.10020916812964636	-0.07647271407955675	0.0957154285988186	0.09823336585430764	-0.10058841551016004	0.07716988176265051	-0.09304407405811403	-0.10890563140200218	0.06841813323841431	0.09770579137462759	-0.07310644690112586	-0.09071567832574509	-0.0580007602429733	-0.13652416178023138	-0.10903989545284375	0.1261499930861593	-0.13209167185060963	0.09463575172017469	0.0579777504088331	0.12723979128627802	0.16755619422361107	-0.04186339476781037	-0.10045489786241552	0.06328413198540243	-0.11681394131949824	-0.07835252217075281	-0.10156624978321713	-0.08342272197547226	-0.1518118795933955	0.045800551291213965	-0.12023306467796684	0.07077549311233136	0.12167521460626352	-0.0661590523171688	0.09809251955529107	0.030362071986373543	0.09487049944294196	0.07550253805445119	-0.015828753665930735	0.12709223745535692	0.06999375462055657	-0.15227174131593033	0.10917185736919918	-0.00840564772470438	-0.046512726448837985	0.05777538515030714	0.1542518633201102	0.1193337634139074	-0.04383510169749055	0.20241417592352293	0.10365142310919916	0.063156822810742	-0.06371878555545699	0.14019626860219275	0.0666258397547963	-0.08010609530449525	-0.00897076437918469	0.10264984205390389	0.010948215439180953	-0.00557950186257701	-0.0033280557031133864	-0.02358632263441797	-0.0016928453173223222
-0.23507227720881002	0.0009306480282399721	-0.010704412879357694	-0.009550677262112391	-0.18239206640698313	-0.08751598618378484	-0.01715843763080105	-0.017683143483567372	0.010812027247395203	-0.037185681087394895	0.1399662133484636	-0.11838446954930085	0.07666010386730414	0.05374628055952109	-0.09994086422223289	-0.019964050649225303	-0.0714067083516659	0.05768186501973256	-0.11504194140433016	-0.15065197554479598	-0.10189150723360146	0.18028156341652654	-0.03200301754885454	-0.1047590568871076	0.0010206180745432336	0.05270791420441539	-0.11934286828060582	-0.053606538408074084	0.1307892257775674	-0.14335818516029913	0.06041345556383351	0.08817105640254223	-0.10005460764771054	0.040948582402190695	0.14340944293208768	0.06215549136576429	0.10367854830169893	0.040356925447327816	0.1451672407179591	-0.09251703926542196	0.09675981614660142	0.05171439417559795	0.14268212354123555	-0.09425308979486988	0.10224556891701193	-0.12136824462356421	0.10969448417330255	-0.11710847481472486	0.10810450404465079	-0.10526546530746317	0.060459670826179694	0.13889468206362263	0.010548855822380711	-0.03611667723973417	-0.12290997895407155	-0.14780238673018428	0.013930274301050427	-0.049312895140280824	0.11435070044561495	0.018780862935314988	-0.17919779674834002	0.17586087831006195	-0.02262529433849557	0.12183979754182586	-0.04088823321835261	0.09646847862412856	0.061740739574320205	0.053835323322035514	0.08229237289464411	-0.017684794702852412	0.12861821327276854	-0.06433849540315181	0.11553371526376824	-0.10302328060263981	0.06230989849148247	0.11521106760881766	-0.08810688634752506	0.022153651468681673	0.12845319286743723	-0.06997408090913787	-0.07494238331298325	-0.024956174380843972	-0.08703476015430871	-0.17408251538140498	-0.1783311331633537	0.07647049730830499	-0.21144198532754696	-0.12474035935742196	-0.042384041645747925	0.028732905912035485	-0.1737572543898261	-0.07253844692323702	0.10924316552432074	0.005760753031536024	-0.14735202315388643	-0.013855287721625628	0.008407142786531097	0.005161039867856869	0.036753039785311706	0.0013812711089339546
-0.17454254800918384	0.0007463685823388133	-0.009516277341478321	-0.01086654482318675	-0.16787264153897535	-0.07825781806828164	0.03549757133329037	0.0005345017093765989	0.043289588877568376	-0.03604871943259856	0.19007149491518968	-0.0971490720785855	0.11601467397828885	0.10279980965352217	-0.08066643824128433	0.07460108372713896	-0.08102011396666493	-0.018550887137312497	-0.06566007004443347	-0.0456177263586163	-0.09243287988994454	0.13213015739559486	0.039559660918245435	-0.04875861651638423	0.11357009364599618	-0.07001777673789106	-0.09678844520075813	0.06907077156876211	0.07248140823979624	-0.05715415439191035	0.12156068506160689	-0.05874760943073987	-0.0846363867905908	-0.05708492633365703	0.12088119093834097	-0.047824940016603534	0.15596973822502502	-0.07048796324858861	0.17847858187019966	-0.15343093720360435	-0.04255227680988867	0.1259598424262549	-0.010351621686277096	0.05718734983575828	0.14330583545042713	-0.09869200293720132	-0.07444928220785715	0.05893202002703177	0.1009169069141623	0.0594050904925539	0.13518133737598692	0.09085390150135253	-0.1277786237567872	0.1411086202114553	-0.059714210142969834	-0.0026743021199639207	-0.13297068723254185	-0.14306969560622973	-0.01890364611712357	0.08887990092060782	0.054087361231444794	-0.011105912679217329	0.09607119848950299	-0.002365435129603466	0.11984174125004271	0.05860862642050717	-0.10756676410768926	0.06222072824567372	-0.16231252183550954	-0.10056512628155134	-0.08792097197619235	-0.015668876776177496	-0.18178020542064788	0.04737026169825107	-0.16238691956879145	-0.1528627987431156	0.004272035699496177	-0.10424249452581422	-0.04929707384198555	0.004950996487252671	0.1312721375108694	0.08876708331764133	0.09057489131476021	0.1546413492120575	0.1997070229495557	-0.09595468140118765	0.18488047285587406	0.12918176019214414	0.01675909267404005	0.008816041591307819	0.19592220242414218	0.0743631662074173	-0.13522126942142917	-0.0025025043278964487	0.19214144144613343	0.016859153401809653	-0.011484232520882612	-0.007272797274234417	-0.05201249098916151	-0.0011788950189809617
-0.1583821098478555	0.0007222970575549437	-0.010212794260087407	-0.014267552697361706	-0.18455585376191125	-0.08339543827753412	0.0933643156853518	0.018827341448995255	0.0814386353544434	-0.03821150764941041	0.2555276416209901	-0.0807314341793679	0.15944322970829344	0.153025371479466	-0.06073337372023313	0.1656816153520223	-0.08490513095087378	-0.09257400951102517	-0.006682360112682681	0.06794262115530118	-0.06335741703490665	0.04888663311401148	0.09987369050430037	0.02416986478655167	0.18433374219370877	-0.1628594464371478	-0.029439459001584956	0.15541448337829702	-0.025529585418871112	0.06545456030388641	0.10456168647501154	-0.16308205837495826	-0.005722011128534807	-0.10741358681913873	-0.006451956365504274	-0.11200607180750241	0.05603231928164777	-0.10654866895907295	0.016404063385671783	-0.034282619156308154	-0.12986754925519703	0.035600764409869895	-0.14962695674396304	0.12759456891459234	-0.02499819218283915	0.07675651340949183	-0.14056140675844575	0.13618055224900555	-0.07813660129139512	0.11650792978337535	-0.03607546448408882	-0.13238427227775	-0.01670809033602874	0.029474705670487517	0.1277785507893201	0.14826124307581054	0.013834927746985783	0.09136994268878224	-0.10813484648131591	-0.05555287683382633	0.1547291505837913	-0.1700324883982539	-0.03314826556885414	-0.12030125352949307	-0.04157548182702486	-0.14121972276220893	0.024078270704448512	-0.10827827397106982	0.06537103031052446	0.11735429757829974	-0.04110408967156433	0.08123741066558186	0.08587970353274293	0.04721758357271026	0.1312227694695851	0.07764125343332536	0.08260291015387876	0.11788279123391363	-0.06108337793137243	0.06290238118340863	-0.11368092902480906	-0.10735566292271936	-0.04899992899262867	-0.06898510357377101	-0.13849289956299293	0.0794971885124891	-0.08974514754103732	-0.09021173433105596	0.014179707279889906	-0.04379251285785743	-0.16554519006665205	-0.05693180532085599	0.12989449497359198	-0.001283685580167112	-0.1981183514743457	-0.016565272928156634	0.012575461321094966	0.00830398596394865	0.05969625678936502	0.0008308835999992324
-0.11990850190812072	0.0005678976421245041	-0.008896981779273644	-0.014769408855266682	-0.1626273441018534	-0.07092562766253305	0.12804927392628418	0.032330437830024636	0.09808197751322155	-0.02877521805052253	0.2406659459651943	-0.03642158892423472	0.1454771566866375	0.1445375373484963	-0.016309567599838953	0.183564838922699	-0.049242316989243376	-0.11899585476892299	0.05591203944752171	0.14196115379108085	0.004195833488124967	-0.06665495404900684	0.09233037655688728	0.07915788496526308	0.11444797596153253	-0.12184834112564172	0.06316546757183722	0.09860288009238488	-0.09946986488269369	0.12051147072866213	-0.02096637485167645	-0.08477236330931869	0.07974583005533557	-0.025541124756750064	-0.12564213698243126	-0.024673245412612926	-0.12073095251893191	0.012529202890051619	-0.1701094778794961	0.13864336752372156	-0.007182224975362667	-0.11534678461482964	-0.030916701927616048	-0.033207640961985564	-0.14690441071100843	0.10306287731142288	0.07170577912201069	-0.06866303879216065	-0.0932494432407503	-0.08338642081600152	-0.12743580082275804	-0.048037231147278314	0.1335743727968163	-0.15414101162730753	-0.0011871413438625592	-0.08134015883003734	0.12461588343109775	0.0801114984119168	0.09718277578097612	-0.043948058120819505	-0.18521666119179	0.16751638486679876	-0.06373078267039001	0.1281419186442656	-0.07480758291479428	0.10501502412169596	0.07884364912899997	0.07530157802964639	0.07701426837066097	-0.06210896876163677	0.1450744718537575	-0.10404153167620121	0.05269524651439805	-0.12165105996504827	-0.045848497674010225	0.024235372992081734	-0.14333059475377236	-0.10069168374314286	0.15690729295211006	-0.11964869832214936	0.07698823487253438	0.11366660541263775	0.002377388332807373	-0.018954524781667523	0.07472071550111253	-0.06467065101256822	-0.0032204740895521167	0.056567446822890124	-0.04622470116065791	0.08329232367840395	0.1561771048083275	0.047251066293241245	-0.14581542569860484	0.005306227712252105	0.24234904365976656	0.019575824804893206	-0.01646051157836248	-0.011382177032050703	-0.08227029321310118	-0.0007084983954930422
-0.07955621306047803	0.00038213832591108	-0.006942136650657349	-0.014119477281233014	-0.1270381329888421	-0.05236206017402667	0.14697397929054018	0.041656786491857584	0.10110582874225602	-0.014207297776911921	0.18029256782925143	0.015911185935384112	0.0973596238189876	0.09869111498233513	0.032648883508524684	0.14333497162499856	0.003191160031713002	-0.09913036771053693	0.09524618524822562	0.15113550798131928	0.06972627767282882	-0.14650558500399033	0.0336159650565819	0.08530141996156551	-0.028432796596201668	0.004051715203088224	0.10949032489223251	-0.036687274409714934	-0.09207946462149644	0.06628533073376107	-0.12735782488214206	0.07786363529267862	0.0838654437812772	0.0845684035500224	-0.10199248781894031	0.09294637465959214	-0.1470773819438001	0.11493295330595299	-0.12449146805040141	0.1114455997875436	0.12621770386858133	-0.08443022601226316	0.13722866854225688	-0.13799357535553458	-0.014543727518894392	-0.05798268969734274	0.15093955939436918	-0.1398717068326426	0.0756109122698944	-0.10978531181864454	0.047479625695544765	0.14190587149549982	-0.012901144665070766	0.01937887565186798	-0.12736138679573272	-0.1123535679235272	-0.07348579150302584	-0.13653943897243132	0.04995262216716387	0.08559567738196315	-0.020954173108063814	0.036911984613728716	0.0873458751710422	0.0023724511382343383	0.11323935319322587	0.03269387601968676	-0.10825898801987549	0.022067913085121738	-0.1562184759569774	-0.039037061017911365	-0.14245044055802764	0.05904937500270521	-0.158487226893043	0.12892651029018634	-0.06420737156683956	-0.1147571196971708	0.1407411421514586	0.04455734888295143	-0.1956922244302501	0.1402861850625073	-0.017719399892539952	-0.09274548523506243	0.04478773466535224	0.10389338818923682	-0.0002122883477058135	0.043073201491555455	0.09586070551270784	-0.01917962300455475	0.07608780611538098	-0.12096603251491314	-0.1470734654169785	-0.038086518527181354	0.16733018306589167	-0.009641337249014816	-0.30302826696675883	-0.02404017995944486	0.021941412850552927	0.015840959569355675	0.11506391634500818	0.0006897916329923067
-0.05840205439766273	0.00027347994942569787	-0.006272677591977249	-0.015996906974656902	-0.113424343612832	-0.04275582657162211	0.18557898684866375	0.05630660467127226	0.11607277195953031	-0.0007567506408659996	0.13215666037986543	0.06882795540594952	0.05140621154577573	0.052697949383344295	0.08091997847269489	0.09456265164698247	0.055357883830732584	-0.06617968957069736	0.11943311930782952	0.13011431822506872	0.11956022764476357	-0.1855579981029658	-0.035090269500198445	0.060730599495250503	-0.1604858524737106	0.12817025580799116	0.10373096231197307	-0.15220583647691738	-0.03306393017130847	-0.03101593724777736	-0.15023492143777892	0.18305532885020734	0.02398642296779086	0.12291571644929189	0.011399890370419531	0.1203584991271688	-0.027978729457479243	0.09391736491229424	0.059015535295045836	-0.04797788954593163	0.1037590188526651	0.057908026554872066	0.12121388581282116	-0.04546717695688916	0.13925221994027934	-0.1285255022086414	-0.011071041395496882	0.025199245364279747	0.11472809926743452	0.06402437050983384	0.1353883268190845	0.05637703896707624	-0.1340299686441464	0.15297909430850729	0.013212504430714408	0.1020657808080776	-0.10832445457200388	-0.038214375977107716	-0.11425187348536128	0.007431658043159151	0.19496620230514494	-0.1873635395434096	0.011896942381229167	-0.12971560223965	-0.004572425261609947	-0.1304001422203402	0.00892287495338323	-0.09489534733347495	0.06711843768215583	0.10130147954645943	-0.0014473081562546572	0.03959563238414644	0.12495201543798072	-0.03189557965398558	0.12319832364545966	0.12202166138202362	-0.03981039077268511	0.040260335638513625	0.11304950677800453	-0.08253549433461962	-0.05129908028034148	0.025770546521582772	-0.07022144038582236	-0.14568565828650856	-0.07438119592494928	-0.0058969813548103295	-0.154180801990633	-0.024406310503434725	-0.0828061644979863	0.12490147804463242	0.10042349082332039	0.01955046033242335	-0.15226312781601192	0.012066718281404706	0.3064013114358177	0.024111969504844937	-0.023910971972766787	-0.018150301998196783	-0.13258127896226807	-0.000594761192021544
-0.04523022050415693	0.00019138342558708277	-0.00610829877757002	-0.01906389495979504	-0.10756270294742763	-0.03598981531372092	0.22961530862742255	0.07226032177185973	0.13260532958364882	0.012713463399589994	0.07916256513867935	0.11706903194572754	0.0012164988405201256	0.0011123012107219742	0.11902028789381242	0.030259903123179624	0.09710471764305258	-0.01756849633304285	0.11212928242051559	0.06948273291771728	0.1299689108852196	-0.15352092254777455	-0.08969474571922426	0.007937968069349183	-0.21463036011010134	0.18252179630654977	0.037773051803145566	-0.1697709919604136	0.04794886990658366	-0.10491628531339715	-0.058876056755186576	0.134042734474078	-0.05670675286709724	0.04409896814814871	0.1135687125002803	0.018364878936447226	0.12171573274619846	-0.03777741066682509	0.17098069214518496	-0.14545730668963952	-0.05768238261787918	0.11776636653968992	-0.07015268632607785	0.11682871952338554	0.07324050693357137	0.014990216678782559	-0.15422853218743474	0.14506537145260265	-0.055025048135244364	0.11437754937468902	-0.038969522435011505	-0.14449168619001937	0.022192380239783316	-0.044558375102734665	0.12473136285413816	0.08284591110248153	0.10883546231478657	0.15226413561776508	0.0010428091272869366	-0.089543756502514	-0.09016011863981135	0.08343631698340835	-0.09565075568405305	0.09724289748612422	-0.10955567217209719	0.0821997550035305	0.10009147601273251	0.072117755841582	0.08726959006441884	-0.0732676390153626	0.14406114550428856	-0.10640679988777857	0.005354821690460337	-0.08760263065482649	-0.09709915950927714	-0.05352642852891104	-0.08477180791429775	-0.1033735285534394	0.02791169125707558	-0.01269760757053481	0.09745931123622677	0.051304509740966536	0.06893078506618129	0.1422191683600114	0.12695550938874922	-0.032795027351709416	0.17343388243484953	0.06265886146837248	0.07300069749908014	-0.10707028445128142	-0.038644394750350225	0.0017504634448659157	0.11984050053573328	-0.013364576826970643	-0.2838910402960585	-0.0223010670959368	0.024555954410736325	0.019896035669370427	0.14636955318275	0.0004961556468941641
-0.033897665225040965	0.00010949960391112845	-0.005849282000553402	-0.021718106718313507	-0.0987250614118381	-0.028159040940822083	0.2583254609360759	0.08294937607765863	0.13819452568819052	0.024632601364542386	0.015657672722090774	0.1461169838624987	-0.04919026445430037	-0.050698184594469266	0.13073338964239434	-0.04191793356158435	0.11125033463597005	0.03688686233837443	0.06449448446929242	-0.018972633601871194	0.08504120212445967	-0.04792798446019087	-0.09964156036154538	-0.04930563272560233	-0.1439741116660408	0.11999647553760544	-0.0537325669349152	-0.06177813513802971	0.09245776548849372	-0.08958590754194445	0.08290404076296912	-0.04075632722561427	-0.08274815080967629	-0.08098732286758331	0.0930213225168038	-0.10513737827830132	0.1266229738353045	-0.12132532314313388	0.0592571971730023	-0.041171403347944384	-0.1363212990709792	-0.0014202230546090239	-0.15329855213496185	0.08863345542460192	-0.11541242622132458	0.1321005395133481	-0.019938900018802885	-0.009229005067003547	-0.11931816418749538	-0.06680232891998134	-0.13409621340225636	-0.0358764906538426	0.13036076717774653	-0.1413668074422568	-0.0500169490351457	-0.13397125938278714	0.06235829576651311	-0.039059739188391715	0.11368629948178319	0.048736048466347805	-0.13492590351489792	0.12575924397989413	0.06405764892961893	0.04570104890193602	0.10335259525886158	0.05008282857443265	-0.11015132594307372	0.016392611264772317	-0.16514714049572343	-0.013040894869866197	-0.1727098021112269	0.09788626258063851	-0.13202864637424896	0.15380453691817395	0.013258824029323775	-0.04306255192277899	0.16713015699378217	0.12068298869386358	-0.15715408979779677	0.10338340603091309	-0.10955031295213032	-0.1131980059418436	-0.04802527853866556	-0.10822585334253032	-0.15413651220667707	0.06620602620012261	-0.16539359990024835	-0.09323503041655376	-0.05563715925875096	0.08086015050184459	-0.02524619988464639	-0.022971902176767096	-0.08526433252630648	0.014696826817588174	0.26465653313761284	0.020890085273869218	-0.02619834646429603	-0.022934249866533335	-0.1700944478694368	-0.00044220561224814794
-0.03191129833083647	5.347568371799616e-5	-0.006874531258724559	-0.02900697754369448	-0.11036155171947966	-0.026114043387051283	0.33051328312425265	0.10709249142373937	0.16486213765817395	0.039336462478837736	-0.04624578264515934	0.18555471200653284	-0.10238270139931285	-0.10417743071522968	0.14419171701434833	-0.11303963329927161	0.1199236784219781	0.08774216112135791	0.008821755883112665	-0.10429014055374922	0.023894994074896814	0.06936288226115413	-0.08339938662334768	-0.0904920635619256	-0.023443016603244535	0.008837575030827147	-0.12152629779193791	0.07738301905581005	0.08831020546550601	-0.019120637662262407	0.17317226957181556	-0.18688931352078092	-0.04849027404207746	-0.14013636086838976	-0.006174944755586012	-0.1302173585471124	0.01066867718288099	-0.07876342073088026	-0.11606204290118267	0.11054631580566479	-0.051315073012245915	-0.1187814181988685	-0.03599241523698005	-0.06324656978550051	-0.13793529610742844	0.04756524279191947	0.14553282245928045	-0.14825069703375035	0.0170257111326045	-0.12845716398854595	0.011896043974184981	0.14114898474129306	-0.013104038021783296	0.048171068219549126	-0.12172950838088026	-0.06274146310403755	-0.12051470170982603	-0.1416224077016636	-0.03597897983975208	0.07042886789004243	0.1482965511235939	-0.14672920386572166	0.05984063665542949	-0.12598488195211907	0.040661798659062304	-0.11936352963460672	-0.01458029524333608	-0.08610856327588243	0.05941954778438188	0.08591182503844119	0.0241336945491939	0.0029422385346781765	0.13809308359005726	-0.09028154877780939	0.08158255466963774	0.10692784925584894	-0.1269584869240329	-0.056152182789474855	0.1834753845995385	-0.13274467012336988	0.05759526336562722	0.11498746154541523	0.002165280367805361	0.025563448567478487	0.11425728974471891	-0.07339389348598446	0.09244900423459143	0.09047374047396221	0.01943559224177978	-0.02931577169706046	0.08182316887815935	0.03775061949143599	0.02911432703619611	-0.012612364139596502	-0.1862675490774314	-0.014943445111444655	0.02274686003788129	0.02207154920342716	0.1653853789543675	0.00032411369001782934
-0.023984648259803964	-1.4617872979905133e-5	-0.006234026585500027	-0.029088574293573505	-0.09391298597619907	-0.01737341078645019	0.3056750249353302	0.09914303321107105	0.14053121944687225	0.04031908504898711	-0.09151974002694412	0.1524847602070316	-0.1140858779571457	-0.11296955732574512	0.09297744899924955	-0.12910391538994867	0.06730925529690983	0.08950879599317003	-0.05202490907860827	-0.12419099732705904	-0.05284463391896056	0.13768767148999492	-0.006717712206504998	-0.060412950120146046	0.1160366698960134	-0.1099849112035671	-0.07956207807295856	0.1417621920380698	-0.003098754817433151	0.07194347071104581	0.07585841082544262	-0.11525506498212815	0.04349896071706674	-0.020466471127471547	-0.09729833250080581	0.026746245051619932	-0.12039638056887621	0.08204622832672151	-0.11321639669294756	0.08385058265100928	0.11899243943593575	-0.02861309309570889	0.1450008564407289	-0.0976567671022082	0.10180021815354716	-0.1315451339686572	0.01619146201907222	0.02653352378980258	0.11687672958451004	0.09905821556736252	0.13100357881503089	-0.016164452523693584	-0.12522200879272405	0.11788711796410833	0.11354567436723234	0.1723648301971742	0.015875037316986654	0.14305521098369492	-0.08601231635845488	-0.10888794507713224	0.002534997198802732	0.015856999421818438	-0.12514878498424425	0.09172081875939087	-0.14923773755762904	0.09362057731975895	0.12820426869111928	0.09687029957030202	0.08492477388209183	-0.10993734952395931	0.1380604364495752	-0.10235509676053249	-0.08178893571269628	-0.007690383693919098	-0.14641401520645392	-0.13892406639700544	0.052346320052848935	-0.02052293166978135	-0.17437894701111006	0.14467547143693324	0.001430135659198778	-0.10883172390001543	0.04381974973406645	0.056787892199448256	-0.07743984976041161	0.08540989352801812	-0.02592445933184983	-0.09714921839823938	0.014369946678526813	-0.017873508552099026	-0.15248808010565937	-0.05937755055529193	0.020955308421485783	0.013421026294490948	0.1522760810788646	0.012654175183820261	-0.02537862305158345	-0.027648805066249504	-0.20941569026393847	-0.00030870671748919735
-0.015442263741633228	-8.175797238149651e-5	-0.005083390383658709	-0.026610693861070747	-0.06863618345578759	-0.006966286523973325	0.24015631219422326	0.07739348577677968	0.09528045230543629	0.03370803219272634	-0.11857104795453391	0.08430002186104973	-0.09786548675501183	-0.09143227221227776	0.014981930246381142	-0.10300477803108561	-0.008902352968543373	0.05556257310016166	-0.09070794714508568	-0.08612216615758994	-0.10357924770347327	0.13090895513547018	0.07375424163337355	0.0075484553531789955	0.18034720229581194	-0.15108309323724853	0.021491649113236165	0.09189384422360192	-0.09194304367768791	0.09704754893155776	-0.09145251193527287	0.07218085133026209	0.09067999387259679	0.12203494130225145	-0.07683193743101498	0.1506108353691196	-0.10025694013457297	0.13284624224606	0.04525711174226839	-0.06471753550094383	0.1105939093352337	0.1069549670185885	0.09269035126479735	0.03364225176258716	0.16431817447622113	-0.0702113334813749	-0.14335137850105664	0.14941162137537387	-0.015029351870228976	0.11948006676688916	-0.024930096272416522	-0.13778326592846551	0.042114588163781524	-0.08671370031954187	0.08069336021862246	-0.01507352981534019	0.11275685263603022	0.05953199520593144	0.08833407879054363	0.005096062311796337	-0.150152844695101	0.1339694578845004	0.04783979842495972	0.040656747418071584	0.10379741125691543	0.021676446581061354	-0.12358495773680309	-0.025764264426002575	-0.16044799267572135	0.05381518377385171	-0.20019497438640468	0.1360946055370919	-0.02457981033700915	0.10149374224157229	0.13389128132780703	0.10722072852186673	0.044866449362161956	0.08946597549696142	0.10363678245639127	-0.11439199376559234	-0.0600504672974927	0.0776910531206846	-0.0802423546785746	-0.1307170486001059	0.030270207425069987	-0.08933809154261	-0.04296008193076775	0.09836744808862317	-0.04764096103660226	0.06484974354492212	0.22493674294026697	0.08224718481086708	-0.07203848470914448	-0.015154533626888077	-0.13014321139716323	-0.011431268045331955	0.03072474834529515	0.0368563089713182	0.28155462340048365	0.0003415629122585092
-0.010148323573350208	-0.0001628629227526865	-0.004716625549139639	-0.028072355402246785	-0.05310765616742283	0.002464786514143294	0.19936136904295276	0.06313863978448621	0.05833528317096815	0.028704622471490054	-0.15000011418432896	0.01659990294467703	-0.08079106832999369	-0.06692878272564987	-0.06379276317060101	-0.06757830267319166	-0.08409423271038934	0.012562180165294708	-0.11215766648556491	-0.02818100260198274	-0.1277902655520108	0.08362305912269918	0.1300208566834758	0.07255823991317556	0.17039571443692242	-0.12107418888630714	0.11165659658684626	-0.010342692881137025	-0.12639261888611322	0.056081781395142125	-0.1959629571085737	0.2041306330366549	0.06585516725908051	0.15720360680031903	0.013616838075904115	0.12364057938666884	0.022130183690631994	0.03687874292361604	0.1522021094223992	-0.13449759197905858	-0.03779375116530238	0.09806491207663867	-0.08687931667019148	0.11579597171114465	-0.02043052629647138	0.10288576744310564	-0.06934051881629774	0.015269721811834468	-0.12068086219887467	-0.08168483468569654	-0.1344075040001148	0.01233196342877995	0.12540561664067817	-0.1100037512567444	-0.12366251365525863	-0.16911765255763114	-0.04436301136353585	-0.16316539404945218	0.05309370386240883	0.10655614160263019	0.07197592900768397	-0.0920378326591155	0.09527825177420411	-0.11994758471321493	0.07326345291379358	-0.1111222133478229	-0.024187315203208284	-0.07319707143862338	0.06807684624859074	0.054242037565764456	0.06998523035761119	-0.05038996047999275	0.11010113857154742	-0.1163265613639442	-0.019027712697339955	-0.0010468779524732477	-0.11211811452921333	-0.1035855766978754	0.028204295357339402	0.02373028636946159	0.08748841130809706	-0.010376911757537865	0.08021451166013575	0.1544061318270948	0.028090730551359532	0.06371980395899016	0.09779383093135681	-0.07084206696622943	0.06789503331772183	-0.09574633775154623	-0.24692421966240719	-0.08742513578926907	0.10960249589186769	0.014355377617889409	0.08742728083028316	0.008473517209803806	-0.03210498507866183	-0.04220370039612106	-0.32502887288116733	-0.000347199006583604
-0.006855117919267914	-0.00026963439215276636	-0.005014862960591893	-0.033319074277465444	-0.04442029015893813	0.012208639293722505	0.1764565744517903	0.05416392354874293	0.025704512363401696	0.02469100004402972	-0.18498562363703086	-0.05122409477325978	-0.06194426274809264	-0.03936979918240923	-0.13840695656790836	-0.02513964264095688	-0.14854245837182897	-0.03265123985668111	-0.11081714588419858	0.036635119939734756	-0.11758967431793348	0.009356891055981496	0.14189828931212511	0.10823747813113863	0.08802879493028373	-0.032482299237124874	0.14377540756817267	-0.10654852595526544	-0.08439683932233182	-0.023805307424086226	-0.1633166201919752	0.1764663324111848	-0.012133016236043126	0.05203094014172324	0.09148281774671582	-0.02878761394261442	0.121655327741977	-0.10031932841149563	0.08384314620476005	-0.03876144179960997	-0.137842992999942	-0.044571527676497774	-0.14602028369989237	0.02726271203814737	-0.17416537281845063	0.11084872344769649	0.11855872264418929	-0.14534110441123166	-0.013922250335668213	-0.13027854273118114	0.008353965308165982	0.13796336163750095	-0.04322463446229227	0.0981677258421423	-0.06355556063822874	0.05373955473331414	-0.10096245935114526	-0.002258333038772306	-0.10882143979736855	-0.055260671700257696	0.1134850508781301	-0.08041681625520743	-0.1085890263917276	0.04420395140772257	-0.1583903433592498	0.06951207948254756	0.14426208669316473	0.09398767059642069	0.09463119660316494	-0.11066887394449837	0.12654065631556352	-0.0788739808702129	-0.1036945413287248	0.04218451203816523	-0.11012845294068227	-0.10584025448165281	0.10598031233984881	0.05559795715064368	-0.14379018949688907	0.07914319960671978	-0.0706521165870783	-0.0616316954713404	-0.044808611945201804	-0.12079034466286567	-0.07643727126921847	-0.017869506389867285	-0.12193451013217395	0.02355209180836274	-0.07049512866389354	0.10416735078739509	0.21678015628838898	0.07495261213945409	-0.1280458579590722	-0.011346769386615465	-0.03203914713764407	-0.004341746615964093	0.02976532585728372	0.043688493720081545	0.33970646210478733	0.00032975281832498573
-0.0055111545167827024	-0.00044241102349203837	-0.006457443483378546	-0.04596367377115419	-0.04532842006716691	0.024566343733487254	0.18477338657920603	0.0544418543952797	-0.002783774674969791	0.0236818034263946	-0.24048766744594802	-0.12313252656891388	-0.047140019745530753	-0.013446484559523277	-0.21606336312802707	0.017715446677794233	-0.20696608083256987	-0.07495978863781519	-0.09662194334049903	0.0957083937390951	-0.08597803452178948	-0.0671122852684134	0.11770499581243891	0.10960161136304858	-0.024072902706420818	0.06899405276343629	0.11368780036130008	-0.1499180980348411	0.0012848809329914015	-0.08924707685199271	-0.030604135752773442	0.026206977519679722	-0.08138448502181647	-0.09505456780214694	0.0927902761154301	-0.15451530925616416	0.10611051960793336	-0.13410778203761287	-0.07377395954255761	0.10129557192890182	-0.07361007634460742	-0.13030543899400585	-0.01548651321576884	-0.09907937366849115	-0.07870157661818275	-0.049437282313083	0.12206933622882918	-0.06668756801657694	0.11612687485509895	0.05310223986881171	0.1361662361050285	0.0017131452199325228	-0.12879216100684618	0.10834228675622962	0.12692838240217802	0.16151701593618484	0.06240114307109384	0.16376118021802888	-0.020591725856707738	-0.08535915244742173	-0.11989454126369611	0.13181644964044498	-0.0355109761465142	0.09252865549326644	0.03095104889869317	0.060140974201784325	-0.08655918477192845	-0.006208584408474133	-0.15131466295331	0.0521050981790767	-0.19212573898444385	0.13307803882185848	0.0016670664621147302	0.06790172293185943	0.14695891963450988	0.13138479599667546	-0.021229282557075208	0.030572850570957752	0.16396606359067262	-0.1343877936053403	0.011900922095398954	0.100384180173095	-0.014267091941661689	0.0318127193642857	0.09086851479960162	-0.03521283878816242	0.09717285801533504	0.03236252663517678	0.048618054821526466	-0.07905271674286066	-0.12196562078505474	-0.04081191429463806	0.1129855468138215	0.005602337965886904	-0.030786709255662743	-0.0007701769546606708	-0.021381346443717496	-0.03736519485140691	-0.2946648651414592	-0.0002616300125452888
-0.004368126662263808	-0.0006138189981422029	-0.007772822918220269	-0.0574197779260498	-0.04479181467978858	0.036093947797609854	0.17998012354247309	0.050524391360667074	-0.031030622628193227	0.019683781753614075	-0.26304774241974194	-0.1743359663018262	-0.023726718413837555	0.015251409776156338	-0.2449092263692183	0.05588562733890309	-0.20569100073931884	-0.09201773411131471	-0.04726720342564346	0.11605358293419775	-0.017398298943032214	-0.1111440133221287	0.03441320715051079	0.04904916328545046	-0.12207574277649118	0.12600030844769528	0.006229676417492169	-0.08178190942446203	0.08598300686016845	-0.07840941026014778	0.12844630619546976	-0.14875535567847492	-0.07185850719916802	-0.14200716500669422	-0.0065566077562448505	-0.0986275351136113	-0.03610449089479556	0.003586472941836852	-0.13456469739022087	0.10041850960142291	0.09659890299796095	-0.017382828511448234	0.13900257404184513	-0.06345426976905144	0.14887894231213852	-0.12243120363551614	-0.09452817065546487	0.13827989585763184	0.023120974951153075	0.12876551951857654	-0.013441414894087893	-0.13821362730340692	0.06506020147744448	-0.12685821785659876	0.02556910521991277	-0.1166219004643071	0.07434522418312978	-0.08153915701780091	0.12007607885022212	0.10916245789325349	-0.03313955813597263	-0.017462714507430782	0.1369369956672879	-0.12453464538128259	0.1303533784793377	-0.12852867063815346	-0.05635566161620303	-0.08720329893035693	0.07597471744185416	0.04768227213075957	0.1065301653946923	-0.09362783138239628	0.10148443007246191	-0.13696295893765414	-0.09701648078798913	-0.08852351787460366	-0.07400653581564737	-0.10332570652436054	-0.11598982118349513	0.14207015154087527	0.050960480201353194	-0.10985401671816253	0.0693429648612698	0.06385961670388961	-0.08750657875806063	0.08277290281499672	-0.05752768661991979	-0.08444847396316264	-0.02191178805514038	0.04808411632463469	0.020999850531625522	0.004989644108219553	-0.09636998582789436	0.00010411883201104366	0.09409726641305755	0.005899150567785207	0.013955740036675206	0.03362632453837039	0.2708663164267652	0.00021815486062683545
-0.002777905467300989	-0.000698107714386137	-0.00785594084397681	-0.05941921639932446	-0.036608849380282055	0.0413907836432439	0.13742911217919881	0.035698804582128055	-0.052277983640862724	0.010468693528107715	-0.21305501003805827	-0.17202029640365904	0.00731385999013668	0.03868484326405296	-0.18442574265532463	0.07151771741511738	-0.11652764341377408	-0.06530361941420341	0.025849892069311257	0.07332562969654374	0.06107772217380027	-0.08602557559299942	-0.07093490755304738	-0.04602213653981051	-0.131633535162735	0.08429969209136585	-0.10633297430527709	0.058536145696595134	0.0929223798993925	0.010330812219073504	0.15912269273907714	-0.1628466580006702	0.017200656571000783	-0.019650043323907268	-0.09788091014772474	0.08687895610939168	-0.13020689137064934	0.1361967969098197	-6.037590890811684e-5	-0.05411408799462733	0.11432349011009105	0.12445405518512134	0.059176899200050176	0.08471065077657013	0.10586585624535791	0.03775121241965237	-0.12755420147589466	0.06213106292633161	-0.11750542922644061	-0.07464843197821622	-0.13379788164865936	0.03766692269153871	0.10872906721257332	-0.05713600821402428	-0.13813048778421025	-0.09992203949491393	-0.10443494353718082	-0.11071655748216885	-0.061708116374832624	0.0012705747741661305	0.14670348121371304	-0.11642515569205561	-0.09281593839813124	0.03287863355147429	-0.16712925108181909	0.08382919015420941	0.15161619628190315	0.11360614049232702	0.05510581117141439	-0.11636524947906923	0.04810203444412653	0.0012855557057355471	-0.15029963925690648	0.14228906385271406	0.0032593976410980824	0.011862524152508318	0.14296655043586656	0.1450758599999287	0.03590626882716112	-0.1191958372207905	-0.10329688196910118	0.10253051866535179	-0.11460560338792	-0.15495928029463796	0.07915885716910608	-0.12884392075158185	0.017058192671540073	0.13826819566480011	-0.0039288087743143615	-0.020230636994771026	0.07810948921268925	0.03034547078394581	0.09180753631387448	-0.005825736852391513	-0.17195338679581784	-0.011977734492712687	-0.009093232380726915	-0.03688183016612455	-0.30420118937401514	-0.00022551945621732784
-0.0019422302556600566	-0.0009444067376878362	-0.009631746207699299	-0.07385551286555336	-0.03586815786009186	0.055022652469523106	0.11744562292037422	0.026517282872776635	-0.08128514596059888	0.0023942386947888583	-0.18398095774271434	-0.18123208204963745	0.03873868588974187	0.06323324702604834	-0.1256492682014206	0.08505512203302407	-0.02115539976825103	-0.03194871171428939	0.09563950077105979	0.018170271813512964	0.12765536794572926	-0.03955845216262398	-0.15734867441511008	-0.12591718905610372	-0.09505257903754055	0.008088010155346631	-0.17153617044652458	0.16908192251308565	0.050580395428621236	0.09267073216435412	0.09027786368066353	-0.061732668948571046	0.09365514274750529	0.11878594792397942	-0.10604689343284443	0.1906997752808487	-0.09949388023707609	0.1266818242787449	0.13450898909681688	-0.14608262893034585	-0.005658085051611653	0.10582226350199675	-0.09827028406655988	0.11431816185165157	-0.08996889459588137	0.14015353374828685	0.03942167746590251	-0.11709014611386627	-0.06006197776376619	-0.1441932327725286	-0.01302410403792826	0.14156895088777904	-0.05792505678220475	0.1285522518810421	-0.016713499037361197	0.13202578956703778	-0.05435782070688107	0.11215684493547673	-0.1008603592400017	-0.10966599457737375	-0.030672117685883085	0.07653449288945363	-0.08467018281479613	0.10372224975656652	-0.01826240660599579	0.06598036424401896	-0.06196563421597212	-0.010222626723082384	-0.125147103003697	0.06561946711227948	-0.15357163635557017	0.0922637523286946	0.06243002098944782	-0.028185372515941397	0.0931887131615679	0.07376436406921658	-0.1076971449140923	-0.08903780037438433	0.06754551313334173	0.0261053883094248	0.09566602172625915	-0.04118675788641367	0.10078700164870291	0.17700822090931695	-0.036695516543311255	0.12440940211579488	0.030035503638669137	-0.14321426266541631	0.028455244666065825	-0.013878472943721602	-0.1549108803007202	-0.057294091298503644	-0.06439150019282108	0.010216838584107976	0.2120794186537033	0.015504744147727637	0.002499905960137244	0.03401504271057007	0.2879293530834011	0.0002010956808939992
-0.0013695863845020677	-0.0012812498615999458	-0.012171053515018335	-0.09369141606613562	-0.03753404283547629	0.07224076221120761	0.10075243154693475	0.01791664246355244	-0.11128698278522625	-0.005745435150506628	-0.1479133874102791	-0.17790543310215473	0.06692264505858415	0.08099199967171823	-0.050922777085154955	0.08451712579121765	0.07822535021592769	0.009006399386306135	0.14009229071289164	-0.04253935668198687	0.15197861262382528	0.022113489326897648	-0.18033168740954628	-0.14714033126673218	-0.012208994097062206	-0.07253634470694624	-0.13697653439501936	0.17060195664869537	-0.025475764738119064	0.10497642713662164	-0.047325616747089405	0.09146165723237791	0.08872343050864258	0.14384575627510301	-0.00967362133276986	0.08924744601458623	0.04014399318313126	-0.032282928603425964	0.10585091161403686	-0.049261636862143625	-0.11805371073130692	-0.06366735986005045	-0.11343363664190807	-0.031638888818600906	-0.14367643382827158	0.008955517326216238	0.13921621933353265	-0.08611728551165776	0.10680356231717417	0.06448640820022408	0.1329955234562817	-0.044337341712122856	-0.10464109698725634	0.03581616468943739	0.14147831915652379	0.06158760335972009	0.1222416284015097	0.0644251906767664	0.10685256247301447	0.05712687559792141	-0.12918457918689477	0.06716935881004084	0.15202747726913543	-0.11266213050069984	0.1818648387967056	-0.14204607553743473	-0.09481870047333901	-0.1034471718831553	0.07361089680538961	0.04353617701238406	0.1229995566509463	-0.11175090191511505	0.07371167234865358	-0.10573685466631592	-0.12539023584290532	-0.11368536510022492	0.008579378761051859	-0.014889439053288423	-0.13623733524419598	0.07880781274597329	-0.045527252803078254	-0.036247577302746005	-0.04873774240529727	-0.14428922365662628	-0.01658493054406858	-0.08815177077108194	-0.06955625592352299	0.11704368337246629	-0.04733909396923838	0.04558634185826386	0.2085682988825179	0.07621176123004866	0.029716435304305705	-0.013666056804639929	-0.23455538437937795	-0.01784052650170264	0.0042287774380345144	-0.03013457474350023	-0.2639192858613671	-0.00017571476426982475
-0.0011349401719943926	-0.0018836124205697871	-0.017030528370508023	-0.1308106741231879	-0.0458980924351661	0.10221212518003556	0.09810172636593324	0.011703688745564114	-0.15504361313107248	-0.014368418863846322	-0.12269503734883544	-0.18208216673642816	0.0969604253596297	0.09907358225890436	0.024597097665826073	0.07940464152851652	0.17149525635418905	0.04882195795999258	0.16303259651456428	-0.09498280741798631	0.14292080915923103	0.07774838919087572	-0.1507008364967285	-0.11618814903186331	0.07521717591389263	-0.12166386863188236	-0.03800722184571635	0.08111445967468736	-0.0873881458009227	0.04963833467694559	-0.1541545303765324	0.17768022166406636	0.01657147046060052	0.047629607547655405	0.09515848424645662	-0.09833401044205067	0.14030310283269942	-0.15675773490912426	-0.03947023777147733	0.10573670476369995	-0.08531803361688753	-0.1494842699044678	0.02300955157763493	-0.13252972018574513	0.013587136098468948	-0.1361717792772388	0.01726552307454543	0.08985871798901002	0.09098599294135676	0.15591916336758305	0.03602784577512007	-0.1444173076745684	0.053657037698886356	-0.13050369883553425	0.004129514746353535	-0.14304966356030843	0.027926478223216727	-0.13157312368486715	0.06493301260244011	0.08560745882735477	0.09007200978893347	-0.11228308651371137	-0.004715769662433658	-0.029608295273724133	-0.10822827760941649	0.043533733091444635	0.1383170698693962	0.1015056702222509	0.057633939923638355	-0.10909074321080092	0.030229189342879347	0.02908847302808154	-0.14464952418098975	0.15353532062867567	0.05718111125336166	0.07050454550610813	0.0965800859235233	0.10915026279664787	0.11964785101813445	-0.1392540078267267	-0.029910882443850574	0.0954843911708741	-0.02722624788338384	0.05085769903967852	0.06312956218871268	0.019528853442972647	0.08379374523303802	-0.05240856706033981	0.051564035706409106	-0.06433037779092926	-0.20783892557431902	-0.07595978692044783	0.011617885670286598	0.014333549405802046	0.2113905071172543	0.016818891072622258	-0.010257574999806396	0.022000262012680905	0.2034260454575694	0.00012992979952689934
-0.0008765635414428902	-0.002372087283770214	-0.020577509486472752	-0.1570430795798412	-0.05016613352863189	0.12286594335702566	0.08286251596104963	0.003917400278268809	-0.1764585238639002	-0.020353699765772053	-0.07363107620546949	-0.14519557634183564	0.10372807859772298	0.09102835772531623	0.09314917498470646	0.048737991178527035	0.20545943679502562	0.06939072566782523	0.11729436813956456	-0.10354273456987519	0.06421195704625157	0.09134475396423719	-0.036759091656244906	-0.01293292318769701	0.11427553506881866	-0.08539327773557925	0.08900842741044836	-0.07335761103687095	-0.0773903299714338	-0.050973309159258434	-0.11947420938835177	0.08622220950211475	-0.07257180068771887	-0.10149323801623444	0.09130820807008631	-0.16469353307259116	0.06492535205012269	-0.07179449640132743	-0.1307233872378177	0.10755597165504728	0.07514418341302019	0.0011700609655158761	0.12254038003675366	-0.009168294267543294	0.14726243697128988	-0.03304670083115356	-0.1368078324460834	0.09047688721813472	-0.10481606794854749	-0.0778738451523128	-0.13640847012942503	0.0737196561054279	0.09246578554140399	0.0062298010350091415	-0.1429510836092652	0.002311551488862529	-0.13575578722685083	0.01044968095017261	-0.14606755570580754	-0.11609665298127211	0.06365688094978386	0.022647328342237528	-0.14799239935633518	0.14006578430641997	-0.07761748189204142	0.09682876407521725	-0.053586266867667154	-0.013295439102509049	-0.14189903003026588	0.09459521490323372	-0.16140528292464312	0.07237632955078355	0.12635561422617275	-0.11737863871727856	0.04151058505781182	0.005339882676490028	-0.15958093590266606	-0.16176853686889067	-0.06019106106423652	0.15840455545502605	0.09673468053480078	-0.13234567409669834	0.0971191966894937	0.05035874437569789	-0.10093430858424596	0.051036345751588885	-0.090004074924694	-0.015420166992362446	-0.05362532692311582	0.08200121099949692	0.20855082842367229	0.076935761447891	-0.053458789655809746	-0.015920497695626992	-0.20368093587435487	-0.017134468091317134	0.01733461063758307	-0.016649763155063696	-0.16926854127803492	-0.00010383917850184778
-0.0007630016618893677	-0.003158624258195953	-0.02636845163733076	-0.1994336939762896	-0.05929401656848064	0.15518679492484516	0.07241237677847334	-0.0036664148104959375	-0.20528764682111877	-0.026390677195409613	-0.023960962183520125	-0.10258762361382548	0.1049068826739927	0.07591980454798973	0.1526507948929502	0.011457315302126604	0.20661190468506335	0.07551874589335265	0.04397552609528854	-0.08353531257972177	-0.0338390665892308	0.07255178219141999	0.09090637983119336	0.09596333898536503	0.10111845633191346	-0.005076651974986288	0.16690878768482229	-0.1827125297139288	-0.01811295092887471	-0.11458077854974333	0.002643751422445509	-0.07540888280386297	-0.10081145055464456	-0.15676752093892826	0.00016697437863221615	-0.0586781144819368	-0.07959852727384165	0.09572850926352561	-0.06723587187240582	-0.026421457185287572	0.1370963224651855	0.15019122360123993	0.04829636776252781	0.12800034446606814	0.05268724353450868	0.12417470606892975	-0.06181116938792132	-0.06862989957575572	-0.11278357199090533	-0.1637264000087565	-0.04849360497885212	0.14313916192291382	-0.057429045131743045	0.12965603563624595	0.020247525262306276	0.14244732922958953	0.012501985032619619	0.12757133592391734	-0.0039039923555277134	-0.027243010012516583	-0.12453502598758572	0.09838223432610818	0.1038025940391809	-0.07395962517751264	0.16854490410169926	-0.12608573874546775	-0.09079586750094097	-0.08868896085971005	0.08408677775416945	0.00691939480283725	0.14479361532628135	-0.11358768969489673	-0.006598293390173357	-0.004808318821416524	-0.1103476837420973	-0.0777165907878226	0.12322176532892148	0.12256179328252442	-0.03203345761004961	-0.10109870512430176	-0.11769497791527248	0.11356177149978357	-0.12728056584864686	-0.1344940609701964	0.10597982140598451	-0.10702692433240227	0.07084108884097852	0.07943929847516505	0.04345592627097554	-0.08304228092235952	-0.1718942309917809	-0.06483646122720502	0.08768114230946605	0.015565635332122664	0.17295465728572193	0.015623343821315479	-0.022956844018502565	0.010307257506014314	0.12552107081097685	7.416200224511071e-5
-0.0006503466667904256	-0.003823981090049597	-0.030709930974575472	-0.22963322738026062	-0.06444067207701182	0.17679023463249727	0.054270348690933105	-0.01083837001689619	-0.20907125677089258	-0.028166117629871444	0.029836453571843675	-0.039110956877797365	0.08322662408821677	0.04246799379110643	0.1722831282357591	-0.029257399082987093	0.14088037758135508	0.05354423698158431	-0.0468965396297078	-0.026779210794109436	-0.11614671434870287	0.016133294949989583	0.16972229315722484	0.1472628635149147	0.025172421492392086	0.07869118801122756	0.1253318791137048	-0.14972542243916206	0.05566901125871068	-0.07621470504065903	0.1223932481209773	-0.16329898966448556	-0.02791326142056591	-0.04136950996305475	-0.09116127432201464	0.11837651533392506	-0.12629355039848425	0.1374676602743054	0.08686843555142754	-0.12270639221433327	-0.0031639897755296464	0.06494166114999023	-0.10235836454210062	0.05140933072868766	-0.13219262729716783	0.057759345820191106	0.12681984971779342	-0.0953230993050566	0.09986018930815205	0.08831367262415334	0.13993071906023957	-0.09967890380210107	-0.08070360866476724	-0.04513758611152463	0.13617735639900824	-0.06279391362906517	0.12998209975094546	-0.08022822641167479	0.14833902514051223	0.1342607041110171	0.02419086362178975	-0.09917053999979104	0.061466839557529684	-0.07324753765042076	-0.08100347057009372	0.0313468996366587	0.14899779681086714	0.1133376266627298	0.04412610554140595	-0.10320369498650106	-0.019353225966717444	0.0788675809728498	-0.1173752052584573	0.12425977192243265	0.11792133024124743	0.11237112207780782	-0.030351601646571566	-0.0338874758512422	0.11207320249255365	0.011578095042358669	0.10215834101157854	-0.06565670278557922	0.12624770728597096	0.195070038628677	-0.09401121116461121	0.15000789120673175	-0.04332635077932527	-0.13686222953155822	-0.030502826264220503	0.08086295390288971	0.13263120963339559	0.052352566746035556	-0.12378918173405115	-0.01586530124358776	-0.15105166900782802	-0.015009140756811187	0.03041778454333577	-0.005041220733011123	-0.09524997566513008	-5.408726786858983e-5
-0.0005103726036385036	-0.004177452665179337	-0.032036767164552435	-0.2358765042999828	-0.062476986411958244	0.17854775573055304	0.028019304418876616	-0.016324648222235887	-0.1783168067387238	-0.024176675220919007	0.07720570710496562	0.03401120777130261	0.039816384615270775	-0.0030790884926708423	0.13947675139471388	-0.059939164943195275	0.023457935491994396	0.009331626329936752	-0.11702371327493347	0.04291428690332537	-0.1394009446925688	-0.049348840749704304	0.15000479691881502	0.10381482686630886	-0.06749162721066126	0.10556400630263268	-0.011374335048154351	0.006372601064068728	0.08246740165057773	0.03327236043993417	0.12720716519102934	-0.08444817934240371	0.07419428893096779	0.12085432987584416	-0.0764491155217491	0.14700416987836362	-0.012314890621247035	-0.007358787705552247	0.1201439405928616	-0.03863968137591945	-0.13862085367993945	-0.12441015362035954	-0.08664830997475495	-0.11325554677902828	-0.08478736384626491	-0.11517466667722986	0.07682576865037036	0.06601631107244862	0.11285806643980292	0.15428042541653322	0.03228560150282586	-0.1207560429900626	0.07744417297816841	-0.11416119836198596	-0.07168735575582211	-0.11307295973261684	-0.07814517668297935	-0.08022286833305349	-0.08881204530098044	-0.06807366077991435	0.10642571097497733	-0.016962144718958322	-0.1576939068156848	0.14329850639394373	-0.08881194525027261	0.09286520565511229	-0.07221235706712553	-0.0440528868675748	-0.137300993630623	0.12593516795935247	-0.11979732163281627	0.005167460120019063	0.17141837131013682	-0.17838596434976645	-0.06512041616644237	-0.09733674398383323	-0.07512712113527578	-0.06700049196285836	-0.15432399604493582	0.08113171410621714	-0.05935542545784339	0.003751059053563488	-0.09972709011927632	-0.22990172602440379	0.07101079426361373	-0.181234380282184	0.012575191846134912	0.18883271055740217	0.016913361500948562	-0.0790406609425515	-0.0970861799156481	-0.04181952509140348	0.16790659046224618	0.01751740597480645	0.14337934236229116	0.015904925524321566	-0.04162892093626616	0.0005194368171408115	0.07931961754063527	4.335204035607403e-5
-0.0004740519692057542	-0.005214105743950448	-0.038070941092581384	-0.27532566667889147	-0.06893277630755215	0.20402422102721582	0.004449193777806115	-0.023273156589553565	-0.1618104075064204	-0.021164603513059523	0.12686441699053622	0.10708173499551842	-0.00423065959531458	-0.04850390466574472	0.09840294282071041	-0.08475771330648298	-0.09682198688836693	-0.03646942747807132	-0.16406750765954825	0.10239363317163075	-0.1259456713420462	-0.09920233878172222	0.07996727626435672	0.019018366228579248	-0.13187401791988485	0.08198611187228687	-0.14223506625053356	0.15879271606903206	0.05987770274223796	0.11986585595201169	0.0437434559230435	0.05993246637775736	0.11684754056110075	0.17590555208061556	0.008452285554706764	0.027340729637301664	0.11431268156740261	-0.14400182700062888	0.01575375263623248	0.09274832950212805	-0.09760488638888601	-0.14482401751230337	0.04865516305426218	-0.1116513459782976	0.09082241870176838	-0.10393519516857697	-0.09889416666081605	0.11331378365725459	-0.07211442223915526	-0.06700118924550143	-0.13575710134602104	0.0971975661701094	0.08047845733797597	0.05634588452276096	-0.12666868324338992	0.08797407498317827	-0.10967087139928045	0.10791086109132872	-0.11459689690045405	-0.10261757177403436	-0.07777630028248757	0.10893921356697181	0.038141096959803986	-0.027281686578435535	0.14665457248131608	-0.10700143052290907	-0.08769452172641068	-0.07253995474408063	0.08780053048755784	-0.028046409816503554	0.1447189937516563	-0.0847048042748731	-0.0813183815277145	0.09500942827808874	-0.036982561204367784	0.015404152932599571	0.1309830906568885	0.12731842936454868	0.10671477530613573	-0.1316082736608833	-0.01383762807054861	0.05987384377749359	0.028629713016144226	0.17804318115885412	-0.022272783448422442	0.15383886329803761	0.0221975039039057	-0.18699728628992549	0.0011744325510536606	0.05819444505695173	0.04046684585196952	0.02259484623930186	-0.18173383845251972	-0.01636925713804585	-0.11407250471471891	-0.014502511840869623	0.04776919725706444	0.004052975104146164	-0.055890254889910465	-2.9477006917163967e-5
-0.00036905189733377083	-0.005289116778441148	-0.03645150045342716	-0.257728862343709	-0.06069141923491263	0.1856094895618433	-0.02024340137588776	-0.024207900920388985	-0.10192780549094235	-0.011643465970993382	0.13614001315054544	0.14272833853417735	-0.04673789340934946	-0.07512474540610532	0.017254958565624527	-0.07179207370403567	-0.17161648606911006	-0.06337229559216001	-0.12165760464017972	0.10187195644120732	-0.035498721599788785	-0.08311919284350107	-0.04472205475371432	-0.07997076399852261	-0.09510764093351978	-0.009303041627674757	-0.1505048538145487	0.16431129387443263	-0.019407272329252656	0.0822739158886621	-0.0852982436055417	0.13695213821285224	0.025207489535852015	0.013755144084870163	0.08265234755910923	-0.12941657362201345	0.08374951537681066	-0.07039781645389248	-0.11216956035202187	0.07827544754300003	0.10163175317368325	0.08181485550234649	0.0998733923842125	0.09271826522706433	0.09749867510749918	0.10967139065396642	-0.07836086527663116	-0.07456609717993565	-0.10549341536659451	-0.1402215739402603	-0.0025956205417454444	0.08893135054306876	-0.10568232162946656	0.08902244476021653	0.1325658386547412	0.06286962257156778	0.14481274802903157	0.005436034262402634	0.17222695095861673	0.1514820163590056	-0.040201373824836094	-0.08368476456390142	0.12032994381416164	-0.11466615205663504	-0.07062883137989379	0.031539092183313466	0.177174072075836	0.13647442856939787	0.02238518404823235	-0.08694575480908281	-0.08200655782195657	0.11999089839780525	-0.04886457920360135	0.028541347377358847	0.12395524619905474	0.07175530200651181	-0.1459008078440443	-0.15484584721253353	-0.03410116648146329	0.1593717993590805	0.0847608730973393	-0.11689055609204174	0.045302474942396975	-0.12100285190738685	-0.026787628978913236	-0.13021415974209433	-0.05759554417616644	0.19694858960853034	-0.01935853949919809	-0.04359166735306007	0.010855253995394512	-0.006536479429452905	0.22601462596495184	0.01830042074033079	0.10724719804148555	0.016050997632237444	-0.06471295959725995	-0.00964067338499551	0.04662512986822413	2.372422383432819e-5
-0.0002824174491199065	-0.005418134535725573	-0.03459899549151671	-0.23689685770301322	-0.051323139725739896	0.16339243620899005	-0.04376901228677629	-0.0235992130518756	-0.034561023661374424	-0.0008077448416636129	0.1285784495033616	0.15627380905922142	-0.08133133465933028	-0.08724366758490026	-0.06756149753945323	-0.04079594298629281	-0.19919203954046247	-0.0697710086993727	-0.036596594158235615	0.061483490070814314	0.06973936873040856	-0.027967827096213253	-0.14755189831665097	-0.1348464646624999	-0.003904617343896119	-0.09471969514799694	-0.05835058573381416	0.04980485801117446	-0.08409391390933103	-0.024542885532307518	-0.14206702246026642	0.08670134069058849	-0.09049719005084315	-0.16270227823081862	0.06829484720028818	-0.13578099368592922	-0.04567599286552973	0.09228679206524834	-0.09436566149022557	-0.04406184053836722	0.15590182497726968	0.18481179896122282	-0.0020687896251275484	0.1467529025155649	-0.058199396981392454	0.13108883259243678	0.08242550219118153	-0.12220127785185828	0.06235446070906879	0.06913088814433282	0.13581954549317687	-0.1090059551479318	-0.06396701372004716	-0.07873581973641616	0.08875880810547795	-0.11161423522817145	0.049827597666868104	-0.11062018553252816	0.02275572391658509	0.008976547580327135	0.10418177491549617	-0.04791297082660398	-0.13259805469184466	0.1253059315720575	-0.08361522774907929	0.07647159992033026	-0.08987993475076783	-0.07477545093450116	-0.11274179833186579	0.1319929335066389	-0.04632658056810959	-0.06923643626098633	0.14545041460369051	-0.13446822491855095	-0.1360885345937188	-0.12060050936330234	0.08681940527960694	0.11235366126548878	-0.05314021417322836	-0.1286104343879922	-0.12528264767025762	0.13825443870076928	-0.10593122086210398	0.03688863424969407	0.07024629493095218	0.0844360777522647	0.08340565750940834	-0.18097944199346286	0.03536222144044297	0.025180897162543334	-0.06148545389276179	-0.009878174683915504	-0.26417729242546356	-0.020112152247047547	-0.10068349783199071	-0.017741266349706606	0.08369636499483943	0.015766920784280145	-0.04010098837602845	-1.989081362331329e-5
-0.00021769860255268963	-0.005753293908096195	-0.03348835763603445	-0.21968533828299724	-0.042430503545472426	0.14237633154122972	-0.06598978366368224	-0.022142801657726346	0.034381415771669616	0.010096689063629649	0.10869397447347973	0.1499706527001466	-0.10441743750014226	-0.08494974816310061	-0.13989473512199357	-0.0006895444486674229	-0.1775060950211801	-0.05553738228499087	0.06027587456606116	-0.0012546217477067065	0.14786061912862405	0.03955065364940407	-0.18236773674680787	-0.11909177558654419	0.08942459969081254	-0.12298158765364411	0.07111376253826057	-0.09969634453039285	-0.08786513138098866	-0.11139259391738525	-0.08241741474460167	-0.04170815767672797	-0.12232670643565885	-0.17445857290375263	-0.01733588901693527	0.011863900504397312	-0.12245457442124792	0.140761607656583	0.04340844321020152	-0.10690793149826187	-0.007865351546775118	0.013658016041722912	-0.1008959743853456	-0.033075147019669376	-0.11859219272351648	-0.07356604182422122	0.09797814230573154	0.05659943401629971	0.11299795841616839	0.14109591312862002	0.003108772017132523	-0.07749169231376858	0.11389574271193481	-0.07141135278542785	-0.15547754741442962	-0.024007430443978697	-0.16401681277872804	0.04661797825828312	-0.18372817163249994	-0.15678114402208876	-0.025328386234871908	0.11729110887665625	-0.019933685951837435	0.0110342934710774	0.142931619804482	-0.10343493552752274	-0.08959289321338404	-0.057840544110325326	0.10009194992187612	-0.06718204583130119	0.1363001908453729	-0.03309188099478683	-0.13798226001413644	0.15361976665233315	0.06226869684617103	0.10169322937445105	0.018712424282957343	-0.015928933238355855	0.11610778637145386	0.04704048031510458	0.11738154046827048	-0.113600878809106	0.1325037295430773	0.056506083498290866	-0.09705991806716435	-0.02194252136509777	-0.09300958194925482	0.1361538594813535	-0.04639859180831429	-0.0038694976175216514	0.10648515999889066	0.02547942817316602	0.28783523376232484	0.021232792350370656	0.09156279891132064	0.019094408250678093	-0.10298799237764864	-0.02233505980295359	0.034818052622784576	1.7112965476675653e-5
-0.00016281982940009865	-0.006120942246271754	-0.03201076390508595	-0.19871354771234268	-0.032556366493862156	0.11779377154572018	-0.08410522952822627	-0.01917356594526057	0.1006424424890204	0.019815095083539208	0.074870669370637	0.11976045841139005	-0.1093467336727498	-0.06586961112696943	-0.18184733856598473	0.039593179338725845	-0.10617060533772524	-0.02308112630276378	0.1357415439453937	-0.06349602124198656	0.16369843041684823	0.08829877570900067	-0.12721258065422628	-0.0371002233248574	0.13116184113736673	-0.07305067338879198	0.152803042559425	-0.17591702525244465	-0.02514236014791745	-0.10400874675927545	0.04744034128712682	-0.13116765540930553	-0.03681729684406927	-0.003960630372232349	-0.08431302973143834	0.1456678043913438	-0.054122452399854665	0.010475861248302604	0.12458953400229861	-0.021945829805002266	-0.16037756866408986	-0.17819864869471544	-0.04453409292619956	-0.15912363851581743	0.01905973416821661	-0.14896736679545095	-0.06228114637676895	0.1286890209601193	-0.05241591027006107	-0.07191781354841496	-0.13590852289273078	0.1196490394286264	0.04565252512026285	0.09702232289229844	-0.04358728453876044	0.12075104789056021	0.01870023253927386	0.08717298302577202	0.076057067995878	0.08865574959310468	-0.08742973093887521	-0.03815565272243081	0.14833663412151005	-0.13478913808870036	-0.04460986708123126	0.024125449008360198	0.18008418581012808	0.13747459231393586	0.0007638988454570922	-0.051367965334243565	-0.11783001902279261	0.1118423943026083	0.03627333745480374	-0.07861427323001714	0.04886239049778798	-0.028950252411851903	-0.11483894080069146	-0.08762598674140168	-0.12980056701338563	0.05158910283944468	-0.06791451421542696	0.05481633734124601	-0.12077016817871374	-0.13751568625954635	0.10401964134007317	-0.044183980134211764	0.08755469259303579	-0.07403042693465808	0.05242067283496494	-0.01776226567277161	-0.14518362585613287	-0.03980814658180322	-0.30501524597785046	-0.022311767370677638	-0.08308333075329093	-0.020703361247777875	0.12599565352942493	0.03025281902459668	-0.031740895582709136	-1.579771800611105e-5
-0.00011551608182845713	-0.0065312569233482495	-0.030224772581407423	-0.17460345572774344	-0.021972226105306473	0.09041644064178596	-0.09709967610891648	-0.014919744672669096	0.15918755063373236	0.027232106999749803	0.031545101961321695	0.07061758346761086	-0.09540680775858977	-0.033860705115498546	-0.18454923314643937	0.06980382844705446	-0.005279065221133191	0.016917837116133257	0.16317866185345054	-0.10068300153201436	0.11079808942282818	0.09525801676399388	-0.009465557231973894	0.06547675229354566	0.09740112440740462	0.023229835521232756	0.13203966766462066	-0.12306498010316953	0.0565742021931125	-0.008775434012447703	0.13694832851235805	-0.09830720844462158	0.08395948287393466	0.1706696808968161	-0.060680071167277146	0.10972151888157222	0.07827404147822502	-0.13309986669710003	0.04350405311979569	0.09332897318665558	-0.08360906282384556	-0.10017685594477986	0.08026716188867092	-0.02665073461711798	0.12490781245633384	0.037165787169055185	-0.11086560864446288	-0.04167805611075264	-0.11767748806332845	-0.13977057846298876	0.0006012407207416393	0.061216873019380204	-0.12117626754094503	0.046694989518730703	0.1680834491762479	-0.02178851147798821	0.15622842287054062	-0.09034754484335018	0.14292377904750228	0.10168990162821563	0.08303817421491091	-0.08934285841211347	-0.09698871170802198	0.10462918283923281	-0.1029707951822176	0.08000333377392202	-0.09148179175871107	-0.09099994205017846	-0.10094555094444463	0.12876059717728458	0.005455436140759144	-0.11075771983828366	0.09025799018673723	-0.04467973763169838	-0.1306505830708212	-0.059157105833019016	0.153092659718511	0.15184133104555922	0.0882357045056648	-0.13144118061587792	-0.005691573918457183	0.020510129589713783	0.07396279918479567	0.18820232305224516	-0.08956415910096119	0.10293661854946273	-0.06780828768399383	0.0024037177696145744	-0.052708278689356035	0.03789994518751459	0.17509872168630217	0.0520960144208666	0.3149269840558331	0.023317429725306628	0.07507574676898729	0.022562279226885272	-0.15338275644967866	-0.039958597096448965	0.030632564436626854	1.581175166277072e-5
