7.864837146571126e-54	0.0	0.0	0.0	0.0	0.0015492149441029763	-6.005923778510893e-10	0.0	3.1914153231604605e-12	0.0	-0.0001568319477293707	0.0	0.0	6.1700455069610885e-12	0.0	0.0	0.0	0.0	0.0	-1.1759394161576627e-14	0.0	-4.012835431036219e-8	0.0	0.0	-8.726168345231942e-19	0.05145625508139651	-4.1546205625476905e-6	0.0	-2.2151996604975718e-5	0.0	0.0	0.0	4.0398428547767204e-10	0.0	0.0	0.0	-5.6309838796171506e-14	2.391455898520872e-5	-3.5759408433371576e-9	4.026348687334119e-12	-1.2810193495771339e-9	1.1333259174274185e-9	0.0	2.115309970473965e-9	-3.191653179775455e-10	0.00018951163898754778	-8.259736509530979e-10	1.9659872669709746e-7	-3.35104209079371e-7	4.931858846991323e-5	3.085781599082908e-10	2.036041009932767e-6	-1.2112595549231843e-5	7.496101706041371e-14	0.04435188192174945	4.0388548463337173e-8	-1.0674471019190706e-8	-1.1770948879923023e-15	0.9141237783219935	-0.0020768846630149053	-6.509300238578839e-14	-0.0022474250508230857	-6.677404242245152e-16	-1.1732152042890863e-16	3.004300978440301e-9	0.0	0.0	2.631595702985714e-9	-5.962818203079489e-10	0.0	-1.8036364113450034e-19	1.244491131005579e-18	3.259344159966302e-7	-4.0898635100071e-9	0.0	3.1434316842059646e-5	2.6131376635194e-5	0.0	-2.2633872522238208e-8	-1.4962460244573282e-16	0.0	-2.328860892757425e-12	0.0	-2.5902023366753754e-11	0.0	0.0	-0.3585436817430036	0.0	0.0	9.400931282035119e-11	-3.124802493488237e-12	0.0	-0.09307121625121324	-0.14991584914170597	-0.0006214812070023492	7.95823076051662e-14	0.007751189123495623	0.0	1.803930887127789e-10	-1.6067945256885443e-33
4.771423730774442e-53	0.0	0.0	0.0	0.0	0.008706378130827398	-3.22973656798129e-9	0.0	1.6288218872861854e-11	0.0	-0.0007526937793762657	0.0	0.0	2.825428461823399e-11	0.0	0.0	0.0	0.0	0.0	-4.6406037476988604e-14	0.0	-1.5373389253968934e-7	0.0	0.0	-3.22205521395149e-18	0.18987531157669174	-1.5213299141695091e-5	0.0	-6.950257856604819e-5	0.0	0.0	-6.428623443560556e-18	1.0208459487868129e-9	0.0	0.0	1.2486372843463921e-18	-1.0664701350234062e-13	4.38033837356724e-5	-6.286296151404259e-9	6.941651044144157e-12	-2.1754854946712025e-9	1.7957834561022698e-9	0.0	3.113712896699672e-9	-4.386717235809133e-10	0.00021514679082936027	-9.075104749420679e-10	1.9385092182525145e-7	-2.9433329108969136e-7	4.307750896244852e-5	2.554587399756566e-10	1.4051482493283598e-6	-8.153318428081149e-6	4.4982687536798197e-14	0.025645908086479555	2.2317271138423293e-8	-5.892220026245211e-9	-6.465441780081221e-16	0.38247047682411583	-0.0007380101593658672	-1.7975421642645035e-14	-0.0004954392758918586	-8.329514891099948e-17	5.913341743729799e-18	-6.180033061468482e-10	0.0	0.0	-7.533577596443169e-10	2.3206744505336323e-10	0.0	1.1421446933477483e-19	-7.891112635122217e-19	-2.44970157071561e-7	3.96176808754229e-9	0.0	-3.6464040161960226e-5	-3.0471387461899493e-5	0.0	2.74899691320477e-8	2.1859958718400847e-16	0.0	3.779895032100729e-12	0.0	4.9562657267049506e-11	0.0	0.0	0.7844235459251273	0.0	0.0	-2.1707166303922614e-10	7.392081477081904e-12	0.0	0.23125109438628796	0.38427555750762604	0.001661155048677879	-2.1506212263532793e-13	-0.021469538443110333	0.0	-5.612066611899237e-10	5.06909854687488e-33
3.609948696177243e-52	0.0	0.0	0.0	0.0	0.06186530053646496	-2.2141292236794082e-8	0.0	1.0704042096185027e-10	0.0	-0.004707967604008638	0.0	0.0	1.7022391811836808e-10	0.0	0.0	0.0	0.0	0.0	-2.4858382882149463e-13	0.0	-8.046200806549828e-7	0.0	0.0	-1.6385438881463345e-17	0.9651084507743877	-7.686530489357724e-5	0.0	-0.000311554315740002	0.0	0.0	-2.640815524134412e-17	3.874141311670151e-9	0.0	0.0	4.371481551491784e-18	-3.2311384681559695e-13	0.000129199389386864	-1.7934270320632232e-8	1.9491107964205347e-11	-6.033106550237068e-9	4.69999938009947e-9	0.0	7.648700106682599e-9	-1.0136310673209656e-9	0.00041270358329737725	-1.681057100048422e-9	3.1707591824868304e-7	-4.131363550660567e-7	5.998086499582872e-5	3.279427393149679e-10	1.2716188420142687e-6	-6.941283175400239e-6	2.687535652815523e-14	0.01314772183571244	9.075110964824532e-9	-2.3815818880219137e-9	-2.537665371951779e-16	-0.11773548517402196	0.0005867202172684262	3.022121909108842e-14	0.0013138847063356148	5.187618667389086e-16	1.26862209773363e-16	-3.905420395371594e-9	0.0	0.0	-3.6693808949651235e-9	8.920818421949972e-10	0.0	2.9807020573769856e-19	-2.0570681533002105e-18	-5.494028121585633e-7	6.84384952240579e-9	0.0	-4.980537512434624e-5	-4.1298087549407316e-5	0.0	3.4984303473871025e-8	1.9396392226481494e-16	0.0	2.4829081732017793e-12	0.0	1.3528894139538977e-11	0.0	0.0	-0.052481909584739035	0.0	0.0	4.60504959913001e-11	-2.062924522467612e-12	0.0	-0.09675073809717562	-0.19572258382336116	-0.0010547508956712207	1.4377383348882289e-13	0.015994498500554632	0.0	6.317854342801232e-10	-5.9510748105300384e-33
9.3795626879337e-52	0.0	0.0	0.0	0.0	0.132563807820915	-4.1965798703120423e-8	0.0	1.728959047379862e-10	0.0	-0.006135124306110522	0.0	0.0	1.8331953443590143e-10	0.0	0.0	0.0	0.0	0.0	-1.052158948936286e-13	0.0	-2.4431322767470055e-7	0.0	0.0	-2.6120369516687542e-18	0.15146575825956868	-9.800682895753755e-6	0.0	0.0001314461024574996	0.0	0.0	2.056401288281685e-17	-4.156604440799684e-9	0.0	0.0	-5.881935709440413e-18	5.727128623590384e-13	-0.0002382084487518911	3.4593931074599905e-8	-3.8367085519919666e-11	1.2058356207613005e-8	-1.0029368692067364e-8	0.0	-1.737366723146243e-8	2.4273326330359585e-9	-0.001123541434593656	4.669104441593607e-9	-9.390835769816435e-7	1.3098300722587484e-6	-0.00019080427641143783	-1.0781013216586308e-9	-4.770124545137129e-6	2.6639515820918768e-5	-1.1852094586079998e-13	-0.06190883502916797	-4.758045370449237e-8	1.2523402089360306e-8	1.3538120675638877e-15	-0.03892411551478117	-0.0010110070692369705	-7.45076203509078e-14	-0.003598500046640925	-1.582765779509615e-15	-4.3556455649091846e-16	1.4451229832951552e-8	0.0	0.0	1.4046153073905356e-8	-3.555556651695717e-9	0.0	-1.2974332392125429e-18	8.95656776042626e-18	2.4908988904360582e-6	-3.3424758190111e-8	0.0	0.00026040690975247786	0.0002164133975203707	0.0	-1.867001067168205e-7	-1.149110272206001e-15	0.0	-1.6093674771120696e-11	0.0	-1.205868985191717e-10	0.0	0.0	-0.4945052512426229	0.0	0.0	-4.29016369935004e-11	4.3706474019786385e-12	0.0	0.3319369153473266	0.7704147063059636	0.004677105431063424	-6.531504133546596e-13	-0.07619590985123076	0.0	-3.5121496359167993e-9	3.356017065917022e-32
7.355228243471939e-51	0.0	0.0	0.0	0.0	0.9694438285480506	-2.941733608843857e-7	0.0	1.148808767806828e-9	0.0	-0.03798770747829305	0.0	0.0	1.0651885930809833e-9	0.0	0.0	0.0	-1.0095159342395995e-18	0.0	-3.938801067709425e-13	0.0	-6.590380196034463e-7	0.0	0.0	1.0991204669392528e-18	-0.07905076787804004	1.9809332297157062e-5	0.0	0.0010078749574545845	0.0	0.0	1.284249915268403e-16	-2.3355310084563583e-8	0.0	0.0	-3.046559618902314e-17	2.644769377527636e-12	-0.0010800121999432633	1.5346623483540399e-7	-1.6850542368751393e-10	5.255544741734332e-8	-4.225375989722243e-8	0.0	-7.074713294287943e-8	9.592524396423012e-9	-0.004114911541726507	1.6895661357734802e-8	-3.2713177192657044e-6	4.392646010522883e-6	-0.0006387489889810822	-3.5489985682053346e-9	-1.4866433800220864e-5	8.241053577185171e-5	-3.539854857376804e-13	-0.1826597655705473	-1.3813321121119574e-7	3.634311818794351e-8	3.921412918676638e-15	0.017379177771197234	-0.0031296041000373493	-2.1172207646045714e-13	-0.009879400253328766	-4.1347421194650744e-15	-1.0456644051159662e-15	3.214526122420743e-8	0.0	0.0	2.998597224569806e-8	-7.187775300246116e-9	0.0	-2.2787429311141373e-18	1.5722736276709844e-17	4.057237860558882e-6	-4.665856367849683e-8	0.0	0.0003101723688278119	0.0002563631947153612	0.0	-2.1147268909768822e-7	-9.970393964566177e-16	1.3022649323060546e-18	-1.1121800869417824e-11	0.0	-4.32399974700471e-11	0.0	0.0	0.06630361118179537	0.0	0.0	-3.9649995141606804e-11	1.1636136990476217e-12	0.0	-0.011067057491944508	-0.1150788450685826	-0.0013448032155007406	2.105811616894711e-13	0.030483781052178572	0.0	2.7088544804076374e-9	-2.7439127452829876e-32
4.814601977408553e-51	0.0	0.0	0.0	0.0	0.19238321506298997	1.46342730677759e-8	0.0	-3.80732766638304e-10	0.0	0.02457095015611962	0.0	0.0	-9.3471273929672e-10	0.0	0.0	1.0682163863253549e-18	1.3015820224529387e-18	0.0	6.323773487428437e-13	0.0	1.2023050068325267e-6	0.0	0.0	8.619405101337815e-19	-0.025408099887002485	-2.2347826807687007e-5	0.0	-0.002295499081382815	0.0	0.0	-3.3951896454929313e-16	6.856426059865791e-8	0.0	0.0	9.752901089368358e-17	-9.540446861202452e-12	0.003967505306083889	-5.758284497800968e-7	6.383507517445928e-10	-2.005447792815836e-7	1.663746284959827e-7	0.0	2.871103041230994e-7	-3.993641709802643e-8	0.018197979598074607	-7.539365710712399e-8	1.500134048993355e-5	-2.066532983523674e-5	0.0030084676217546334	1.6895341791966918e-8	7.30745184278668e-5	-0.0004066796693993612	1.7767993520322966e-12	0.9215857370416739	7.012421549304421e-7	-1.845238838263108e-7	-1.9923287837272128e-14	-0.045647729442913114	0.016437860403000003	1.1349230583648962e-12	0.05363003447727344	2.291776061992414e-14	6.0142660284918555e-15	-1.9094098095179903e-7	0.0	0.0	-1.810964915991988e-7	4.433803269800587e-8	0.0	1.4782853773037476e-17	-1.0201565301528527e-16	-2.698147730609331e-5	3.251973301134806e-7	0.0	-0.0022593694470987432	-0.001870150762596799	0.0	1.5611087768412177e-6	7.874801383017905e-15	-1.0737782038620784e-17	9.292019979336107e-11	0.0	4.3183454247744156e-10	0.0	0.0	-0.0009471641915868959	0.0	6.290521439980557e-19	3.4399258502014826e-10	-1.3272630818812874e-11	0.0	-0.24595314244778818	0.13271837154832872	0.006024263105831442	-1.028774282431455e-12	-0.16933611482298924	0.0	-1.9230569841705918e-8	1.980113837980682e-31
1.9776739995533594e-50	0.0	0.0	0.0	0.0	0.02872391421986347	3.6655674580225044e-7	0.0	-2.9277180637442053e-9	0.0	0.14531202670065807	0.0	0.0	-4.942224621336795e-9	0.0	0.0	4.881847240692695e-18	5.913889576815132e-18	0.0	2.6166011488635736e-12	0.0	4.7464231373538645e-6	5.259462209636839e-19	0.0	1.7116465439418826e-18	-0.003744161823487261	-9.200059799303726e-5	0.0	-0.0072197278705006425	0.0	0.0	-9.32968183274299e-16	1.670327347888108e-7	0.0	0.0	2.104095631951227e-16	-1.6597694550737604e-11	0.006635439733957936	-9.173095851746974e-7	9.936543526303009e-10	-3.0660873121760167e-7	2.340995637891305e-7	-5.823852511364077e-20	3.695023655049674e-7	-4.725273794972742e-8	0.016923371422226784	-6.720480370849343e-8	1.1590962302420441e-5	-1.3628059246543592e-5	0.0019685636919039512	1.0246778617109008e-8	3.3771369013338575e-5	-0.00018070395546160314	6.536448299886065e-13	0.3179553065505779	2.2307779810708528e-7	-5.8589665672093465e-8	-6.269197183609245e-15	-0.016784448026700958	0.001878928260874269	3.549117798054451e-14	-0.001435590631102818	-2.893861478837136e-15	-1.8522059073340238e-15	8.951012335109788e-8	0.0	0.0	9.998770379166853e-8	-2.919693433826095e-8	0.0	-1.3460197837593198e-17	9.297630382788626e-17	2.7862477803932177e-5	-4.0865335722542935e-7	0.0	0.0032854723814039494	0.002731229111609248	0.0	-2.358080884622171e-6	-1.390536698005274e-14	2.0389183570377517e-17	-1.7978236995888836e-10	0.0	-9.693673090669617e-10	0.0	0.0	-0.0638227660020313	0.0	-1.545849774396728e-18	-9.03052781639731e-10	3.5960538029073393e-11	0.0	0.7282905500078442	-0.28237351704881947	-0.017356476640306463	3.0134081260082967e-12	0.5116064886671555	0.0	6.541449164813115e-8	-6.826731389946605e-31
1.5653566038684887e-49	0.0	0.0	0.0	0.0	0.029126186964461422	2.723321885119865e-6	0.0	-2.0685860677074866e-8	0.0	0.9767992882587864	0.0	0.0	-3.203523425825663e-8	0.0	0.0	2.972120760122493e-17	3.590415740616353e-17	0.0	1.5166928008157275e-11	0.0	2.691010119586762e-5	2.953227927829339e-18	0.0	9.038587461133e-18	0.00375995161305849	-0.000506985487858321	0.0	-0.03545890159964608	0.0	0.0	-4.225394850943064e-15	7.02918526304736e-7	0.0	0.0	8.215962228190354e-16	-5.661363983430001e-11	0.022066437701567104	-2.9555834193109913e-6	3.1532985862994983e-9	-9.61518553393624e-7	6.942532148159288e-7	-1.7258684434212073e-19	1.0297208596808828e-6	-1.238529860346905e-7	0.03641504126562311	-1.3902483941534685e-7	2.0673678399517033e-5	-1.9811927260387625e-5	0.002828837842625928	1.3021817476917767e-8	2.0875567785102042e-5	-9.295495468753121e-5	-1.7260398431296442e-14	-0.07263090162675018	-1.1134154257138472e-7	2.9624577689994726e-8	3.3658463649594817e-15	0.0035152645838491745	-0.011839837066009018	-1.0508814684153278e-12	-0.0569494859103427	-2.933214686288231e-14	-9.795367468118711e-15	3.59766128915569e-7	0.0	0.0	3.616276132723262e-7	-9.404921417997517e-8	0.0	-3.441538450694711e-17	2.3754943116757433e-16	6.432315877310348e-5	-7.841671838951207e-7	0.0	0.005320772462340464	0.004398512578646742	0.0	-3.629752653115305e-6	-1.664659101776758e-14	2.0996234869599122e-17	-1.7719162386167133e-10	0.0	-6.047122144967244e-10	0.0	0.0	0.007073979198242552	0.0	-4.18508730761938e-19	-1.4781620419633594e-10	3.4263395611863724e-12	0.0	-0.04016372231815944	0.00041162312280887506	0.004061400020141756	-8.111486986615137e-13	-0.17754878019086529	0.0	-4.7440763194914446e-8	5.276579946141817e-31
2.250562195582475e-49	0.0	0.0	0.0	0.0	0.0038145782243121772	2.016013293130701e-6	0.0	-9.50555370041156e-9	0.0	0.14446183710434346	0.0	0.0	2.4896647667554256e-9	0.0	0.0	-1.3429522407524521e-17	-1.680251013729913e-17	0.0	-1.1055687520356996e-11	0.0	-2.2820716562985734e-5	-2.6515969108165608e-18	0.0	-9.035641943111084e-18	0.0006885432014684492	0.0005183400967599435	0.0	0.0556274224857554	0.0	0.0	8.122995647526777e-15	-1.5558337929646329e-6	0.0	0.0	-2.0394869842917395e-15	1.6429002616339052e-10	-0.06557592820816659	9.02969664401119e-6	-9.755575369300598e-9	3.0031519344510648e-6	-2.2600577914954068e-6	5.621232850156532e-19	-3.4902976245544497e-6	4.346988669723159e-7	-0.13954880428046681	5.404443285033021e-7	-8.429378384740459e-5	8.543391307695761e-5	-0.012235137019988187	-5.810001922908482e-8	-0.00011336095573972011	0.0005366825152134406	-5.862839237251435e-13	-0.03291740956781467	2.1673735991144472e-7	-5.844865270706346e-8	-7.037466170968289e-15	0.002427026795573213	0.04722518356553207	4.406121120079467e-12	0.2453081584559702	1.3130902669931056e-13	4.645160603497135e-14	-1.7834382899568303e-6	0.0	0.0	-1.8318161014785078e-6	4.892762372444664e-7	0.0	1.9021603442492384e-16	-1.3132183427212366e-15	-0.0003658357806260447	4.6991365854145325e-6	0.0	-0.03341549580452181	-0.027665485946954366	0.0	2.311031538314398e-5	1.1318056747480015e-13	-1.4828530984161714e-16	1.2652183284354188e-9	0.0	4.849306846330306e-9	0.0	0.0	0.016494214125325795	0.0	4.3627128119709986e-18	1.909940233418678e-9	-5.949374894421549e-11	0.0	-0.44765148667111937	0.27946499478300585	-0.011786526798545895	2.8309950814644903e-12	0.7796252972980517	0.0	2.957866450764046e-7	-3.357866974746097e-30
1.7107177493088052e-48	0.0	0.0	0.0	0.0	0.0008179294676764846	1.2613773199787787e-5	0.0	-4.902607546996737e-8	0.0	0.038683060797782	0.0	0.0	4.8988152604357634e-8	0.0	-5.4897041448364805e-18	-1.1627668656994265e-16	-1.4393573536334256e-16	0.0	-8.345067723591852e-11	0.0	-0.00016522885788632322	-1.8897247064464784e-17	0.0	-6.255178289761257e-17	0.00031628232722509655	0.003560956760892878	0.0	0.33404365292127386	0.0	0.0	4.50932977629968e-14	-8.104013003316152e-6	0.0	0.0	-1.001256658384184e-14	7.341429182966993e-10	-0.28841701572611345	3.8965948226640515e-5	-4.172788732930615e-8	1.2758789778412574e-5	-9.315415568593343e-6	2.3160519039286073e-18	-1.3950941678937798e-5	1.6907185601452235e-6	-0.5060414817688115	1.938038027160979e-6	-0.0002917687387824029	0.0002853733780430359	-0.040800642970756175	-1.9068635246059838e-7	-0.00035191091343391107	0.0016510399093155404	-1.6420004681868448e-12	-0.019810667375680466	7.144382166364035e-7	-1.9223122173524162e-7	-2.292523063040398e-14	0.002912599560019016	0.1339356225642231	1.2093505359628787e-11	0.6580767356691893	3.385376831712174e-13	1.1104351801715311e-13	-3.970059964182247e-6	0.0	-2.2194043539159955e-18	-3.92226917114846e-6	9.947382699103025e-7	0.0	3.3815336634593763e-16	-2.333403100584604e-15	-0.0006051958041853297	6.711522270200163e-6	0.0	-0.041076805904778364	-0.03383366568017933	0.0	2.7098299043311863e-5	1.0368968648684299e-13	-1.1610281895859912e-16	9.451599671271289e-10	0.0	2.139926408676294e-9	0.0	0.0	-0.006377161357892256	0.0	4.2742779171770485e-19	-3.0564056242657934e-12	4.6389128668077055e-12	0.0	0.15414355822349757	-0.09353611709878804	0.0011582137382520326	-5.260300096965987e-13	-0.2432829393552663	0.0	-2.1313838996378873e-7	2.577491375472077e-30
9.032694987746793e-48	0.0	0.0	0.0	0.0	0.0002461983352927072	5.7551560320625196e-5	0.0	-2.0859176617179053e-7	0.0	0.01584862658952247	0.0	0.0	1.8974498377271203e-7	0.0	-1.967034952628187e-17	-4.00509845504149e-16	-4.933456930623794e-16	0.0	-2.6359158918535295e-10	0.0	-0.000501928303091475	-5.645473445438116e-17	0.0	-1.8094935919021967e-16	0.000271333080097641	0.010188090535907723	0.0	0.7735922456215546	0.0	0.0	8.864379676596366e-14	-1.3613118066960464e-5	0.0	0.0	-1.4193868207347219e-14	7.451443472201429e-10	-0.27374664672851057	3.3941169401212797e-5	-3.4847120208741734e-8	1.0305333473046908e-5	-6.397347071292456e-6	1.5870465768523171e-18	-7.905208383879516e-6	7.813880750227534e-7	-0.10340555844221132	3.1918033751556104e-7	-1.2241214165377574e-5	-2.1746657150371556e-5	0.0033286882047565565	2.5169334380969267e-8	0.0001010526733167064	-0.0005070210231316375	6.767267254901382e-13	0.034441339878115734	-2.900370114410715e-7	7.828118186203371e-8	9.465038493604646e-15	-0.003116616037230936	-0.08738137859528762	-8.989706026715726e-12	-0.5313836025975212	-3.108762270891262e-13	-1.2480000456915283e-13	5.201136365803146e-6	-8.783534290078232e-19	3.0141041743261733e-18	5.524381740464956e-6	-1.5281339475724133e-6	0.0	-6.258953556419996e-16	4.321547585003737e-15	0.0012171982091645252	-1.5597586424008084e-5	0.0	0.10797685428395927	0.08928492145098764	0.0	-7.377632764125521e-5	-3.326033788957814e-13	4.088011323998568e-16	-3.4185082086510493e-9	0.0	-1.0345982939176501e-8	0.0	0.0	0.0016358427328665738	0.0	-5.5950591280688674e-18	-1.90088041696856e-9	4.548062524048826e-11	0.0	-0.036333107601023824	0.021575105061219044	0.007931923600313483	-1.0648240509662554e-12	0.053618762495370696	0.0	5.069314912540705e-7	-6.462250068272597e-30
3.4491653187347054e-47	0.0	0.0	0.0	0.0	5.878532186035562e-5	0.000178384356537516	0.0	-5.861162446904588e-7	0.0	0.00475027158423075	0.0	0.0	4.292474756704048e-7	0.0	-3.9412820818456144e-17	-7.473263312107789e-16	-9.121127652374042e-16	0.0	-4.140627920287398e-10	0.0	-0.0007242883256600525	-7.843536277092716e-17	0.0	-2.3303826023800664e-16	0.00012631057964298842	0.012769777233177447	0.0	0.5004123534024844	0.0	0.0	2.0700936024085884e-14	1.7318433401230364e-6	0.0	0.0	6.92389965649874e-15	-8.570337448548092e-10	0.35061020977796425	-4.9179268334590114e-5	5.339464073278988e-8	-1.647498267616398e-5	1.2349863657447779e-5	-3.07108441643882e-18	1.8590234706170128e-5	-2.225516288554861e-6	0.6015452814407077	-2.2444952952021243e-6	0.00030490149321880645	-0.0002597009990967457	0.03685481428808497	1.5970298166453744e-7	0.0002135984200761062	-0.0009484471672562795	6.548096285584369e-13	-0.0311837698682931	-2.775583703377488e-7	7.427223986462062e-8	8.636967179726866e-15	0.0022000629580836233	0.014919387579441936	3.932483882071745e-12	0.31882249096025755	2.627319153469387e-13	1.5219178877418202e-13	-7.808228029540588e-6	1.3436531617363056e-18	-4.725063776328754e-18	-9.033115568630508e-6	2.7462026948532467e-6	0.0	1.3468194231061287e-15	-9.304255712582766e-15	-0.002815676126232854	4.051070244235323e-5	0.0	-0.30648575652819665	-0.2541047233253391	0.0	0.00021440144781387533	1.0670214017780952e-12	-1.3750113980730305e-15	1.1641514998711552e-8	0.0	3.895763828261923e-8	0.0	0.0	-0.000569704903219658	0.0	2.35578119268167e-17	8.30590924819041e-9	-2.0586657026798233e-10	0.0	0.010936735396457427	-0.006186809823851464	-0.03869010104962649	5.595913326484405e-12	-0.015625568886549347	0.0	-2.407634140019215e-6	3.111437892133506e-29
1.5685581879809881e-46	0.0	0.0	0.0	0.0	1.0259143746948702e-5	0.0006774510787285602	-2.545328765702961e-18	-2.0459082118627048e-6	0.0	0.000977364354299139	0.0	0.0	1.236220733827162e-6	0.0	-1.0189267562595696e-16	-1.809976595544536e-15	-2.190259515334349e-15	0.0	-8.498403035077465e-10	0.0	-0.001362245169284463	-1.4164811867297978e-16	0.0	-3.865341701506603e-16	3.595275533068144e-5	0.02051715136111951	0.0	0.16732177076490748	0.0	0.0	-5.6685024482410174e-14	1.581202386785551e-5	2.516176315676186e-18	0.0	2.125075020955957e-14	-1.2907992054334766e-9	0.47513996469420106	-5.8564644669887924e-5	5.977186394394007e-8	-1.7570666698890156e-5	1.0439104543795981e-5	-2.5877706208955194e-18	1.1897185955175362e-5	-1.0421750234698454e-6	0.030026526528569533	3.665688954912562e-8	-7.045736279875032e-5	0.00012015259704724103	-0.01747356403809738	-9.37451991722515e-8	-0.0002221878103326952	0.0010610341317046769	-1.1070497273016406e-12	-0.013267043848956862	4.856294612091682e-7	-1.3066257026662793e-7	-1.5579861663803308e-14	0.0012710875757320477	0.0739254492492827	5.1315306496829e-12	0.2008264547731904	1.3329193782239743e-14	-7.421459725195717e-14	6.221988500854136e-6	-1.1099152360235794e-18	4.084785291643386e-18	8.418484017354047e-6	-2.9933367478377124e-6	0.0	-1.920265803246815e-15	1.3275937687622576e-14	0.004439064784703503	-7.457654480992391e-5	0.0	0.6328792605265889	0.5264967197313646	0.0	-0.00045618196975323177	-2.567817600310347e-12	3.5043836924600246e-15	-3.011277794543544e-8	0.0	-1.131777948849811e-7	0.0	0.0	0.0003268239527017061	0.0	-7.651004647192607e-17	-2.7720467173072915e-8	7.003470608057658e-10	0.0	-0.004591303082813774	0.0020617801741335128	0.1441259935957048	-2.109297745110351e-11	0.009306837711462288	0.0	1.0010275601133653e-5	-1.3081573661555398e-28
9.686559659091177e-46	0.0	0.0	0.0	0.0	2.240506572774291e-6	0.0036872554143863308	-1.3290057290285117e-17	-1.0527929645943826e-5	0.0	0.0002615878308523672	0.0	0.0	5.637920150076296e-6	0.0	-4.364437501464795e-16	-7.476631465507416e-15	-9.005399670010775e-15	0.0	-3.2188883370554044e-9	0.0	-0.004942137179464621	-5.039515886436689e-16	0.0	-1.321205549223325e-15	1.8169235185498736e-5	0.06910076826004195	0.0	0.07954155187574867	0.0	0.0	-1.9810547079836156e-13	4.3419597666308844e-5	5.957817631519516e-18	0.0	4.8434908566735454e-14	-2.011768164019284e-9	0.6758014745572867	-7.301646350994095e-5	6.929455100190863e-8	-1.9137490557753297e-5	7.621120070652415e-6	-1.875894011974879e-18	2.8313306712635787e-6	4.5068954803491986e-7	-0.5575913132848392	2.2968151015736232e-6	-0.00039752415509841334	0.0004047134083960118	-0.057858426031942425	-2.6811235513233704e-7	-0.00043994244916596297	0.0020112804489583547	-1.682870754968649e-12	0.01915314042029417	7.054623738305355e-7	-1.8932849114634593e-7	-2.2313584539042143e-14	-0.001250599214628514	0.035639201486434555	-8.293538316732273e-13	-0.20856557388389643	-2.5668965595020574e-13	-1.7283573000970311e-13	8.572675182896108e-6	-1.4613859821718688e-18	5.065865379547898e-18	9.389169092799263e-6	-2.5647391523652414e-6	0.0	-7.617583179889062e-16	5.248256356400402e-15	0.0009378406525765367	7.2265939112340835e-6	0.0	-0.21971475418233116	-0.18684464841135076	0.0	0.0001897673766507013	1.8408228511182378e-12	-3.0408865610036873e-15	2.733940557548809e-8	0.0	1.4041765005765743e-7	0.0	0.0	-3.793805342529492e-5	0.0	1.2176828647193585e-16	4.6593806968614685e-8	-1.220773450282909e-9	0.0	-0.0010374275085729067	0.0015793358972708994	-0.29918854268491385	4.447497045967193e-11	-0.007094931568796295	0.0	-2.5445481961350808e-5	3.385998223402339e-28
4.844040689341705e-45	0.0	0.0	0.0	0.0	3.066401655294868e-7	0.015817566454588938	-5.418881602321463e-17	-4.216820759818092e-5	0.0	4.1599226435235186e-5	0.0	0.0	1.9484283795702387e-5	0.0	-1.3984014296589606e-15	-2.2945526018487634e-14	-2.7485921525994715e-14	0.0	-8.942763925351322e-9	0.0	-0.0131033449439712	-1.3091647277665252e-15	0.0	-3.2974391791523208e-15	1.4666196676735409e-5	0.1700430764200719	0.0	0.010331733534704193	0.0	0.0	-3.191255696435064e-13	5.465283812346939e-5	5.955230043092285e-18	0.0	4.5221165340887447e-14	-7.005876256369653e-10	0.15173252868283224	-3.7825568426832383e-6	-2.9508232443573876e-9	2.372008105801224e-6	-5.253222031244507e-6	1.3139556611915486e-18	-1.0289200352665435e-5	1.254166312353387e-6	-0.15894517512189643	4.1042463851294286e-7	3.787624814513136e-5	-0.0001305657032581177	0.019244574903853034	1.1417689095326918e-7	0.0003163028050654274	-0.0015255110330699713	1.6186123501935803e-12	0.00702645285055157	-7.335986861200992e-7	1.9731972409866968e-7	2.3496545553246967e-14	-0.0006637190543554318	-0.09348133477609658	-4.610768296011084e-12	-0.05824775899775008	1.8671454440462613e-13	2.3918043689852584e-13	-1.5735680958513187e-5	2.7562511198655912e-18	-9.906475896495192e-18	-1.9594762397756294e-5	6.310196101399835e-6	0.0	3.0913235107801172e-15	-2.1348525734536752e-14	-0.0059918068492665405	6.104299182761783e-5	0.0	-0.17937249712702744	-0.13970074300573737	0.0	5.413830786765684e-5	-1.7858206960364687e-12	4.0757511460199125e-15	-3.897743320349035e-8	0.0	-2.8245312154793586e-7	0.0	0.0	-0.00020952450398055176	0.0	-3.0487671298914705e-16	-1.2199044078615378e-7	3.291189983749032e-9	0.0	0.008106866284592302	-0.007537871950903759	0.926059415561487	-1.3930374881645065e-10	0.016759240096524176	0.0	9.215547317287977e-5	-1.243511074938355e-27
3.8931407450792884e-44	0.0	0.0	0.0	0.0	1.4822724244768595e-7	0.11569967193090862	-3.8462588245083947e-16	-0.00029620016977627197	0.0	2.833894135995407e-5	0.0	0.0	0.00012586978921775966	0.0	-8.669616502429223e-15	-1.3903678203450646e-13	-1.660688596644295e-13	0.0	-5.1479106614741316e-8	0.0	-0.0736938144064525	-7.289629994239701e-15	0.0	-1.8010241229668302e-14	6.777748843933921e-5	0.9225796178881064	0.0	-0.02470392181034925	0.0	0.0	-1.3883456138895323e-12	0.00021329039825944543	2.0817604126296357e-17	0.0	1.526463428971079e-13	-8.35483129067437e-10	-0.06859523283689736	5.81582022789246e-5	-8.078568864033789e-8	2.8313375398273175e-5	-2.7345304720779554e-5	6.807518391936209e-18	-4.030611078770573e-5	3.994818617239538e-6	0.03220954728228685	-9.55188648864408e-7	0.0005170684622430518	-0.0008027418657360636	0.11643144233530518	6.104164475791111e-7	0.0013446619528302102	-0.006348743573672216	6.166814003826446e-12	0.00015832919338601786	-2.7028479291930078e-6	7.264623392510409e-7	8.621077480262809e-14	-0.00046747687299788664	-0.2717265781422148	-1.045000496707633e-11	0.06931815715957365	6.851808367442314e-13	6.798396980327392e-13	-3.9484662838475144e-5	6.829635317018965e-18	-2.4136045583765553e-17	-4.6303426869430124e-5	1.3802991226766727e-5	0.0	5.512852112417255e-15	-3.8041183797380846e-14	-0.009437605986172022	6.611523395536323e-5	2.3320680664026312e-18	0.03852151060312672	0.04657479717552672	0.0	-0.00013803237234755829	-3.107275321726557e-12	5.41086572585592e-15	-4.866364756440577e-8	0.0	-2.1292094249263937e-7	0.0	0.0	4.163545649766078e-5	0.0	-1.0413164054058789e-16	-2.9651017811801238e-8	5.774855535743389e-10	0.0	-0.0015122645283441826	0.0013839298398491621	-0.16637729471157153	2.9666394171859036e-11	-0.0029552493505289462	0.0	-6.12601755521969e-5	8.858003344500057e-28
1.0746208390134828e-43	0.0	0.0	0.0	0.0	5.470854378910176e-8	0.2382036950463165	-7.115695562057635e-16	-0.0005270390814831954	0.0	4.233424346049264e-6	0.0	0.0	0.0001563815582835367	0.0	-8.654398724882983e-15	-1.2068658840297075e-13	-1.41468762513072e-13	0.0	-3.0399250659237914e-8	0.0	-0.034723332130111	-3.0709871563840686e-15	0.0	-5.893965935198407e-15	1.9762826588209414e-5	0.2725330998071747	0.0	-0.009231639491961319	0.0	0.0	8.480523061760511e-13	-0.00019438312417717268	-2.37772123145799e-17	0.0	-1.8345803332854075e-13	1.7767986112671775e-9	-0.05910149329658384	-7.904172474179364e-5	1.2073685457609101e-7	-4.438386584715397e-5	4.893836029928413e-5	-1.2198870294660105e-17	7.921560486653196e-5	-8.475312612528657e-6	0.09301890806965538	1.5795640530106534e-6	-0.001173378746801585	0.0019798651368985202	-0.28803918696112873	-1.5512222072064298e-6	-0.0036670992251794723	0.01745409591818541	-1.7541210111007017e-11	-0.007438714372235798	7.840731734498431e-6	-2.1079668953238294e-6	-2.504715135014251e-13	0.0019556666906683272	0.8615755991158695	3.497756763800185e-11	-0.14704591728954994	-2.2815319307595057e-12	-2.4367385590951634e-12	0.00014950057607430103	-2.6008133445365932e-17	9.262549983121436e-17	0.00018019062273730256	-5.5604171871231865e-5	0.0	-2.412455113079231e-14	1.6651922722681495e-13	0.04311609911529411	-0.000335470273123569	-1.412278032904821e-17	0.01210941455328509	-0.06281330023653503	0.0	0.0005527365085647407	1.6213052841799513e-11	-2.9889571245353463e-14	2.7281250354720117e-7	0.0	1.3673979351500134e-6	0.0	8.070257410998217e-19	-1.4052357638777519e-5	0.0	8.682360483950134e-16	2.848073377522586e-7	-6.494893796523258e-9	0.0	0.00046272923543913633	-0.0004132718131010553	0.04807281235004813	-3.526661608438071e-11	0.0008301093904321648	0.0	0.00029335990343214147	-4.3696743628018634e-27
5.133861485003041e-43	0.0	0.0	0.0	0.0	1.0850545520978204e-7	0.9444152627765284	-2.6365918161176966e-15	-0.001905047471069369	0.0	-1.1946125038275607e-5	0.0	0.0	0.00044525712661092455	0.0	-2.088062475341605e-14	-2.577787788501104e-13	-2.9686078476346657e-13	0.0	-4.030125828919599e-8	0.0	-0.02714011890638554	-1.4805168961119476e-15	0.0	1.7117988890154919e-15	-1.3174694315966892e-5	-0.17729733592016084	0.0	0.004298291462423234	0.0	0.0	2.977558693694898e-12	-0.0005242674647623678	-5.4077910654550035e-17	0.0	-4.0019185995076067e-13	2.5532966256481713e-9	0.01513602726665024	-0.0001238270412605942	1.77004094284902e-7	-6.253848735872905e-5	5.951716896006723e-5	-1.4809707086756867e-17	8.346747738211819e-5	-7.785865214780447e-6	-0.01284859303232765	1.2262204519701386e-6	-0.0005861731142796166	0.0007061324903034159	-0.10097072511108834	-4.5642341617228365e-7	-0.00047558857810417736	0.0019153634630546894	-4.2998791984033545e-13	0.0024369813456670514	-2.340175070319535e-7	6.431571045368182e-8	8.432008990981731e-15	-0.0005274262381476988	-0.2209092142582768	-1.2319682224829088e-11	0.0345965506112395	1.1454924174511824e-12	1.7021512549351383e-12	-0.00012987493305104968	2.3069945071271964e-17	-8.444567712392442e-17	-0.00017234053742579936	5.9389916169919e-5	0.0	3.2130496303207565e-14	-2.219308032811916e-13	-0.06294237934036873	0.0005698724405278646	2.6137322476132464e-17	-0.06379551718461855	0.08490687157863068	0.0	-0.0010457520874357776	-3.561138323661779e-11	6.978546115261648e-14	-6.470615969392673e-7	0.0	-3.6713044059083155e-6	0.0	-2.3143617820184563e-18	2.1367133870468593e-6	0.0	-2.6352712144759476e-15	-8.920350266131005e-7	2.0808544404826415e-8	0.0	-6.647405182812629e-5	5.855600330704892e-5	-0.0066860902987489965	9.8334341223143e-11	-0.00011363815846664933	0.0	-0.0011233712379642884	1.695085682873445e-26
4.785703551499571e-43	0.0	5.835174043090373e-19	0.0	0.0	2.06581142123618e-8	0.1889639430014117	5.847573888502647e-17	0.0001870177761645597	0.0	-2.729278550297974e-6	0.0	0.0	-0.0003104445651905627	0.0	2.0841789099859112e-14	3.03751391270326e-13	3.5694111071909446e-13	0.0	6.985341538427171e-8	0.0	0.0644206441096081	4.762239713420835e-15	0.0	3.783539803982331e-15	-3.488887397412018e-6	-0.04851833163879367	0.0	0.001547391389889687	0.0	0.0	-7.1729524014002716e-12	0.001451750136048327	1.6434274379817019e-16	0.0	1.243492575548323e-12	-9.51671837340672e-9	0.012276465844049981	0.00047124332422099824	-6.87365862451491e-7	0.0002461974576962524	-0.0002477703844838292	6.169540662571688e-17	-0.00036745275446696416	3.612168751253259e-5	-0.044322658890144404	-6.271770034699407e-6	0.0034824627144234934	-0.004837542562698196	0.6971546002631213	3.42137991124181e-6	0.005681282669859304	-0.025598506011802323	1.9400991632418607e-11	-0.003154937815081265	-6.817440676285797e-6	1.8266960195141546e-6	2.1357300160019153e-13	0.0004213772769129707	0.1479642873310941	2.2298187998736657e-11	-0.01572491550052987	-3.2174434554787117e-12	-6.032619288515988e-12	0.0005168853776942507	-9.275065075768321e-17	3.4399346955901464e-16	0.0007179707074529926	-0.00026002156382629304	0.0	-1.5447350070245526e-13	1.067273862350131e-12	0.31419956129179166	-0.003023332628003449	-1.4306695132788013e-16	0.3761043800312954	-0.4543850351190491	0.0	0.005867999195939217	2.1121059948140423e-10	-4.2468951287961057e-13	3.9643680830162716e-6	0.0	2.3739707587993706e-5	0.0	1.5406521593646032e-17	-1.1462568397384767e-6	0.0	1.7982603109284944e-14	6.168459617260255e-6	-1.4521794515616043e-7	0.0	2.9839774063784512e-5	-2.5227801083595615e-5	0.002729255477202943	-7.147945014969528e-10	4.434918483708817e-5	0.0	0.0087343847178689	-1.32594357705498e-25
2.307411161399508e-42	0.0	2.2232195998852877e-18	0.0	0.0	4.0255113891058036e-9	0.03914612090185564	2.9289948462623035e-15	0.002827268928983287	0.0	-6.817053149150534e-7	0.0	0.0	-0.0018132942133564282	0.0	1.0777093035623532e-13	1.4857089474351568e-12	1.7342183828689808e-12	0.0	3.039092853836792e-7	0.0	0.26282243235680197	1.8673979140003547e-14	0.0	1.160566340217776e-14	9.026371956882393e-7	0.008006459424187104	0.0	0.00028967385926208667	0.0	0.0	-2.1831825247143156e-11	0.0039422406590896965	4.079731204978238e-16	0.0	3.0163715553163937e-12	-1.8935076980534265e-8	0.005231835857790628	0.0008709260064866066	-1.2434471331450898e-6	0.00043815754017975054	-0.00040935945242867095	1.018337852325173e-16	-0.000560944929110502	5.1199461718224264e-5	-0.029821097320340627	-7.034835879330675e-6	0.0034190163994709004	-0.004120325350326338	0.5895996130399865	2.6984330233705467e-6	0.0034160726403784343	-0.014729047686249013	8.724252344250359e-12	-0.0037168565776375434	-2.3566154438827348e-6	6.2878433823715e-7	7.202255444640534e-14	0.0006310166452936356	0.247954315366765	1.4629469226956733e-11	-0.03534952241166687	-9.916287618308656e-13	-3.570798767200907e-13	-6.564714965027663e-5	1.357196011359763e-17	-5.924037944898675e-17	-0.000157091453317081	8.667834137057348e-5	0.0	9.234564870880232e-14	-6.389824550433065e-13	-0.22742732127656537	0.002880485672956301	1.5431056598543756e-16	-0.4373902434479052	0.5233546561633949	0.0	-0.007093828753022458	-3.09411785061092e-10	6.781941753093071e-13	-6.471474936729065e-6	0.0	-4.585044133750088e-5	8.368443945409061e-19	-3.2395162570267874e-17	5.688748121649771e-7	0.0	-4.053322667428091e-14	-1.441566228988091e-5	3.4778060989170477e-7	0.0	-1.2817143365946704e-5	1.0463188289748666e-5	-0.0010798975157199147	1.956663847524432e-9	-1.685495200977887e-5	0.0	-0.02755671797023442	4.242373840024393e-25
1.3479393736189448e-41	0.0	1.210902778176598e-17	0.0	0.0	1.8938977163255455e-9	0.020858991478983693	1.5041628242408255e-14	0.014192947873391213	0.0	-5.30481600866659e-7	0.0	0.0	-0.007961213978951505	0.0	4.451612307265952e-13	5.9325438057717e-12	6.895295769512444e-12	0.0	1.1241158831605524e-6	0.0	0.9378427166800799	6.555172760024503e-14	0.0	3.8865108967486605e-14	6.8037698112581696e-6	0.07769536086583345	0.0	-0.0006436265856201006	0.0	0.0	-5.3595802033463974e-11	0.00844072211273117	7.774096616786312e-16	0.0	5.5700927242434425e-12	-2.60119266680596e-8	-0.002785550495298232	0.0010444726445191595	-1.4345320425037095e-6	0.0004901935977357119	-0.00039366852608036787	9.772695270116755e-17	-0.0004483838394160535	3.334790210268912e-5	0.01099228818545849	-1.333759964844446e-6	-0.0001713802695927571	0.001291007059634445	-0.19253880731629755	-1.2349327570952734e-6	-0.0033838183848749026	0.015943095659072357	-1.4319209952143042e-11	0.001071100000864074	5.556716620445588e-6	-1.4906738196364751e-6	-1.7528011608291727e-13	-0.0001684600047817358	-0.0642170231357745	-1.8515624123284965e-11	0.008554069710092456	3.111190619961072e-12	6.056898888663628e-12	-0.0005022264881968815	8.949220396733091e-17	-3.284293376769351e-16	-0.000670235936501777	0.0002247622988933234	0.0	9.437148711219152e-14	-6.508646676887603e-13	-0.13926578593923203	0.00018239090138180884	-2.7648571525540916e-17	0.13896610730800463	-0.1650974551878876	0.0	0.002872604902284917	2.46279142962703e-10	-6.646715788544584e-13	6.653109301199566e-6	0.0	6.480018256658556e-5	-1.3490791490673444e-18	5.2556573786073104e-17	-1.0833778258169287e-7	0.0	7.303874968907174e-14	2.7371542772123768e-5	-6.836154412315576e-7	0.0	2.2320540447386296e-6	-1.7762969116845322e-6	0.0001761965509920552	-4.607288326675026e-9	2.6328145757522115e-6	0.0	0.07747991731447572	-1.2132484827024703e-24
3.4417044236126624e-41	0.0	2.66493472391159e-17	0.0	0.0	2.8797915251218465e-10	0.003308050837784744	2.4607537607715133e-14	0.022173167335402272	0.0	-9.124547566246853e-8	0.0	0.0	-0.00803453160604465	0.0	3.370852127252152e-13	3.6923460803393695e-12	4.1760714463753156e-12	0.0	3.7506065106724706e-7	0.0	0.1955600036276574	1.0211076618253055e-14	0.0	2.0015593083246427e-15	1.4633207672736792e-6	0.01681618415727178	0.0	-0.0001578846851047003	0.0	0.0	5.0838164043089294e-11	-0.010824355714415009	-1.198078394810259e-15	0.0	-8.953151163792659e-12	5.6609692234953615e-8	-0.0010239007355939784	-0.0025257357605770144	3.5648575349167885e-6	-0.001244058265289405	0.001101336694503743	-2.737534782341318e-16	0.0013995583305719246	-0.0001168233719982706	0.005560876812874024	1.0027226931736444e-5	-0.0030151985316316837	0.0009393384344454921	-0.11425256489987111	4.0672380035684725e-7	0.0055583345429943915	-0.027825691541750498	3.054203328277039e-11	0.0007562781069140665	-1.3145107428922294e-5	3.530642309473431e-6	4.1753837450182434e-13	-0.0001384580839888797	-0.0561414952861883	4.214205584691679e-11	0.008645052096013293	-9.018781390452467e-12	-2.01921263902165e-11	0.0018475455268005434	-3.3259252431371496e-16	1.2374569314287574e-15	0.0025890864769948555	-0.0009253748798445387	0.0	-4.675229822078796e-13	3.2270643779627092e-12	0.7975654081265048	-0.0036667675952070525	-3.179944922655995e-17	-0.18827669690157445	0.22096669786380466	0.0	-0.005996176141609469	-8.735354869337815e-10	2.5992792238346368e-12	-2.6563590947720167e-5	0.0	-0.00029472363928686784	6.467502715166175e-18	-2.526001666628494e-16	3.024353657285053e-8	0.0	-3.663143682338857e-13	-0.00014027011354157025	3.554232752286456e-6	0.0	-1.889454846188882e-7	2.6851205678178847e-8	2.0042121517448992e-5	2.58929083510748e-8	7.628485067318588e-7	0.0	-0.47244538318298096	7.458336215159766e-24
2.334123320881311e-40	0.0	1.6999730583053805e-16	0.0	0.0	4.3227237988066334e-11	0.0005915206735827411	1.394870733152552e-13	0.12351375192541475	0.0	-8.424745638128382e-9	0.0	0.0	-0.0377232733753067	0.0	1.3913992688033654e-12	1.3717620446907812e-11	1.526373374528399e-11	0.0	7.71082695353742e-7	0.0	0.02779438814934572	-1.56227556027406e-14	0.0	-2.925931318385572e-14	2.1546430020347744e-7	0.002493099706866674	0.0	-2.6480510801520114e-5	0.0	-1.3843971290648946e-17	2.5226304440222044e-10	-0.04777313359439639	-4.890067083599833e-15	0.0	-3.586048980221939e-11	1.9587965833454205e-7	-0.00022309219949637389	-0.008279929106288143	1.1525954993331989e-5	-0.003979772440013517	0.0033576694025187386	-8.34084961708255e-16	0.00405748038509822	-0.00032320828603440955	0.001475310129597392	2.344847509374162e-5	-0.0061387487475868495	0.0005736589255135411	-0.03370463605896036	2.021783948138495e-6	0.013371524088065056	-0.06546943095605139	6.644932254498847e-11	0.00020321945404271045	-2.7368590826335037e-5	7.347100097754043e-6	8.667327543842254e-13	-4.27096027253009e-5	-0.017867203922331026	7.679389524950742e-11	0.002919627969787003	-1.4217752283585494e-11	-2.7386807569192447e-11	0.0021669472298272703	-3.835891439195267e-16	1.394639876419158e-15	0.0027945207204529963	-0.0008887741264748995	0.0	-3.1574603339371e-13	2.1761922021856373e-12	0.42252695422765224	-0.0006886648480180439	2.7075183242755266e-17	-0.1289391103175375	0.151986708746262	0.0	-0.002226221464248522	6.315877285873933e-11	-5.879849119017337e-13	7.062080441489292e-6	0.0	0.00017295807324389922	-4.893862510848579e-18	1.9337417545977714e-16	7.564288669565964e-8	0.0	3.3769336185250637e-13	0.00014127431074821613	-3.7906833876249176e-6	0.0	-1.9717027474176546e-6	1.7371874762705878e-6	-0.00020758543898200384	-3.670835328056445e-8	-3.901498270578812e-6	0.0	0.8694282677569337	-1.406171374871243e-23
1.9499043729700222e-39	0.0	1.3607413822904709e-15	0.0	0.0	6.019207847265653e-11	0.0013130040806442434	1.0365481821414974e-12	0.9089150708561303	0.0	3.030135927351715e-8	0.0	0.0	-0.25655058941974745	0.0	9.091289983294442e-12	8.752557413145156e-11	9.708377993827877e-11	0.0	4.5451187282451755e-6	0.0	-0.021410642971074798	-1.0734576170115375e-13	0.0	-1.812728390856056e-13	-1.436859758628404e-7	-0.0016173644649224031	0.0	1.0332434632695328e-5	0.0	-7.241096915095077e-17	1.2699259442192683e-9	-0.22620304969261362	-2.2081267148365647e-14	0.0	-1.5998691924531803e-10	7.912570616110092e-7	7.213629879861922e-5	-0.032188017484675896	4.436735239450726e-5	-0.01520363248592925	0.012393477370083474	-3.077336075139637e-15	0.014451253523036263	-0.0011142803773931352	-0.0002942470908685272	7.282308976022436e-5	-0.01798300285528579	0.0009611419057636456	0.002756614085173828	6.189212456636271e-6	0.03622385124659567	-0.17563389288533784	1.7110889312469773e-10	-0.00014401579252039593	-6.860872208719846e-5	1.841197214419319e-5	2.168659879828582e-12	1.660854890959588e-5	0.0062934061617680006	1.6602516254899722e-10	-0.0008933703020836126	-2.7368969470971367e-11	-4.5102772384140565e-11	0.0029822983793512704	-5.159379701906632e-16	1.8160232113544833e-15	0.003414388455029588	-0.000892510759785999	0.0	-1.0124006276112714e-13	6.911540577837773e-13	-0.08645977199089319	0.0026572561932456883	6.823877398490995e-17	0.023934917277240002	-0.02817277079253927	-1.101665816479239e-18	0.003280127338599998	9.350261972368074e-10	-3.096656276284507e-12	3.2294541648925445e-5	0.0	0.0003848537639432252	-8.241758141448322e-18	3.2109884265616803e-16	-1.1577019293339609e-8	0.0	4.3607161860042804e-13	0.0001580045672792284	-3.815640981109198e-6	0.0	2.877118908035431e-7	-2.5042508778425327e-7	2.9429717649689663e-5	-1.606205115631476e-8	5.451745788302087e-7	0.0	-0.11567463727033224	2.66909610281263e-24
2.5784282081177817e-39	0.0	1.3294514247204743e-15	0.0	0.0	1.667138538389994e-11	0.0003969680903427807	4.287899339955711e-13	0.3118751655061949	0.0	1.3716128571556461e-8	0.0	0.0	0.049389408609158095	0.0	-3.965450554343779e-12	-4.957040539691402e-11	-5.655349576975908e-11	0.0	-3.854695448489554e-6	0.0	-0.010801063871521374	1.0598676256626073e-13	0.0	1.982662050846818e-13	-8.116012413519794e-8	-0.000935639802935914	0.0	1.1114023721735714e-5	0.0	1.3295828212532554e-16	-2.5681683961611893e-9	0.5223007947714006	5.5650022426793645e-14	0.0	4.1155454301777113e-10	-2.356650544260851e-6	2.1609885296764725e-5	0.10055647251230394	-0.00014022161288456238	0.04847311527383081	-0.04103650110989198	1.0194210231919663e-14	-0.049618683003890954	0.003944960111724454	-0.00044854364100924496	-0.00028022442576733657	0.07157379920760869	-0.004174486956712153	0.023363788115746416	-2.5521495578700942e-5	-0.15589797445852052	0.7595065311368238	-7.551042314600191e-10	0.0003795408320990882	0.00030675534964786803	-8.233442455065151e-5	-9.705038376151622e-12	-2.7151578670188523e-5	-0.009001833222773073	-7.987692602606198e-10	0.001015036002508154	1.373780613240166e-10	2.3824870577822956e-10	-0.016572778630765537	2.8844614885992943e-15	-1.0238448245329747e-14	-0.019562630149224578	0.0053637612516502986	-3.8784436837173814e-18	8.48064803361114e-13	-5.810849285245459e-12	0.04230959320111337	-0.014174484112179642	-4.169546311535848e-16	-0.009518336637906173	0.01115685217426423	4.747110430000081e-18	-0.01692739271016138	-5.753472734553608e-9	1.982879578678759e-11	-0.00020883210810766566	0.0	-0.0026892114458809085	6.00870137408707e-17	-2.346370006661149e-15	3.226072821341019e-9	0.0	-3.325981554117134e-12	-0.0012368438671016186	3.0463370063740925e-5	0.0	-7.375849509515523e-8	6.28717895748828e-8	-7.1819433718258416e-6	1.543970253035338e-7	-1.2983761406937293e-7	0.0	0.02540304610631921	-6.702597807176515e-24
9.485454119967713e-39	0.0	4.083237635799032e-15	0.0	0.0	6.295004602108099e-12	0.00017396547512116837	4.818874537518205e-13	0.17391289524418155	0.0	1.3145800760231937e-8	0.0	0.0	0.40212577911406655	0.0	-1.983701618361498e-11	-2.1558302234542739e-10	-2.4229454307749306e-10	0.0	-1.3466912508724774e-5	0.0	-0.0023439783257153558	3.3534108972433384e-13	0.0	5.898274851240679e-13	-2.3363062882423855e-8	-0.0002819932745968891	0.0	6.402644786590968e-6	0.0	2.5163808359280485e-16	-4.272929710865913e-9	0.6937541968861017	6.071307181504183e-14	0.0	4.25312576519943e-10	-1.4090847264988957e-6	-6.781663174921523e-5	0.04487554907469901	-5.7308044515937595e-5	0.01842597675613935	-0.010454769598145567	2.5812727790200507e-15	-0.006523193698085486	9.910606429631741e-5	0.0005169486230680015	7.655128786368855e-5	-0.028235448450379636	0.002184062942374229	-0.02047372201378748	1.4327803461823581e-5	0.11057454238954281	-0.552460514435795	6.079227833710475e-10	-0.0002558424208271065	-0.00026244298576613906	7.049083921663406e-5	8.337020874019926e-12	1.6336293901598436e-5	0.0051967487381216594	9.168015009312382e-10	-0.000539171486088315	-1.7966346011264583e-10	-3.556724227254644e-10	0.02746976584402652	-4.832613272201749e-15	1.7400572626451596e-14	0.03410757353553026	-0.009947433798640146	7.674884238289837e-18	-1.8196387655800407e-12	1.2475371320002308e-11	-0.014379308148237702	0.034202759172821735	1.0660812885932748e-15	0.0026381472576769336	-0.00304246104911559	-1.2262251455448704e-17	0.044900626155018775	1.685905881645384e-8	-6.07608687351469e-11	0.0006474194545936332	0.0	0.009149033595815656	-2.1430839859671843e-16	8.388899530485936e-15	-7.452025164030327e-10	0.0	1.2401469417608634e-11	0.00471616573225881	-0.00011795815510549283	0.0	1.591030090125785e-8	-1.3324819519046362e-8	1.486145117076647e-6	-6.531185552971526e-7	2.6319534776902024e-8	0.0	-0.004806663933281413	2.941327845003648e-23
3.290530928072663e-38	0.0	1.2556631065091423e-14	0.0	0.0	4.063997959901158e-12	0.00013391591195051816	9.431714383551031e-13	0.17122673518593906	0.0	1.879926162194684e-8	0.0	0.0	0.8567386224056678	0.0	-3.601970668034719e-11	-3.5770719600226255e-10	-3.9738957594232517e-10	0.0	-1.7966724698752722e-5	0.0	0.007273067113236193	3.82610108737536e-13	0.0	6.077233207468165e-13	4.929029882447683e-8	0.0005589373344239325	0.0	-5.917578977890607e-6	0.0	3.1573208600273334e-17	5.378261382001073e-10	-0.3828404657181927	-5.564767052761136e-14	0.0	-4.325913456765905e-10	2.96536088267479e-6	1.1909179067643697e-5	-0.12604489327302365	0.00017471337127352191	-0.060038666057767656	0.04878763420268532	-1.2111617382912128e-14	0.055189053826912686	-0.004039258326080755	-0.00016696251893078717	0.00018628022548107314	-0.03374115754107714	0.0010128627688703242	0.006373642218565672	4.05752140889765e-6	-0.02497815020167565	0.1535973029770493	-2.940737993879535e-10	6.75910820944479e-5	0.00015864993727207884	-4.271140814724604e-5	-5.106937593852483e-12	-4.01024219093305e-6	-0.0012387614610857318	-1.0804649565517717e-9	0.00012017581202446619	2.580935911743515e-10	6.06944525416008e-10	-0.05297045542191564	9.431050860035727e-15	-3.4499441041583444e-14	-0.06953304190718618	0.021644644531649285	-1.7818172475034914e-17	4.536551178312391e-12	-3.1116318370595266e-11	0.0019429493722645653	-0.09850998776398742	-3.223330587424772e-15	0.00032194150330405887	-0.0005325590358525038	3.828508033658832e-17	-0.14204201629950478	-5.809024778937652e-8	2.1802553498475422e-10	-0.002347819587821144	0.0	-0.0360970976838422	8.824308785508286e-16	-3.461738339311311e-14	1.37567674239085e-10	0.0	-5.3149423650104865e-11	-0.020622425205838596	0.0005229417500953808	0.0	-2.779443298732553e-9	2.2758791050273853e-9	-2.4702661202709113e-7	3.129684314306948e-6	-4.280419825513315e-9	0.0	0.0007305111098563574	-1.5450309705532936e-22
6.175874658358648e-38	0.0	1.883289945632256e-14	0.0	0.0	6.878066349756514e-13	2.3685406074128046e-5	7.171922743886318e-13	0.03192014359557528	0.0	3.730538274460512e-9	0.0	0.0	0.17841278543681263	0.0	3.990008586518029e-12	1.0345569182044736e-10	1.2395697951561047e-10	0.0	1.2664829930931315e-5	1.84381798728147e-18	0.0018305125448329035	-3.807628828482421e-13	0.0	-7.169916058648582e-13	1.2932317622415025e-8	0.00014791872969693734	0.0	-1.88089759822894e-6	0.0	-2.8074506029169057e-16	3.681016408683665e-9	-0.16746051715556376	2.6970489433764898e-14	0.0	2.7773151100827267e-10	-4.544529956771534e-6	4.316474457734717e-5	0.22532819659811465	-0.0003231471192254205	0.11386361844511116	-0.1025923782750014	2.550005534764411e-14	-0.12756762520892465	0.010108980556381996	-5.506639679163012e-5	-0.0005986828828649107	0.12661214484536262	-0.005246269829119385	0.0011730685719860755	-2.679979152803899e-5	-0.030356844498601505	0.05656778527299251	3.629827972629648e-10	3.1209201314295284e-5	-0.0002688896033146976	7.257787728976218e-5	8.783380572886239e-12	-2.3676135316015493e-6	-0.0008037197338540673	3.000426814356366e-9	9.677971802575209e-5	-7.951329195091888e-10	-2.0430057998340774e-9	0.19009888138281567	-3.4062426183614464e-14	1.2566131910488163e-13	0.25709168680944866	-0.08292634048817744	7.077306871070175e-17	-1.8753157106466995e-11	1.2866002567236555e-10	0.0053382874225455556	0.445573589771775	1.50195359855563e-14	-0.004267705575393117	0.005741329929628666	-1.8241938798803689e-16	0.6818150528822503	2.9465797953321565e-7	-1.1362707222895306e-9	0.012323622373948451	0.0	0.2007598806014591	-5.0570526133931794e-15	1.9869228393265435e-13	-9.25099115136791e-11	0.0	3.133863602659061e-10	0.12336345831946015	-0.0031594578556676622	0.0	1.8401147733430456e-9	-1.3885734706312028e-9	1.3794342875434268e-7	-2.0015436716038672e-5	2.2372445093843725e-9	0.0	-0.000316171681656471	1.0608288311062515e-21
3.730253404456026e-37	0.0	1.0482392710599492e-13	0.0	0.0	1.4945675985455574e-13	5.440718633547439e-6	3.1297952638870417e-12	0.007839682142747736	0.0	9.928470653267963e-10	0.0	0.0	0.05054952256189175	0.0	5.536195435650753e-11	8.46139940310365e-10	9.806696580858129e-10	0.0	7.435510105382059e-5	1.0577468237907734e-17	0.0006660829333719978	-2.0157025917118303e-12	9.02115122810007e-19	-3.6179911636783118e-12	4.974976433335867e-9	5.756468538621357e-5	0.0	-9.356514783471981e-7	0.0	-1.0102023148492843e-15	1.1635849511864371e-8	-0.12506884279468067	1.320287808942376e-13	0.0	1.2053861218851674e-9	-1.3872218038090282e-5	8.899818381934344e-5	0.6361893930484148	-0.000895370458571756	0.31102940529454254	-0.26326621364638697	6.538561944128792e-14	-0.30752464946327357	0.023049184140240066	7.658016113003185e-5	-0.0011470349177292994	0.22265760668985726	-0.008275789436501195	-0.004755372509260623	-3.980635568712817e-5	-0.01133477138193171	-0.08689302931263823	6.955856557712227e-10	-3.375088837801665e-5	-0.00044330425412494797	0.00011950289385850975	1.4376352628071832e-11	1.8214644382073717e-6	0.0005464297166059611	3.4274421601388377e-9	-4.98641724664084e-5	-7.596685462361255e-10	-1.5378641087032037e-9	0.11006825636914326	-1.9090130933662338e-14	6.728802081293021e-14	0.12603934980162063	-0.031336555958610054	1.8173688441410038e-17	-2.151507540690322e-12	1.464540844813824e-11	-0.0032536526098814137	-0.10761911171300838	-5.527872438952261e-15	0.002468893762574936	-0.0032568316036284167	8.527405183871535e-17	-0.34101396082677443	-2.2328522905373136e-7	1.012113232577765e-9	-0.011417684177511534	0.0	-0.2464527618281359	7.036734641923946e-15	-2.781805046772755e-13	1.800995051487799e-11	0.0	-4.864836749506763e-10	-0.20179937746793128	0.005352231164674307	0.0	-8.614144463203448e-10	5.807087435358117e-10	-5.187363101011314e-8	4.083064954294409e-5	-7.841948239564862e-10	0.0	9.310228498920836e-5	-2.6553406574042487e-21
1.8802071939198803e-36	2.1358441587826053e-17	4.912281943456343e-13	0.0	0.0	2.3469113556676692e-14	8.89200610907123e-7	1.2779076242732409e-11	0.0013433891202661856	0.0	1.7986372749421027e-10	0.0	0.0	0.009554404089362022	0.0	1.887147304017557e-10	2.734770726592181e-9	3.1501545853612554e-9	0.0	0.00021675814455913354	3.045289045633777e-17	0.00014792911685859763	-5.509414159097378e-12	2.4469939993862743e-18	-9.527765595279288e-12	1.143099009294829e-9	1.3319233452278214e-5	0.0	-2.4933788717776447e-7	0.0	-1.8598464092067648e-15	1.889596700625273e-8	-0.04092342904457876	1.664741200434989e-13	0.0	1.4286965985816756e-9	-9.787432654149965e-6	4.324101391615465e-5	0.3454298323615628	-0.0004497951784085461	0.14660947015803613	-0.0879424451165165	2.1729066200117013e-14	-0.060390885791483766	0.0017300815223643042	7.608602650394207e-5	0.0003257743021536425	-0.09872816916615967	0.0051010887893326706	-0.0012332861295593464	2.811074476240307e-5	0.032291160104700116	-0.04026113727913403	-5.443287099030564e-10	-2.1672767998047107e-5	0.00040552768799765064	-0.00010948025057396033	-1.3261897246425086e-11	1.5618166782859966e-6	0.0005275290444182614	-5.004249751140053e-9	-6.484953263967777e-5	1.35428614891279e-9	3.4442977712922017e-9	-0.3074863400652513	5.474248687470759e-14	-2.000769704548712e-13	-0.4016669981078961	0.12209645975364154	-9.552258000075925e-17	2.196758742939314e-11	-1.505530693244649e-10	-9.214950896893728e-5	-0.2486875962295291	-4.242893090517534e-15	-0.0007214303765287334	0.0008598607228687942	8.10294774279192e-18	0.025905105619403613	2.2376067975343482e-7	-1.3428662309925283e-9	0.016036270036098928	0.0	0.4829635121281117	-1.558042345550055e-14	6.194750759953577e-13	3.7604858605608464e-11	0.0	1.1892630762264518e-9	0.5163072712327478	-0.01410901468443034	0.0	1.0417119248925698e-9	-5.998114855802219e-10	4.5361768641719663e-8	-0.00012547138894530692	6.098757917274903e-10	0.0	-5.361305448693094e-5	9.601904753377043e-21
1.2753992628825548e-35	1.4090498508221523e-16	3.1577083191082083e-12	0.0	0.0	3.90853178779337e-15	1.5456896447215585e-7	7.466777087686718e-11	0.0002457298327931359	0.0	3.4943189276297877e-11	0.0	0.0	0.0019440326596176505	0.0	9.366194632188332e-10	1.318328941283986e-8	1.513031204246861e-8	0.0	0.000979349973724573	1.364809770167488e-16	3.598286345164877e-5	-2.3866662803828092e-11	1.0547558450426869e-17	-4.027940101093474e-11	2.8892645414176034e-10	3.393251555718481e-6	0.0	-7.477483916194749e-8	0.0	-6.2332868752549225e-15	5.85814284397074e-8	-0.01578352451425977	4.074918004989304e-13	0.0	3.354108881404238e-9	-1.3619104330419347e-5	2.9766228264542538e-5	0.2870922910328824	-0.0002916223517246478	0.07208349195917317	0.04346005006255686	-1.1106102608301675e-14	0.16337789848844333	-0.019088437532637725	7.940961320925716e-5	0.0018030214972711768	-0.41033295753440735	0.017423268221229412	0.002549812124211431	8.879675890202975e-5	0.06316351513605054	0.02295696977081672	-1.5202370726507723e-9	1.390323946537811e-6	0.0010384044446463845	-0.00028009932011793765	-3.3794129745742096e-11	2.609182828598501e-7	0.00012366491648661604	-9.387787219401243e-9	-2.3763027167767506e-5	2.1676503141654164e-9	4.515473198994569e-9	-0.32813776922787335	5.69944946786371e-14	-2.0129365515499246e-13	-0.3785403655538785	0.09552461395570014	-5.77071933570616e-17	8.338927047953515e-12	-5.6924227893001383e-11	0.003238603356777873	0.12099177469613646	6.265340128654077e-15	-0.0022920707740616657	0.0030408539912842015	-8.744963902689866e-17	0.3332516740026846	1.0109397932295576e-7	-1.0733238831336462e-10	6.145200503334366e-5	0.0	-0.23581517896288917	1.0991722401646089e-14	-4.437810179629906e-13	-6.587709386097005e-11	0.0	-1.0751372607909349e-9	-0.518003902712238	0.015115839794120947	0.0	-7.738247140675341e-10	4.080014476432773e-10	-2.7871896868917803e-8	0.00018344685693442138	-3.4708280572120305e-10	0.0	2.463809531144542e-5	-1.8851799579189536e-20
8.283896934490852e-35	8.894519979350175e-16	1.9410089866207993e-11	0.0	0.0	7.467644550956252e-16	3.100502684733939e-8	4.16468078728916e-10	5.224364670970141e-5	0.0	7.961024897412096e-12	0.0	0.0	0.00046717745206892845	0.0	4.4170058230359495e-9	6.042497909559248e-8	6.910042405136964e-8	0.0	0.004211936909214822	5.823359790483339e-16	1.0641429735340685e-5	-9.851863288124163e-11	4.3328896780565696e-17	-1.62392235539252e-10	8.940771959472992e-11	1.0598714139387014e-6	0.0	-2.832443780604683e-8	0.0	-2.03028850161318e-14	1.789257319849601e-7	-0.008048519983932642	1.0159619013920358e-12	0.0	8.138030795961223e-9	-2.3847849900768087e-5	2.84194810473329e-5	0.32456404891446206	-0.00022088876234804307	0.01731031778861039	0.18182946516824033	-4.5705903628331145e-14	0.3949512559639716	-0.03895664453857622	5.9787844418300544e-5	0.0026933800219478936	-0.5421316503495076	0.020234342247313287	0.004928562922591624	9.652781419282527e-5	0.047668709707001475	0.06893228953411093	-1.2432605878075473e-9	2.327722730513793e-5	0.000766151240156959	-0.00020640816584615213	-2.4758262699772175e-11	-1.3024163370863123e-6	-0.0004123814356412497	-2.9934967466296144e-9	4.592872986884902e-5	1.6420259948822704e-10	-1.071966379924084e-9	0.18605077792635394	-3.4607104665602166e-14	1.3352029274509245e-13	0.29207691477111786	-0.104272498906573	9.120955438417981e-17	-2.2446778944265303e-11	1.5387188598913943e-10	-0.0004772367431662938	0.20115008999768583	1.0291609122431441e-15	0.002060518359374291	-0.0026548864378002205	4.5033116451952886e-17	-0.2387758933162853	-3.1324965667199126e-7	1.4515825771543618e-9	-0.01610062779441624	0.0	-0.16751696503308955	-8.659205837627277e-16	4.822298257151486e-14	6.859056895638665e-11	0.0	5.871059898756555e-10	0.3815297936151378	-0.012945836340276264	0.0	4.354320992487426e-10	-2.1108891998491723e-10	1.3088819693133851e-8	-0.00026464761233824745	1.5164363793154773e-10	0.0	-8.850423758074524e-6	3.9017044910990625e-20
4.7074969452918935e-34	4.891714652717604e-15	1.0353110104326174e-10	0.0	0.0	1.1634490681214683e-16	5.028619025789391e-9	1.9838794389687436e-9	8.887403147795662e-6	0.0	1.432760023772698e-12	0.0	0.0	8.779507672186773e-5	0.0	1.7223880159947118e-8	2.2761042763519882e-7	2.591520035723045e-7	0.0	0.014672984105242792	2.008862119867771e-15	2.3363232090003767e-6	-3.261529054732851e-10	1.4257934920392436e-16	-5.219704171066829e-10	2.0417377245621292e-11	2.4387491265888597e-7	-1.8600474494682655e-17	-7.576213465425023e-9	0.0	-4.9592606496569743e-14	4.014322323786232e-7	-0.002702590954007627	1.7218121490483393e-12	1.865777266902587e-18	1.3299146175783708e-8	-2.6059462969637164e-5	1.5749026340427985e-5	0.20878682659018596	-3.837343116837824e-5	-0.046669607583484006	0.20281243631902257	-5.0733840586306276e-14	0.32710353025889477	-0.02549057114176267	-2.5292109073977055e-5	0.0005364630707802175	0.0005287458975033422	-0.004306901094344426	0.0006209455591960773	-3.109755462698735e-5	-0.04123462455956954	0.0075811866412950155	1.0602673156718746e-9	6.713099015359116e-6	-0.0007913560905959343	0.00021366041240930588	2.589226980332306e-11	-5.061510754648985e-7	-0.00017530919092651671	9.24996881046681e-9	2.3319215944304984e-5	-2.1849521369069947e-9	-4.214772229032125e-9	0.24705372392702055	-4.133113781304094e-14	1.378385375781927e-13	0.22771631959618518	-0.03094850544012435	-8.98084140274649e-18	1.104063623561059e-11	-7.605093848054073e-11	-0.0027700981543355226	-0.36212855963635754	-7.622628273147435e-15	-0.0005722928053694289	0.0006658847497073577	2.3794846944115007e-17	0.011698433993803088	4.286417259602501e-7	-2.53278540631338e-9	0.029775854707990837	0.0	0.5949007235673849	-8.998252157280552e-15	3.323638328020983e-13	-9.996908834867533e-11	0.0	-3.6803798729299074e-10	-0.4507593072711217	0.018488006059393394	0.0	-4.082771146669361e-10	1.8165130645487523e-10	-1.0125041335368315e-8	0.0005926313848963574	-1.0784031271389038e-10	0.0	4.932333549750723e-6	-1.132169992685126e-19
3.24270537515498e-33	3.2793922233536716e-14	6.767592112718679e-10	0.0	0.0	2.3141265310371544e-17	1.053238490796098e-9	1.1825174187163281e-8	1.981405456893556e-6	0.0	3.4460327341156976e-13	-1.7541112207729512e-18	0.0	2.2442054465815623e-5	0.0	8.75444585341027e-8	1.1260379236791727e-6	1.2777170494785941e-6	0.0	0.06832942996977118	9.284628700671148e-15	6.39814979691593e-7	-1.4606600636351571e-9	6.355980514019276e-16	-2.285640348068495e-9	6.30101268063807e-12	7.642864818313482e-8	-7.337420587551067e-17	-3.0040305371640046e-9	0.0	-1.7694385475923664e-13	1.3459803808391669e-6	-0.0014768228234163553	4.706547278411478e-12	5.032026428880437e-18	3.5403877879602874e-8	-5.1503348080631624e-5	1.613828872858837e-5	0.2507521738381133	0.0001164503283380583	-0.14312334190616985	0.3418531453063975	-8.522217138587668e-14	0.41285276751153643	-0.02150729743635687	-0.00011373205364563798	-0.0015687957704215375	0.5431804713200544	-0.028313707462481005	-0.0037667541115821985	-0.0001532943898574876	-0.1172610192024335	-0.05626636202755404	2.937206144255977e-9	-1.2698624713818181e-5	-0.0019928657081449298	0.0005374898512296006	6.480969295185652e-11	5.857170139929595e-7	0.00017520165783504462	1.4775438239554775e-8	-1.7525332852932546e-5	-2.6164173773379875e-9	-2.9201604829156086e-9	0.009584069118813586	2.572034544313203e-15	-2.980486565816078e-14	-0.13010144452811262	0.0854438308327674	-9.56688706100505e-17	2.6469239767605647e-11	-1.815159755466742e-10	-0.00020416436741674276	-0.2116149127357406	-3.3442363688374916e-16	-0.001967561106579832	0.0025426805889686185	-4.94547290354209e-17	0.23623765953301792	1.1461320047376425e-7	4.55402475677908e-11	-0.0025238172053212984	0.0	-0.3773459200614256	1.0534105009020641e-14	-4.080964915835864e-13	5.03953206609366e-11	0.0	-1.342615137305027e-10	0.20962588344215816	-0.01234645325338114	0.0	1.7171286408147304e-10	-7.332202083783095e-11	3.8738524280900665e-9	-0.0007456752568619607	3.9477452590850535e-11	0.0	-1.5737819955103787e-6	2.0521598628314455e-19
1.787075363268547e-32	1.7474283429025767e-13	3.4942087151615647e-9	0.0	1.1407174885722477e-18	4.2053347822299475e-18	2.0285851592296775e-10	5.433273828419846e-8	4.117589446118425e-7	1.1742205522888972e-17	7.964169598837227e-14	-7.210374415313824e-18	0.0	5.759601363761116e-6	0.0	3.2691871787498696e-7	4.056477749792032e-6	4.581982926836551e-6	0.0	0.22692278086084688	3.0520718259081e-14	-1.47830419074205e-7	-4.599764630524444e-9	1.988978217232829e-15	-6.979182002860172e-9	2.4672109311766e-13	4.612435073195518e-9	-1.9374772360494745e-16	-6.1573557468533e-10	0.0	-4.050148395191571e-13	2.816188808543408e-6	-0.0004229561706537471	7.293181850681836e-12	7.644526402508198e-18	5.276147580258822e-8	-5.0339932363885445e-5	7.1853638270331554e-6	0.12907582561414063	0.00019133221079231942	-0.13763038329321658	0.19851632261868987	-4.919445857493536e-14	0.11111646974051778	0.004759923461652879	-5.7132281337192456e-5	-0.0016160625715227537	0.31205972511245683	-0.008937923998291105	-0.0023646085697526208	-3.287408199202736e-5	0.008449343456301113	-0.022355726250100835	-5.035613046724334e-10	-8.842557160107856e-6	0.0005083309857763489	-0.00013763430807129501	-1.690148646400312e-11	5.107524786921414e-7	0.00016563799366156362	-1.1235718870436502e-8	-1.9987691286942464e-5	2.9327330218664225e-9	5.560814497366062e-9	-0.2529599195740914	3.970293744855802e-14	-1.1829603543045567e-13	-0.137059122298663	-0.03738400635014555	9.61912890631811e-17	-3.866898257928898e-11	2.656677268859531e-10	0.003007365441574087	0.6539931277257653	8.124017751490256e-15	0.003662450963534032	-0.004674749849950357	5.503328670782354e-17	-0.3956071063383134	-6.431440089464591e-7	2.4417404133006767e-9	-0.02464339173536899	0.0	0.2820556468954091	-1.7153447453362766e-14	6.841607818397952e-13	-3.0975585800480764e-11	0.0	7.222939284906919e-10	-0.11933702762705854	0.01578773295060927	0.0	-8.886827124271869e-11	3.6395202748077597e-11	-1.8197573331052356e-9	0.0017286044484029841	-1.7713114541525912e-11	0.0	6.098436612374276e-7	-6.184466781790537e-19
1.117591558669475e-31	1.060509516692479e-12	2.062077207183368e-8	0.0	6.7040709476292655e-18	0.0	1.1238740006680387e-10	2.892542026107636e-7	2.718134136350042e-7	5.929762227797735e-17	6.696783594237591e-14	-3.481987023302612e-17	0.0	6.054644761744154e-6	0.0	1.4522509721378295e-6	1.7466960424433642e-5	1.9652133803516814e-5	0.0	0.9107775023851229	1.2142216554442097e-13	-1.2606248668690103e-6	-1.763459979972755e-8	7.584032395188542e-15	-2.605559458533276e-8	-5.299706757377461e-12	-5.783962409129619e-8	-6.382628563865203e-16	8.452921928546929e-10	0.0	-1.1791199507144166e-12	7.579944727306219e-6	0.00025221078669128243	1.4944055871755974e-11	1.5370598590161195e-17	1.0414385510772618e-7	-6.238326646401306e-5	-3.299062644570399e-7	0.023709640301613207	0.0002839076023934208	-0.14131253188769344	0.04583819611103455	-1.078212419658491e-14	-0.20835310887458017	0.029803146256011357	2.7822884378844238e-5	-0.0008021865666564546	-0.12051351575341623	0.0171703253695889	0.0008302104999299715	0.00011396789124963237	0.1262051284999498	0.032981833681054784	-3.424905416198043e-9	4.327761179057187e-6	0.002461030183882935	-0.0006641699796126417	-8.032002313204128e-11	-1.838465382762269e-7	-5.531883784153906e-5	-2.2017634915602086e-8	5.755246234471644e-6	4.0627270195062824e-9	4.6885904035017475e-9	-0.05074394470869893	3.2215984741665614e-15	1.5221000431139347e-14	0.11884270978254886	-0.08466730311430075	8.291178258093353e-17	-1.6228675910462823e-11	1.1093755674396181e-10	-0.0009481804249878659	-0.18095136754767085	-5.517307004157294e-15	-0.0009315917806195872	0.0011862040136246632	4.6036503640553775e-18	0.09849767627463335	5.880651694104441e-7	-3.0250887077591146e-9	0.03344257029005965	0.0	-0.05844342510501865	1.8688680011332424e-14	-7.631377883473575e-13	5.961209791423896e-12	2.331685022906692e-19	-1.2089070846099774e-9	0.021962538937101064	-0.01918474957052104	0.0	1.6354527023079974e-11	-6.560202469266238e-12	3.1973730724827594e-10	-0.0032888302876295018	3.0591538917251907e-12	0.0	-9.877622614323421e-8	1.518005475129419e-18
2.866548214887646e-31	2.5256123973831713e-12	4.568082133227992e-8	0.0	1.4689530969154883e-17	0.0	2.5922081014937126e-11	4.753025356376848e-7	6.712683699573553e-8	8.13988240265976e-17	1.795875939596636e-14	-4.0216008278046714e-17	0.0	1.7319592991272453e-6	0.0	1.124844037943185e-6	1.1195169214811529e-5	1.2269668479544457e-5	0.0	0.3235080349739995	3.8956814369260146e-14	-4.6875602031012913e-7	-3.1769949137797294e-9	1.2132126188223415e-15	-2.1523467338834745e-9	-2.0915033038402377e-12	-2.311162795191506e-8	2.175886519963159e-16	4.42948434505788e-10	0.0	8.320666895273931e-13	-6.915849377781308e-6	0.00021740499662756136	-2.2476066103922242e-11	-2.3652114079386826e-17	-1.637249013205112e-7	0.00014067153304099167	-6.687112838877961e-6	-0.1666319047980068	-0.0006506623872267832	0.36990531661524545	-0.27907315092049084	6.815843438907029e-14	0.2784941148279032	-0.06339785416564642	-4.263718459636595e-6	0.0034155485283890955	-0.028139647211698895	-0.03336303790360791	0.000315243545214779	-0.0002536508571570957	-0.34312070318907156	-0.06566668548032582	9.894176509189087e-9	-3.1180982693797365e-6	-0.007373074252173238	0.0019906356709097845	2.4120889979593635e-10	2.6730425109625252e-8	-4.2289333743226826e-7	7.873721712072475e-8	2.022720474678291e-6	-1.6003340187796075e-8	-2.1466131299775727e-8	0.4329815959530229	-5.1186122026266025e-14	6.369710922240617e-14	-0.29412794378122004	0.35328898604555753	-4.1481990528174297e-16	1.0318101676657321e-10	-7.067583068656609e-10	0.0008740449364657823	0.12601982413064264	1.6321302278014465e-14	0.0005315283297614837	-0.0006726893141984959	-7.586638087188771e-17	-0.05319678926936099	-2.181291348897675e-6	1.2473814917566443e-8	-0.1413992471492154	0.0	0.02508844830716958	-8.402653345984173e-14	3.453793528751184e-12	-1.988395774204821e-12	-1.1562128859428802e-18	6.011256575571868e-9	-0.004772983424597027	0.0937103348100819	-1.7514034383003643e-19	-6.423187387144462e-12	2.3442184597513283e-12	-1.0341106749027212e-10	0.018150165736724067	-9.837619071112957e-13	0.0	2.7555682013952115e-8	-9.243627738341025e-18
1.3873410539149824e-30	1.1696557220021274e-11	2.027369893875066e-7	0.0	6.477645774826149e-17	0.0	5.310262783602937e-12	1.7715791860745088e-6	1.459100060464477e-8	2.724461843326416e-16	4.1887281272497265e-15	-1.2068928006807944e-16	0.0	4.2655851555847766e-7	0.0	2.489721566463608e-6	2.0349972033210796e-5	2.160210981469301e-5	0.0	0.0950575929445786	-1.5522150738883142e-15	-1.4278816819577252e-7	8.275833628632987e-9	-4.032927997452875e-15	1.9910083183474603e-8	-6.671199643257946e-13	-7.442256382023257e-9	1.1751508368428176e-15	1.7366038986113957e-10	-4.0201600685908686e-18	2.9619219662010943e-12	-2.116226722822467e-5	0.000115160187383364	-4.8406785083594106e-11	-4.9982051104927994e-17	-3.397956247695319e-7	0.0002110431828372888	-6.320542021689917e-6	-0.17714383589676502	-0.0008609875285666381	0.45983835751861024	-0.2544120363143008	6.162577740467176e-14	0.3851535095829715	-0.06386614983442804	-2.9094004967970472e-5	0.001695596244570358	0.11632412355137789	-0.018544514351556792	-0.0008187642717847738	-0.00011161219443568557	-0.07576393137348485	-0.022211356281809463	1.0793565421686488e-9	-3.5204623129608747e-6	-0.0003627983405867903	9.653446214099195e-5	1.0882355606192184e-11	1.7265334759033296e-7	5.552258778915916e-5	-2.2153535889510708e-8	-7.0026521481289976e-6	7.338097980833319e-9	1.4363621263500866e-8	-0.40079127597269965	5.101722948147825e-14	-8.415917672879277e-14	0.21158614470777382	-0.34858353195757813	4.721943836273878e-16	-1.3548767777123576e-10	9.288651431641575e-10	-0.000440448025912166	-0.046618309574352014	-2.5915300705126796e-14	-0.00012995111284924056	0.00016134668009194677	1.486877704159996e-16	0.010645889913906916	4.42482934376253e-6	-2.7234139753217896e-8	0.31442936938252214	0.0	-0.010565143708162718	2.2575911762871277e-13	-9.313278176379801e-12	5.358667869373204e-14	3.3063925481564625e-18	-1.721650290120221e-8	-0.006945831476870039	-0.28094698429674736	5.475151891953431e-19	4.982099585056321e-12	-1.4111241899659429e-12	4.323981256347318e-11	-0.060954239623109495	4.892582721659615e-13	0.0	-1.0018167060170505e-8	3.5381948040500094e-17
7.656342517395799e-30	6.235263845221825e-11	1.0461052139915378e-6	0.0	3.3262821521247453e-16	0.0	8.211647574167814e-13	8.084150065275616e-6	2.360160584755082e-9	1.1640177524625527e-15	7.14270906353063e-16	-4.862970338610339e-16	0.0	7.572120089531973e-8	0.0	8.834452120216039e-6	6.763394811049928e-5	7.10712301223811e-5	0.0	0.01916066007220034	-4.450241147883703e-14	-2.9519365775403753e-8	3.1658236628569916e-8	-1.5016831478872028e-14	6.887032025807822e-8	-1.4240939684515529e-13	-1.5991697380917099e-9	3.2645571715636947e-15	4.2621588285168554e-11	-9.99152551015023e-18	6.982438235927867e-12	-4.513580589910277e-5	3.427796828544476e-5	-7.358813391965857e-11	-7.426566121442183e-17	-4.937859517432297e-7	0.0001869710457258427	-2.7318874592068967e-6	-0.08429241589608073	-0.0005397515983920442	0.2540052874190158	-0.037182315409340624	8.360195731480603e-15	0.15694022551994366	-0.0025754152668527527	-1.883192017729998e-5	-0.00213151660907281	0.1031200651388942	0.023406633266848026	-0.0007508362655707174	0.0001993608947091325	0.3167021189168392	0.05829949322984937	-9.61501212902143e-9	2.284467713538126e-6	0.007296479218622617	-0.0019703103091460064	-2.3894722376567063e-10	-1.34430665426877e-8	1.1948437295051286e-6	-7.729077713796073e-8	-1.1754421344604337e-6	1.4413177070960337e-8	1.5837827993214635e-8	-0.2136895995705106	2.2415663679569924e-14	-1.4331198428299946e-14	0.1613120272989478	-0.09860259228712687	1.700429042542778e-17	2.8877057157736753e-11	-1.9937278450799277e-10	-0.0003926198975198545	-0.06494418750737314	2.074174340778458e-14	-0.00033641338212220257	0.00042945504447818993	-1.508589142150366e-16	0.03663187604432836	-5.794146549687043e-6	4.009125276516153e-8	-0.47629960150988104	0.0	-0.0012650205417298614	-4.608364788080682e-13	1.9101001784653525e-11	1.8528618749032252e-12	-7.326790318637956e-18	3.8225651279013876e-8	0.02318281034351487	0.6668291724316903	-1.370699959101891e-18	-7.65677243793534e-12	1.754697260695657e-12	-2.69283473729362e-11	0.16738402806373956	-5.384573123779949e-13	0.0	7.031662028260503e-9	-1.1445983477398669e-16
5.485395043554856e-29	4.3519451381808937e-10	7.125865519184318e-6	0.0	2.2576881820251414e-15	0.0	1.5583479887853761e-13	5.038664713057554e-5	4.731793902905276e-10	6.93470098913348e-15	1.5282301866378252e-16	-2.7887889777105776e-15	-1.435644381094718e-18	1.703137110472844e-8	0.0	4.716465731252512e-5	0.0003512340472025687	0.00036775252974322314	-1.4815903533474113e-17	0.005061213425435863	-2.2955204973079385e-13	-8.055392460364373e-9	1.5197401726375893e-7	-7.169849611425741e-14	3.224675578605147e-7	-4.0507504178383934e-14	-4.5877869982590985e-10	1.3788018489550705e-14	1.4576303753063557e-11	-3.9540730681657286e-17	2.677416181912403e-11	-0.00016299265524140761	1.5297550406824064e-5	-2.16870582262976e-10	-2.158468851359189e-16	-1.4158072605767688e-6	0.00038219063608267874	-2.1772514774208174e-6	-0.07884164159580649	-0.0007598803698340785	0.29638062450246055	0.14794204976156805	-3.769856368022091e-14	0.04657672208096932	0.057032628777177526	-1.6370055022576462e-5	-0.006763593527188421	0.11723826383459193	0.06903885104589683	-0.0007973254234767981	0.0005316237303427013	0.6993725708317705	0.13601545163665302	-1.9146094794527914e-8	7.763106525039725e-6	0.01372627685368955	-0.0037040233950631114	-4.4772652402725886e-10	-1.9547071727550652e-7	-5.356988181341403e-5	-9.803998569971214e-8	5.240217703587138e-6	1.2893308333255424e-8	5.093619579558907e-9	0.17145397632400183	-2.7336474669998017e-14	6.934364021029188e-14	-0.051458410654620486	0.26085270196029675	-4.589668957042163e-16	1.5413321721740987e-10	-1.0574304876091536e-9	0.00023340420559569183	0.026469199066558417	2.9860653954366234e-14	8.994311928800619e-5	-0.00011288344380153497	-1.630996774938948e-16	-0.008287437112677118	-3.3699793257595067e-6	1.4816164674004276e-8	-0.15051869833152276	0.0	0.011367842417788581	1.397287958296357e-13	-5.9945537816458416e-12	-1.737601303333953e-12	3.619352047080979e-18	-1.9062468907428728e-8	-0.016935053911300606	-0.4436850004684657	1.1014373336260301e-18	4.249944572060042e-12	-8.425081928713983e-13	-5.7026610533200365e-12	-0.1773091600102574	3.135307169768181e-13	0.0	-2.864459092121981e-9	1.7932833818551576e-16
3.279779026999904e-28	2.522760153178321e-9	4.013130425091599e-5	0.0	1.2660682830595054e-14	0.0	2.4939286705715923e-14	0.0002551804523210674	7.939568704211262e-11	3.3263921557843787e-14	2.7115387126935545e-17	-1.2776905106330661e-14	-6.534585071124986e-18	3.1540661383106844e-9	1.2771578646941021e-18	0.00019838416168657533	0.001431089479089763	0.0014923728014506591	-5.814518021498858e-17	0.0010751012585230677	-8.659122544860648e-13	-1.7594218982113136e-9	5.511385996058353e-7	-2.5859028310361484e-13	1.1385495077833754e-6	-9.167343416943172e-15	-1.0459067707293652e-10	4.301489947903224e-14	3.868653725555327e-12	-1.1388008880680097e-16	7.41880488419663e-11	-0.0004198813572713687	5.172169999940221e-6	-4.421017770315294e-10	-4.334944510174463e-16	-2.8027352642256465e-6	0.000556711063155731	-1.3691189311968277e-6	-0.05839916633413858	-0.0008097691175297238	0.2647065111350468	0.2792796829792587	-6.9997950417493e-14	-0.08596207313797113	0.08392349361704769	-6.022512064468377e-7	-0.005650840538742052	0.018565266337616463	0.04081622015845162	1.3021293532809112e-5	0.0002683436324194811	0.20226456623314729	0.040316588214809296	-2.8680438861287336e-9	2.607421243706944e-6	0.0010006834939244418	-0.00026655073340089774	-3.021686223678243e-11	-7.848872481636907e-8	-2.30113599015656e-5	4.512793353790374e-8	2.602647471339687e-6	-1.2135568915991775e-8	-1.583015841227931e-8	0.18732039072799225	-1.7752441573861535e-14	9.3207690314573e-16	-0.14925194964664346	0.010621597909775354	1.8913274922344133e-16	-1.1848038883313771e-10	8.149822522485825e-10	0.00022931052096701745	0.04067798853901181	-5.170158911071171e-14	0.00023674751923066672	-0.000303683056536891	3.3540482044930993e-16	-0.026996558799735986	1.0542711370273187e-5	-6.286024057763193e-8	0.7127881751031293	0.0	-0.01989687779225395	1.7856745311804988e-13	-6.941414890766218e-12	1.8584739484026057e-12	-5.354811110874443e-19	3.2561472868603805e-9	0.015041903600832855	0.35972791359025164	-1.3058194643537586e-18	-2.6823211722025484e-12	3.611495617512262e-13	4.187495398060324e-11	0.3025699133818003	-3.1369705283554104e-13	0.0	1.7310398959015389e-9	-4.4197464664621033e-16
2.2941252635520785e-27	1.7182369003711086e-8	0.0002666458549117532	0.0	8.381540183135002e-14	0.0	5.592451277494996e-15	0.0015491365128806243	1.8993261657798964e-11	1.9291176928331278e-13	7.011058624286053e-18	-7.130724422707651e-14	-3.6270970531943206e-17	8.663495422319312e-10	6.890394702219157e-18	0.0010314164023606089	0.007248334626462999	0.007533859955132288	-2.856553791752177e-16	0.00035893036510093503	-4.108118295408467e-12	-6.120096793102741e-10	2.536568838191602e-6	-1.1848937481525318e-12	5.128486150317812e-6	-3.3605996787632896e-15	-3.875942847801937e-11	1.7546953137267687e-13	1.7987617097058322e-12	-4.360311401744901e-16	2.75541262585541e-10	-0.001472995448374878	3.4369240469286957e-6	-1.2956414634421016e-9	-1.2561808966933744e-15	-8.034131665542552e-6	0.0012819058904769741	-1.8300038317738782e-6	-0.08778089145351343	-0.0015230859347854482	0.4430690827483035	0.6004575696900227	-1.4977917429963775e-13	-0.267259705327191	0.15022974936944292	1.5026737345403814e-5	-0.005634013999964527	-0.07859934592309277	0.011514328174652035	0.000822960160571157	-1.5576945992114417e-5	-0.3382571168195779	-0.06472154455247506	1.4283884240622774e-8	-3.3996871423382753e-6	-0.012077361852101684	0.0032649567146701523	3.9803503011461853e-10	7.666817327956236e-8	2.0190311493552755e-5	1.5992727178027564e-7	-1.8159874591375372e-6	-2.7698292589173084e-8	-2.163331017513681e-8	-0.004829073804241484	1.1843390922259296e-14	-6.855129283135604e-14	-0.06927899791050492	-0.25335349756363434	5.713463839769045e-16	-2.088686558659249e-10	1.4332521719288652e-9	-0.00015460599819649726	-0.021321617673501166	-3.0196978873677306e-14	-0.00010528032916592794	0.00013440238211122462	1.3352511512113624e-16	0.011508816265878947	-4.861491484526166e-7	1.620227325193672e-8	-0.22572056828771261	0.0	0.004912622765449341	-3.14154345685943e-13	1.2832702718118556e-11	-2.929306516409417e-13	-3.0148093027320305e-18	1.5373963621026006e-8	-0.0013231069316934775	-0.013310162565607611	7.093535126924666e-19	-5.230100161239146e-13	3.123223468897797e-13	-6.03622918110604e-11	-0.30896961316397603	2.117906383650667e-13	0.0	-6.249649598289576e-10	7.309472236350733e-16
1.1812276735525556e-26	8.533638806365215e-8	0.0012802411612591786	3.8268570920966546e-19	4.004100640075864e-13	0.0	8.010509373543772e-16	0.006558058118938583	2.823645751725217e-12	7.649641769951695e-13	0.0	-2.673963778736233e-13	-1.3492941440009839e-16	1.418524308869983e-10	2.4577822257517264e-17	0.0034803834651905333	0.023504788477578295	0.02430769043797263	-8.838000309738697e-16	6.321163020615144e-5	-1.2030492255191319e-11	-1.109789669815002e-10	7.0789742621884465e-6	-3.2833870937318383e-12	1.3823879295980643e-5	-6.292813450298747e-16	-7.30339200066677e-12	4.008699594991938e-13	3.811714444417425e-13	-8.915900592862437e-16	5.333451693794857e-10	-0.0025646934956701814	8.49502816986822e-7	-1.5675275030924394e-9	-1.4829457100014185e-15	-9.261061829695747e-6	0.0008777933688434283	-5.647742262453288e-7	-0.027893847539216383	-0.0006358897221886984	0.14440302703289448	0.20687082344528548	-5.105591819518886e-14	-0.10034391093774028	0.006145611879484049	6.017553151340831e-6	0.003826410276277091	-0.035160064497207474	-0.03962515690883758	6.809133152923834e-5	-0.0002691686764075903	-0.17359582801591278	-0.033730232366197495	3.710680101864946e-10	-1.9388572089412323e-6	0.0016844455691978567	-0.0004612081825696291	-5.958807986468861e-11	5.115724266222653e-8	1.4540575674193583e-5	-1.2489037234836808e-7	-1.595783649761446e-6	3.014361296362552e-8	3.368401359088897e-8	-0.1825850107713559	5.940003870591256e-15	6.899217563865418e-14	0.22276846008226556	0.28430281436961263	-9.18132495760047e-16	4.125961353977447e-10	-2.834399096653514e-9	6.693244257051682e-6	-0.0035022223816717256	1.0797701353234679e-13	-3.304069683745252e-5	4.281125097246908e-5	-5.968859745713499e-16	0.004100439282037929	-9.455740844903114e-6	2.4565081731088822e-8	-0.17151977320718473	0.0	0.006689987093721343	7.158051581843196e-13	-2.9699023652885505e-11	-9.906093435300527e-13	9.577157651969274e-18	-4.94225961229014e-8	-0.010961526467839915	-0.31792725005778016	-1.0044205186838185e-18	4.387103705853689e-12	-1.4037336635171933e-12	1.6624145841763205e-10	0.7718032903664029	-4.370435368687364e-13	0.0	6.975193370072668e-10	-2.4304149953266e-15
9.063963858543905e-26	6.389691578033342e-7	0.009370308273435794	2.79594986397307e-18	2.9208650736416703e-12	0.0	1.577825034298947e-16	0.04418516651348813	5.027063772856724e-13	4.942642701675762e-12	0.0	-1.6680443821393984e-12	-8.375140910678706e-16	3.867521078973997e-11	1.4863784468874892e-16	0.02034643279790404	0.1341539030184789	0.13831755122075587	-4.905041025709059e-15	4.351433043135369e-6	-6.46451531430357e-11	-1.300513075428269e-11	3.699039776277192e-5	-1.7086982914602432e-11	7.080860875331049e-5	-9.466514721489525e-17	-1.1357552126414215e-12	1.8711185791607643e-12	8.358040515285041e-14	-3.916380284800083e-15	2.2741371846545834e-9	-0.010329373158553617	2.394879022155499e-7	-5.173133788423091e-9	-4.825790843471327e-15	-2.9725414525453663e-5	0.0019612854728126403	-2.2150408691227202e-7	-0.011485476012008437	-0.0007183193411067352	0.06220040434092069	0.09986272289107467	-2.2988161322178255e-14	-0.06114245001804604	-0.1307161325311422	2.6410799873017355e-6	0.016728664638942008	-0.01938473896962364	-0.11767451477548065	-0.00064086820997406	-0.0006919691748851044	-0.09415528370526818	-0.018723828402057375	-1.3393002536599796e-8	-1.21288209070635e-6	0.01604143757069717	-0.0043500730123835	-5.380698949081655e-10	3.685887441216849e-8	1.1160943647371692e-5	-4.1931546275837414e-7	-1.4094499079982077e-6	8.57403925326044e-8	8.059294296143978e-8	-0.28640698482284704	-2.4683866033878816e-15	1.7587833427127027e-13	0.4066625167082574	0.6546714632196954	-1.7646761606020484e-15	6.905877135058957e-10	-4.740127821518123e-9	0.0001616284416521968	0.01840742744874919	1.0708286469750022e-13	8.41088482961126e-5	-0.00010723038391576688	-5.020288249419274e-16	-0.00910502707077466	-2.726819725205054e-6	-1.099197139934649e-8	0.19523958988980436	0.0	-0.005666513537402297	1.1999073626494674e-13	-4.5297339887566366e-12	6.763236870458947e-13	-1.0403354605045159e-18	5.7408171100621e-9	0.006894489573793345	0.19288767517167568	-2.5186816727899764e-20	-2.4772908437445184e-12	7.580215628690405e-13	-8.462011990815258e-11	-0.38689510568342056	2.1173113363014074e-13	0.0	-2.8895532239553603e-10	2.559864634579707e-15
5.875831025594339e-25	4.026042268020873e-6	0.05749824741060265	1.7120944801184986e-17	1.7853246729713945e-11	0.0	1.3361391311439774e-16	0.24614351074223884	1.661010626703725e-14	2.6216180861554955e-11	0.0	-8.490105767933506e-12	-4.237949741862519e-15	5.6374907261750885e-11	7.295189763391531e-16	0.09596841818655392	0.6152399333940198	0.6320933608716527	-2.1770375171507086e-14	-4.366297112643063e-5	-2.7630693536167133e-10	5.4052600120824235e-11	0.00015305639185429307	-7.036731833426195e-11	0.00028630373611834034	2.282605318197436e-16	2.5241931820324947e-12	6.8043569973007204e-12	-7.328623659274447e-14	-1.3313203441093385e-14	7.48511133110144e-9	-0.03201035976694669	-1.1352909214563736e-7	-1.3290387689773731e-8	-1.2254487930804944e-14	-7.464277764593565e-5	0.0039079429558690915	3.8074831131020556e-8	0.0014300291184201053	-0.0009948573960613714	-0.004799485796006307	0.005906170871106971	2.1077523158336816e-15	-0.023051254327689785	-0.2571995260341807	-1.5767375850767786e-6	0.023690331437305454	0.0054589031504636825	-0.12800258139144222	-0.0009778829196270783	-0.000681615794189214	0.05719097139321859	0.010900324726802073	-1.5722807746521135e-8	5.750841946790146e-7	0.01594082802056777	-0.004315874414398468	-5.298356335979132e-10	-1.5604244730595117e-8	-4.478822983379055e-6	-2.1992092970346926e-7	5.152750573682431e-7	2.7380604693167108e-8	6.27129536056925e-9	0.0850738783783596	-6.73895899979248e-15	-1.6046942970275816e-14	-0.11707866490806224	-0.18153324796840029	8.384954424700699e-16	-4.727296212381749e-10	3.2511215563073886e-9	-3.9895554592326114e-5	-0.004275100959265143	-1.6607477737145171e-13	-1.858848374554668e-5	2.366242541319909e-5	9.167940162936667e-16	0.00198518099009875	1.1950282440674087e-5	-1.3105890722067845e-8	-0.03873302367218213	0.0	0.0010578193523894774	-8.988941664260589e-13	3.664844150144265e-11	-1.1966726932032482e-13	-7.831447817406077e-18	3.97674787604359e-8	-0.00119259360659238	-0.03302143341381837	1.0531762296929536e-18	4.1512091724172413e-13	-1.2527568254774372e-13	1.3722431354041962e-11	0.06242627866924892	-3.3776276698120776e-14	0.0	4.3608050623922184e-11	-4.24729860947778e-15
1.285875677335305e-24	8.073855722161352e-6	0.10577386064096596	3.127602621655631e-17	3.2412933225815507e-11	0.0	6.314520942616613e-17	0.3124455282762352	-4.79790183435553e-13	2.6217218038177966e-11	0.0	-6.6512827021869515e-12	-3.19270840424142e-15	9.534363606499992e-12	4.3724409177087843e-16	0.038914009368948815	0.16793309073999788	0.16213720714878363	-2.676997464962539e-15	-1.405283285918353e-5	1.2137524837086099e-11	1.8785913018685367e-11	-2.7986092873458323e-5	1.4267815127984658e-11	-7.988476376415973e-5	8.688761916363074e-17	9.78426227887097e-13	-4.725663660830505e-12	-4.059249102248652e-14	1.248017007631908e-14	-7.84562641222257e-9	0.03987559677756452	-1.0357519193993867e-7	2.3755034872657425e-8	2.2271358943627104e-14	0.00013778177937480803	-0.009113503086254398	1.494495678641314e-7	0.008673803121453792	0.0027080844236449537	-0.05247731304806077	-0.11249945667578691	1.847546517998168e-14	0.11305658813315102	0.7350507789068395	1.4408368008674385e-6	-0.07892503920959584	0.004437807006928857	0.48194081038448433	0.0034284729402134454	0.0026660983535263505	-0.0793603596828614	-0.014532837609313044	6.251145620114915e-8	-5.962577119744428e-7	-0.06659844840736984	0.01804052254595878	2.2202109157983238e-9	1.4724162708418153e-8	3.927144398488836e-6	1.1775933335213338e-6	-3.958982557946673e-7	-1.8429317857965821e-7	-1.042640070716505e-7	-0.0479174353728553	2.906437119530886e-14	-1.1218411677136851e-13	0.06286751119713106	0.09202879823626588	-1.7780911401094346e-15	1.3692617352384754e-9	-9.428878071690756e-9	1.6932094477895955e-5	0.0016547083547385076	6.922061351347265e-13	6.679426481308611e-6	-8.48339435839542e-6	-3.997144044332665e-15	-0.0006991001775943622	-5.923651301627423e-5	8.062071051897742e-8	0.011872576871121048	0.0	-0.0002970205828491977	5.09012201473304e-12	-2.0819446951062986e-10	3.113859952811713e-14	4.7624154229773766e-17	-2.424413505635954e-7	0.0003006076239767126	0.008203682353943193	-6.510866462786906e-18	-1.001014836043854e-13	2.963447349341646e-14	-3.16231912648968e-12	-0.014286922661350138	7.610139135612993e-15	0.0	-9.111264219928452e-12	2.66568615786662e-14
4.888699573066842e-24	2.891722318271214e-5	0.35699685803977466	1.0504942658496716e-16	1.0840314954216069e-10	0.0	9.178930914658069e-17	0.8052344389717346	-1.5978913726268269e-12	5.518032600664658e-11	0.0	-1.0772061704454253e-11	-4.9158868113784895e-15	-2.9952486415646804e-11	4.594483406592622e-16	0.0026249865902181553	-0.2110031926139893	-0.24434939015807966	1.570859236539481e-14	1.361364090881331e-5	3.01870464062175e-10	-1.6047377318904538e-11	-0.00020832760826328556	9.827782643158004e-11	-0.000436840327797123	-6.473369450185898e-17	-7.103919899518882e-13	-1.3876812241741808e-11	1.9316595160289077e-14	2.9198807244596785e-14	-1.667846015975654e-8	0.07161090627109833	3.906256864356295e-8	2.5594950709376014e-8	2.3223499783968796e-14	0.0001391902808838011	-0.004691234330602424	-3.453615194772686e-8	-0.0018640820551687723	0.0007675743893739591	0.010558245572177986	0.019232790938473132	-6.262446555537748e-15	-0.01493516603775205	-0.06148138290472762	6.0746626396564e-7	0.03228864872743066	-0.009106604850729986	-0.32003373432743454	-0.0022261275227813703	-0.001931497088721901	0.03152170523021702	0.005592359415818738	-5.978494442651904e-8	1.5816163877255167e-7	0.06766815425698573	-0.018342876527871907	-2.264771869615509e-9	-4.8561942403549455e-9	-1.225899746718869e-6	-1.583956421838609e-6	1.1322774781393886e-7	2.828293935885596e-7	1.8749153546980503e-7	0.011416976757696734	-5.22756182942144e-14	2.4637441164469026e-13	-0.014582112410981151	-0.020670087938165042	3.267161440647176e-15	-2.8699521488832196e-9	1.977483209878364e-8	-3.4434467489767015e-6	-0.0003194673003327652	-1.839040812537379e-12	-1.2359946062974854e-6	1.5677660942919192e-6	1.1040198094131468e-14	0.00012787283348685366	0.00018169213827909519	-2.6073516726883696e-7	-0.0020023781407245956	0.0	4.752799257782621e-5	-1.8850845144238845e-11	7.728806375530378e-10	-4.755984931684028e-15	-1.8419768127076e-16	9.387234354490163e-7	-4.5016382735433126e-5	-0.001217449388660273	2.6877897499352494e-17	1.4579909803487232e-14	-4.264269367674994e-15	4.4754234351069365e-13	0.0020130259730134653	-1.0615836355818618e-15	-8.751778925507259e-19	1.2102995808673025e-12	-1.280446604344264e-13
5.701416740797407e-24	2.8093419201156352e-5	0.2830561054579368	8.182822522149495e-17	8.311505100897371e-11	0.0	4.7861475205496134e-18	0.11873646787141802	-2.652338404657825e-13	-1.1033002630953033e-11	0.0	5.935093486309671e-12	3.0079455140221374e-15	-7.789960321081922e-12	-4.879175575361152e-16	-0.03969074225229287	-0.07880695338156443	-0.05509597693618402	-6.200335821427251e-15	4.642935829318224e-6	-2.3050019560178053e-10	-5.84447637117343e-12	0.00020601644748006646	-1.0009733699457367e-10	0.0004927426927023892	-2.5554243275549356e-17	-2.852771611460464e-13	2.3222294427078935e-11	1.161808673803437e-14	-5.793262630615834e-14	3.549421090863934e-8	-0.17138328549656018	2.1131253041003588e-8	-8.291891701903214e-8	-7.654480850097574e-14	-0.0004664164060363596	0.021984250151161552	-5.25465116226328e-8	-0.003306059633373797	-0.004944373812728058	0.02144388194945782	0.053782118214206615	6.525417203826566e-16	-0.0657790679507354	-0.5344326218622922	-3.5683271944600473e-6	-0.0353377020568877	0.028814801638911623	0.7211211106293524	0.004950786852215456	0.004692226323014493	-0.04506742118197551	-0.007637392113065771	1.78865758310642e-7	-4.5762865927601706e-8	-0.20982200303202747	0.05689955755670342	7.038708138526706e-9	5.764628924815608e-9	1.3223557224726746e-6	5.730604502274363e-6	-1.0423530833591832e-7	-1.0920491316427922e-6	-7.746791931760895e-7	-0.00737740364290548	2.249951600982087e-13	-1.0907739969771204e-12	0.008931601552657221	0.011873464675099376	-1.5010371870428343e-14	1.3757542442930136e-8	-9.481591529535174e-8	1.6249817451447006e-6	0.0001362846262521932	9.838555578275867e-12	4.862685967437052e-7	-6.152774325569657e-7	-6.02668109386807e-14	-4.921877845452943e-5	-0.001048811674455641	1.5427636540213462e-6	0.0006634553867935895	0.0	-1.4333987256263902e-5	1.213902846110688e-10	-4.983904394724236e-9	1.3224744073531117e-15	1.2162853389285058e-15	-6.202375963630935e-6	1.2100932863787336e-5	0.00032226352631586246	-1.8484467626538457e-16	-3.7391717783103925e-15	1.0715958719003153e-15	-1.0939553870832982e-13	-0.000488470444501191	2.5337588959698244e-16	6.295499182079163e-18	-2.6677437546975123e-13	9.711049513495684e-13
2.0854731741419934e-23	9.291585506398778e-5	0.8248088283977191	2.3557459093841184e-16	2.3666729339850964e-10	0.0	-7.347715399936846e-17	-0.3752340255022642	6.557146162702576e-13	-9.226411656686586e-11	0.0	2.948232961304115e-11	1.4311444622035895e-14	6.36638794373449e-12	-1.9113460591825043e-15	-0.11336593526183239	0.0010927891032528698	0.09845917455509329	-3.133882658405853e-14	-2.494812331776278e-6	-8.464570170263209e-10	2.7246414561655087e-12	0.0006680380135767891	-3.197591360819039e-10	0.0014917505096678206	1.0085364298973001e-17	1.0838091392892705e-13	5.458731784912384e-11	-8.900746724780857e-16	-1.1779751201926826e-13	6.737316974585819e-8	-0.285767192021499	-1.8450430054199006e-8	-8.981149461643653e-8	-8.055474319922689e-14	-0.00047731845502519825	0.012219108688786312	1.981519997347641e-8	0.001181608917561007	-0.001620702428893175	-0.007411683486427959	-0.017457212510201943	6.283064595053045e-15	0.020166045494291556	0.15611695232722034	8.778190820854029e-7	-0.016287918099694668	-0.007187808471116377	-0.16540861249265698	-0.0011307885719613936	-0.0014640484712564233	0.007298172329063677	0.0011162007036875947	-1.1039327180862258e-7	-1.1362184532861156e-7	0.1419328149068631	-0.03852931999885936	-4.789701671891244e-9	-1.6757627264678602e-9	-3.558573348676461e-7	-5.72463341802268e-6	2.5516053403506348e-8	1.2752725447164626e-6	1.0534777285007227e-6	0.0015467229462117773	-3.468670492247282e-13	1.7133617724306079e-12	-0.0018322511158532144	-0.0023727659800460515	2.7542410158901322e-14	-2.7186927051197646e-8	1.8745429854545195e-7	-2.990556898842568e-7	-2.3995943678265176e-5	-2.4137010702621164e-11	-8.253158917148147e-8	1.0430888526063093e-7	1.5378416820819792e-13	8.269303179854653e-6	0.002977850737785523	-4.583829881758084e-6	-0.00010381202762292963	0.0	2.1389510251270205e-6	-4.2101172353327726e-10	1.7327955028014834e-8	-1.8916421816422417e-16	-4.4081387757681345e-15	2.2503264377139892e-5	-1.6999358422678691e-6	-4.4897602946825775e-5	7.186827035505785e-16	5.12057274392844e-16	-1.4511827529491905e-16	1.4588997550144718e-14	6.487698658008909e-5	-3.334199301464151e-17	-2.6418433943732678e-17	3.354441442337196e-14	-4.442266982930738e-12
1.611117695403489e-23	5.249931936455424e-5	0.2991146699624407	8.150328802970145e-17	7.838228313620096e-11	0.0	-3.0998029646245344e-17	-0.17582074921453825	3.195994247592868e-13	2.1013176220843638e-11	0.0	-1.5276812725808768e-11	-7.956259132694974e-15	4.9786712069621786e-12	1.4314268373601961e-15	0.11669385154305562	0.07792645340519415	-0.025779407137111805	3.5924272961459116e-14	-1.962122873880605e-6	1.167282238729131e-9	2.6027092115991998e-12	-0.0010329895484210779	5.019321284650309e-10	-0.0024744502468712847	1.2132476560666839e-17	1.3797973404362943e-13	-1.1690834985911295e-10	-9.941792404346933e-15	2.864596353406662e-13	-1.7300865040424286e-7	0.8057189787991945	2.4882370038578145e-8	3.249509370155386e-7	2.956818779582086e-13	0.0017763643256488097	-0.06019239786292013	-1.0647888264557329e-8	-0.0005494215611863951	0.010287495486202137	0.003182209197023115	0.006206532266959528	-2.225209977348367e-14	-0.0057874230500004	-0.03483468325588282	1.5749062612606236e-7	0.09922109727508281	0.00018675915105236925	-0.03591324304133681	-0.00026095877308709303	0.0014465177785935772	0.013461135921219176	0.0027844610824044975	3.091573741117241e-7	5.50540716416162e-7	-0.4243743430338426	0.11528250700654834	1.4378820320639385e-8	1.9479830383541033e-9	3.378984817450546e-7	2.1431063947856476e-5	-1.8252014647635e-8	-5.151823065108052e-6	-4.56777263707761e-6	-0.0007066305577537339	1.5937482945996471e-12	-7.931765643062756e-12	0.0007923823272925806	0.0009632959832200916	-1.370758196537638e-13	1.3995993695319095e-7	-9.652256502817174e-7	1.0130026304746944e-7	7.4397901183275445e-6	1.376281811411955e-10	2.3847376962212185e-8	-3.0074772559041424e-8	-8.93848617976847e-13	-2.343633322095702e-6	-0.018253130821598053	2.8754175139464766e-5	2.6262996343112374e-5	0.0	-4.981761413554373e-7	2.864794980354939e-9	-1.1806532672997016e-7	4.114509685246001e-17	3.0720880589912854e-14	-0.00015692055549638753	3.594168829312371e-7	9.371067243984427e-6	-5.207275492449602e-15	-1.0408336879802258e-16	2.899925916006948e-17	-2.848510846514191e-15	-1.2589833079322938e-5	6.381172377428588e-18	1.998939214606641e-16	-6.0044664880291685e-15	3.534726806054187e-11
3.3299135389166923e-23	7.417393602222821e-5	0.07886315541796958	9.641340048561271e-18	-1.699792691611304e-12	0.0	0.0	-0.05859670855061723	1.1076183169853179e-13	1.3864357889450917e-10	0.0	-6.001261715602232e-11	-2.998186489128504e-14	2.9623848331111345e-12	4.5189685237797154e-15	0.3042872020737707	0.11654452988031444	-0.13697155256757954	8.04422987191837e-14	6.025810454397651e-8	2.257258904510673e-9	2.0479808619532893e-13	-0.0017809988633307838	8.511300613161121e-10	-0.003933751347788798	1.859232674227904e-18	2.3563439025498757e-14	-1.246236162669818e-10	-3.4048970699003332e-15	2.2531497173335064e-13	-1.1481983860490858e-7	0.36276708684657816	1.4007070709993513e-8	-3.3526410691844094e-8	-3.9202064224848267e-14	-0.000284847117861565	0.036632268658729546	-1.0510462745313658e-8	-0.000660989448326613	-0.008476095757510453	0.0042063278994864915	0.010499726336166706	1.8692957023029924e-14	-0.013027083486702437	-0.10974902387714663	-1.1251187006016112e-6	-0.143140867542408	0.0068666768542672875	0.23102877618111325	0.0016088821351853062	-0.0012520227264777668	-0.03442750071998664	-0.006775317208728926	-5.405184824841244e-7	-1.0575335662706368e-6	0.7717260377921629	-0.2097347341536947	-2.6214604108179762e-8	-2.779504562083757e-9	-4.382630621468815e-7	-4.6339339056787974e-5	1.984151318609962e-8	1.2020436466204316e-5	1.1534948174346531e-5	0.0005104379465443111	-4.319650238665242e-12	2.1690548006156603e-11	-0.0005383931233475061	-0.000608355905381234	4.119995117345557e-13	-4.4010638819238624e-7	3.036015965559936e-6	-5.115073657945717e-8	-3.339326349274371e-6	-4.980571472383731e-10	-9.65108325735641e-9	1.2128711852803302e-8	3.3223211027268883e-12	9.17901784652922e-7	0.0730739324138306	-0.0001188921923686756	-9.869593443558883e-6	7.616426451844343e-18	1.6211756163495204e-7	-1.3265685373467886e-8	5.477169882857732e-7	-1.2172071123464362e-17	-1.4703704421572748e-13	0.0007516683445550039	-1.0238295818675311e-7	-2.624343077976504e-6	2.629380970440722e-14	2.8154928899984194e-17	-7.672857928910546e-18	7.314786832528208e-16	3.207639859769829e-6	-1.5972059745571928e-18	-1.0708842633275178e-15	1.3808060292167376e-15	-2.0270364022784467e-10
1.394339908781704e-22	0.00028073380234915714	0.04244498798364029	-3.986668265252754e-17	-8.570430748501507e-11	0.0	0.0	-0.04551934952957295	9.111957835206677e-14	4.666028812242672e-10	0.0	-1.8326646339075522e-10	-9.036800598085619e-14	4.4524781035550184e-12	1.2720089658604792e-14	0.7797281336795773	0.25066860271824387	-0.35826236418176555	1.793994198308216e-13	2.1158209427975845e-6	4.517641515785988e-9	-2.1039395957250395e-12	-0.003218795997447876	1.5140013565842424e-9	-0.006560482788593159	-7.866651449972828e-18	-8.458155272807141e-14	-1.2099273524729875e-10	4.010807712783919e-15	9.324533256555546e-14	-8.88102199680908e-9	-0.29586679469536026	-9.036003327505397e-9	-3.561414963891451e-7	-3.3115455069398086e-13	-0.002027265444460471	0.07844623562858666	6.065021182101859e-9	0.0003099390410286552	-0.013071243457467276	-0.0019093201824951643	-0.00422321323755258	2.5756555682492145e-14	0.00479272426747531	0.0371612032135216	1.3544887324493935e-7	-0.0567201801378393	-0.0029994148823580236	-0.08359773923018483	-0.0005791655683457163	-0.0007356502673183205	0.010827301764264125	0.0021107425826006766	1.2085300183189576e-7	3.13882494688786e-7	-0.22624349655919093	0.06165830849295969	7.808215390475906e-9	7.682364923057921e-10	1.1802129438929729e-7	3.0445033778059936e-5	-5.0654382724344014e-9	-1.012484053067718e-5	-1.2112173137872463e-5	-0.00011075359337864603	5.3959961631117056e-12	-2.7657416699421516e-11	0.00011314475950285506	0.00012251200028729942	-6.443529530467956e-13	7.529623468698454e-7	-5.1970251681129444e-6	8.531935427673024e-9	4.5542095526644174e-7	1.0997211062016338e-9	8.173187378350762e-10	-9.955549146218745e-10	-7.674526728088013e-12	-5.2258036523069284e-8	-0.19049130066148984	0.00032605674370656955	3.530333294041149e-6	-2.2420438390833122e-17	-3.8286977941656156e-8	4.313611780266215e-8	-1.785788170263915e-6	2.472758236239002e-18	5.015279787115422e-13	-0.002566854345542166	1.9878905494071223e-8	4.997387418309799e-7	-9.674869579578835e-14	-5.166228989976878e-18	0.0	-1.2753168376974819e-16	-5.551355050764924e-7	0.0	4.2759080518954735e-15	-2.1834795828443472e-16	8.870398892109176e-10
2.951862328673465e-22	0.0005370654547752136	0.006695052195004691	-8.950430575842141e-17	-1.6904887073315213e-10	0.0	0.0	-0.007954773803486265	1.6152142118170532e-14	4.220958564360003e-10	0.0	-1.2198200048315554e-10	-5.714727726024938e-14	9.038591073619042e-13	5.864216082905514e-15	0.18746750205759272	0.009838056828335136	-0.038042490493628546	-1.5598671797688262e-14	4.3772874423605796e-7	-1.3392341716030567e-9	-4.575285725171735e-13	0.0015492290221773661	-7.705265244001346e-10	0.004055290774099697	-1.6948363525537967e-18	-1.9405978940676894e-14	1.7378805712884562e-10	1.105098355442412e-15	-2.840670124583726e-13	1.2131335515999014e-7	-0.09357401084802405	-3.3085619934143737e-9	5.267719658590071e-7	5.062728079167413e-13	0.003192901557185218	-0.179169028975793	-8.873479296088008e-10	5.5681715280585966e-5	0.03444702780246173	-0.00036346611084478616	-0.001519459006172809	-7.349837705315722e-14	0.0022964491567654963	0.02292197214539488	7.762481892969521e-7	0.29130620092586024	0.0013064534216521075	0.0057700036439040795	3.4487247215529606e-5	0.003372956898629555	0.0017204524427246177	0.0003632944614964055	1.6456286949739714e-7	7.4235663192446e-8	-0.05716600422507622	0.014959852734222625	1.5276785019882862e-9	2.5006262217388576e-10	4.223237544884692e-8	-5.82327050140004e-5	-2.160682012226469e-9	2.4289162312298507e-5	3.402298504721435e-5	-7.665624791864963e-5	-1.6905102355316782e-11	8.772407143094087e-11	8.613025354723569e-5	0.0001060417108363938	2.301997599142842e-12	-2.8308953465569264e-6	1.9545136252306174e-5	1.3076762214350843e-8	1.2081333072863998e-6	-4.7802201481232714e-9	5.669973619111313e-9	-7.273374821097738e-9	3.4239357942895387e-11	-6.605057939761027e-7	0.9121315354185364	-0.0016090803293262576	-8.961195687946344e-6	1.1547010881267282e-16	5.3223645557079094e-8	-2.3618879080613023e-7	9.794280786332127e-6	0.0	-2.8295952585394856e-12	0.014492720473862556	-1.7287570887614684e-8	-4.123429192358474e-7	5.72857738931571e-13	3.852958074852916e-18	0.0	8.266167281181485e-17	3.5262045341158685e-7	0.0	-2.670044258844721e-14	1.0875334024449407e-16	-5.8874647862675025e-9
1.9090733184969e-21	0.003350448834227305	0.0017397216879842053	-5.497083669737403e-16	-1.025988561633856e-9	0.0	0.0	-0.0025745062021858187	5.416796783214074e-15	1.975479861367785e-9	0.0	-4.970177735818999e-10	-2.266863542475176e-13	4.75540970876741e-13	1.8947529387358104e-14	0.1978281944127747	-0.20061212750689023	0.16529673821192895	-2.5653970839380347e-13	-6.3070245737956935e-9	-1.0928651687753966e-8	-4.826816539387812e-14	0.010431802001059145	-5.087011232487212e-9	0.02507425176195759	1.33172323885242e-19	-3.41892831372055e-15	8.4699597396667e-10	4.2114789502488036e-16	-1.2163845851259199e-12	4.762644107628789e-7	-0.0479257552513647	-2.21269775641513e-9	2.041228243892471e-6	1.937776716370813e-12	0.012082962497263249	-0.5741825023926305	-8.464936407146036e-9	-0.00016344750035470596	0.10252974681412572	0.0009747844458204971	0.0004892085910726805	-2.0627142682271992e-13	0.0005922662530316689	0.014352849777265338	1.4234135247666128e-6	0.6310733180775002	0.00542805268251353	0.09370254516110858	0.0006393935892844224	0.006472338120650973	-0.008138115935261063	-0.0015490680027442306	1.2155016941065357e-7	-2.0615402577459873e-7	0.14475359761488432	-0.04034166680521237	-5.635547128824746e-9	-4.45322460606827e-10	-6.614826981794858e-8	-9.735914638572745e-5	2.7029939538887043e-9	3.435748881313625e-5	4.0097051361133045e-5	5.960660667056872e-5	-1.6391696740482066e-11	8.273015363175039e-11	-6.261581350689231e-5	-7.121532003560857e-5	1.5004432520635356e-12	-1.4314881687394581e-6	9.865341780311599e-6	-6.9452263547911696e-9	-5.71097675539878e-7	-6.820777340265048e-11	-2.4450316761523266e-9	3.1277651511793465e-9	-2.955721199646691e-12	2.7789903175619417e-7	-0.3458926183014032	0.0008256324907647948	3.191769378642586e-6	-8.220269361114937e-17	-1.7094096282617855e-8	2.400773352638096e-7	-1.003998472830852e-5	0.0	3.3220026031523523e-12	-0.01707186920701175	4.9479959194673295e-9	1.1575898245813275e-7	-8.249801896650496e-13	-1.043725174748019e-18	0.0	-2.1256450470467366e-17	-8.996761856618908e-8	0.0	4.674795054309957e-14	-2.5051737905591435e-17	1.2547319073653398e-8
8.634765480878625e-21	0.01453687198635451	0.0008510458790369745	-2.288005890613206e-15	-4.2571560222302786e-9	0.0	0.0	-0.001786736652095911	3.969183800412353e-15	6.538580619602615e-9	0.0	-1.525556576853494e-9	-6.87732172487595e-13	6.131753619965921e-13	5.359446935631912e-14	0.3966128929792852	-0.5767619590578531	0.5025753051180464	-6.72758075459146e-13	-4.538567628553354e-7	-2.625558000202128e-8	3.396620188941421e-13	0.02342234995299622	-1.1311262662696148e-8	0.05369728789195497	2.0012512748604655e-18	1.1636002754043972e-14	1.4485871574309055e-9	-3.687684752486606e-16	-1.7737005844991315e-12	6.362426128897573e-7	0.025905587268064162	7.909512165268992e-10	1.385486443861625e-6	1.259733533382904e-12	0.007528514239816285	-0.11067193543851175	-2.8585435461553363e-9	-0.00011596093332611393	-0.00010849443900568801	0.0006647743172298068	0.0016150415399552491	3.348910911263079e-14	-0.0022473824292271365	-0.02313308874357106	-1.1376154242246911e-6	-0.47458706441395465	-0.0034946096888175803	-0.053634163953736935	-0.000364215751594908	-0.007005787956035862	0.003968137171923632	0.000745862931790626	-2.6047350736107e-7	9.293587736837297e-8	-0.06393180032351484	0.018812232666878155	3.2054605457343135e-9	1.822306078828592e-10	2.615160166810517e-8	0.00016659279140663813	-9.9829540674919e-10	-6.77308196787059e-5	-9.17445387570197e-5	-1.8407313624364795e-5	4.3322582068501485e-11	-2.2292827828459377e-10	1.8777366632835887e-5	2.0602921183435284e-5	-5.13811219995816e-12	5.725920915607486e-6	-3.950495913384399e-5	1.7911382138822332e-9	1.3841392861704192e-7	4.9492296336851245e-9	5.627803989202571e-10	-7.187767061776475e-10	-2.663563698441663e-11	-6.305802222013295e-8	0.07370744200068774	-0.0008495033529934421	-6.530816024764948e-7	1.449592997981177e-16	3.231485168027017e-9	-5.947602719641971e-7	2.5039354404499944e-5	0.0	-9.173925728602864e-12	0.047258786424237476	-1.0110456222009463e-9	-2.2304139537044674e-8	2.6207033246938194e-12	1.9023646212117595e-19	0.0	3.682876954059757e-18	1.548469680483273e-8	0.0	-1.6838104366363362e-13	3.983590750096473e-18	-5.112670930050438e-8
2.0898978076951908e-20	0.03245189327603462	0.00021880378031845682	-4.687132903742106e-15	-8.671268613227083e-9	0.0	0.0	-0.0005480317097107021	1.2450864604750733e-15	7.749490052231074e-9	0.0	-1.4536086250585603e-9	-6.327943185132816e-13	2.320068595837381e-13	4.0105795713372595e-14	0.16556720168587616	-0.25488819402012014	0.22373701665427465	-1.7874879591170696e-13	-2.3012325979447195e-7	-1.9045858374883525e-9	1.8606734477618731e-13	-0.0020564937502249928	1.2546283359680422e-9	-0.010734578924135232	3.9650807896871437e-19	6.169902971537749e-15	-1.0219412663335525e-9	-3.150060381309613e-16	1.827438169269508e-12	-7.597710812675651e-7	0.031753595914272736	1.5020958596339e-9	-3.5644296301514e-6	-3.35479908187161e-12	-0.02073246482510956	0.7436684787317741	1.3020589348978847e-8	0.0003568027482624926	-0.10234516490945232	-0.002122925076992067	-0.003462231700469421	1.4457606145854715e-13	0.0037977033172029695	0.03309137635404942	1.181827588375305e-6	0.4731213556421957	0.0030964736063691756	0.04290503283676852	0.00029005048363440453	0.011725206808010603	-0.00271561824218756	-0.0005037196330425851	6.143598857339578e-7	-5.844573802936357e-8	0.03890933875530947	-0.013712786585951067	-3.5836392827311936e-9	-1.026372918790505e-10	-1.4137519149090368e-8	-0.00042727640238675324	4.964544729648062e-10	0.0001891960200202511	0.00027878512001757333	7.231549357036515e-6	-1.416427443125084e-10	7.355270771394937e-10	-7.078882806436788e-6	-7.375550777364514e-6	1.8673842080147242e-11	-2.180776048369208e-5	0.00015050276801598054	-5.362727416236742e-10	-3.709849679957984e-8	-2.227300240905775e-8	-1.3552266486863306e-10	1.724573364594765e-10	1.2571295709647862e-10	1.468445201607279e-8	-0.014267441424825843	0.003433806430830099	1.0526414839801079e-7	-6.722166671449527e-16	-1.5823959545748673e-10	3.029550802204609e-6	-0.00012781935529294417	0.0	4.850659188733635e-11	-0.2500993241510835	8.4974739672428e-10	1.3403723088019993e-8	-1.4656279217730886e-11	0.0	0.0	0.0	-4.918656800466591e-9	0.0	9.987745286721853e-13	0.0	3.238740228061797e-7
8.075576052401052e-20	0.11847405917119834	1.0420204618135647e-5	-1.610744435141137e-14	-2.9679751821699236e-8	0.0	0.0	-6.75107796847419e-5	1.573415592126349e-16	1.7664378669244434e-8	0.0	-2.7109557550189194e-9	-1.1382454478666726e-12	3.4066826983021464e-14	5.6203230685033755e-14	0.025930135556354234	-0.041495146794880124	0.03661463107825137	2.646982417882218e-13	-4.246909061689178e-8	2.220904345380384e-8	4.0202230147033624e-14	-0.027521814700502568	1.3788724515199942e-8	-0.07412404557475168	-1.2476792047385563e-18	-8.430346109816342e-17	-2.996907008336667e-9	-5.586559807664659e-17	4.133542758852246e-12	-1.5405612934275388e-6	0.006215515717886229	3.1674297381594265e-10	-3.2976193008995775e-6	-2.973995367269528e-12	-0.01762414156309423	0.188325697227244	3.4073549647524086e-9	0.00010469652765394934	0.0068076167909931875	-0.0004710220371981573	-0.0009053287277929292	-6.333031301720131e-14	0.0010415230320105738	0.009397583418277617	3.644133073343371e-7	0.1477565992038386	0.001006627228444696	0.01454001356415295	9.851255036264152e-5	-0.004269813319718317	-0.0009826549719906652	-0.00018351788863962286	-4.7026531049223003e-7	-2.21420117077097e-8	0.015802973604297197	-0.001842377916220486	1.2391165302530666e-9	-4.150347920677171e-11	-5.876031478598129e-9	0.0004800312692171923	2.1932618979201874e-10	-0.00024723712672798653	-0.00042119642689443136	3.978792816252911e-6	2.41663604481015e-10	-1.2736109389312075e-9	-4.083117965046824e-6	-4.533785446582819e-6	-3.7635323425421173e-11	4.710900099690391e-5	-0.0003252529101976463	-4.2841250452014106e-10	-3.608914944635449e-8	5.915762923775613e-8	-1.6305363234746e-10	2.0906239685542644e-10	-3.4709797429324163e-10	1.8945014360282724e-8	-0.02733113511594294	-0.010750538699349312	2.9385945200552613e-7	2.253850056760768e-15	-2.6455272845904896e-9	-1.1103975940809765e-5	0.00046960364413234525	0.0	-1.855173643779921e-10	0.9575199433691222	-2.471692114201577e-9	-3.339004369551662e-8	5.998278895498485e-11	0.0	0.0	0.0	6.609409734284228e-9	0.0	-4.399432374623279e-12	0.0	-1.5502042065329076e-6
6.168020285627265e-19	0.8819434457105871	-0.0001400629032674673	-1.1682847477405395e-13	-2.1490968105923457e-7	0.0	0.0	7.526301099785202e-5	-1.5413626049835902e-16	1.113536950891663e-7	0.0	-1.6259435551081382e-8	-6.771461999443176e-12	-1.3667472684193287e-14	3.1718356709603894e-13	-0.005539661688423781	0.0040501916659810185	-0.0029756079112846366	1.741067315779393e-12	-1.518575030630007e-8	1.2947384303391702e-7	4.1514934784843255e-14	-0.15241847957042398	7.588022650327037e-8	-0.3985997631680525	-7.283592869072112e-18	-6.63286899379003e-15	-1.4365594145088468e-8	3.749849560317996e-17	1.8471290611243285e-11	-6.6497841086913904e-6	-0.002969737343501937	-1.2210139865688322e-10	-1.013995989934516e-5	-8.928940485323636e-12	-0.05163830054197962	-0.042378456112085426	-5.444076415223866e-10	1.883002463940258e-5	0.12653901828120684	0.0004610988987471117	0.00037107017287587516	-3.6072179167596006e-13	-0.00035872796710452714	-0.0029785413064407035	-1.0128666135813759e-7	-0.04040157241884568	-0.0002619059903684238	-0.0035275311637093373	-2.373791145503057e-5	-0.02307326117916177	0.00023930788290621506	4.437253070117078e-5	-1.7570875451126267e-6	5.1251193863541665e-9	-0.0012595915523265886	0.00932447371906151	6.531688034037398e-9	9.325688962259235e-12	1.2970536967657303e-9	0.001438237862600434	-4.676336235524754e-11	-0.000672451763035611	-0.0010282956568858294	-7.692875982635397e-7	5.300899229192999e-10	-2.753877235364112e-9	7.76146982390454e-7	8.437632449477263e-7	-6.868521749784748e-11	7.818014129294138e-5	-0.0005394399392540807	7.432013151018538e-11	6.018416607409977e-9	6.611847079071995e-8	2.6297067068360922e-11	-3.3682051248415e-11	-3.501057367640626e-10	-3.0269649105896993e-9	0.004185101543596035	-0.006026916249983892	-4.448912413282638e-8	7.869122545648504e-16	3.793632022541022e-10	-3.4076118191638984e-7	1.0200101528683e-5	0.0	2.4645302377048222e-11	-0.1311121691525079	3.3459246911229667e-10	4.484421954310245e-9	-2.4455507838354036e-11	0.0	0.0	0.0	-8.480758502493245e-10	0.0	3.198385380597746e-12	0.0	1.730002147454663e-6
4.194539654622113e-19	0.4392811474012873	-7.637131545809905e-5	-3.744382728839163e-14	-6.647599537378643e-8	0.0	0.0	6.12769331602944e-5	-1.3390562345605553e-16	-5.587282852945867e-8	0.0	1.168316512107053e-8	5.070545175505942e-12	-2.48202299420971e-14	-2.873010631965663e-13	-0.020865770694052734	0.037280137760047044	-0.033471295158742635	-2.325124857495317e-12	6.235501682059539e-8	-1.9591980385805118e-7	-9.935076536916443e-14	0.2520145034189845	-1.2697447260777002e-7	0.6972955794049679	1.2652136310732717e-17	1.0657288659649965e-14	3.102730954475645e-8	-2.3566567815204504e-17	-4.4307785427727845e-11	1.6675758474532078e-5	0.0010743614747089334	1.6454952184904013e-11	3.3006144585842934e-5	2.936175549595243e-11	0.17147256493359062	-0.045854623269792755	-1.5432240429784348e-9	-0.00017056141758664683	-0.4537119307336762	-0.0011693656834776574	-0.0004569745188171711	1.3881531588232209e-12	0.0003158383915619939	0.002163246382990443	5.294219373201132e-8	0.020196420834096007	0.00011165475268190556	0.0009016608681034364	5.515365989416959e-6	0.10643705314557675	-0.00010994577426577976	-1.9827216297333314e-5	8.650783672132674e-6	-1.8310928851119162e-9	-0.009878808635550008	-0.04201822539107257	-3.1980742089110835e-8	-3.6086644662849105e-12	-4.801313747605225e-10	-0.007641963014857644	1.614415877854784e-11	0.0036976310832620702	0.005877549182421912	2.2268168889004347e-7	-3.1456562159279575e-9	1.6422534334327128e-8	-2.1835171902254908e-7	-2.2925643489789014e-7	4.3304571313228404e-10	-0.0005075159740981887	0.0035024951700635483	-1.8058297109838592e-11	-1.372406267877798e-9	-4.786480183429047e-7	-5.6634740488912615e-12	7.24008045185155e-12	2.601501399173604e-9	6.405296926560657e-10	-0.0007793302552955407	0.0520016611014288	1.2175592804883228e-8	-7.789621270737442e-15	-7.423138555329183e-11	1.3601018143034239e-5	-0.0005444331680808507	0.0	1.1704338941745932e-12	0.023699101743580055	-5.94502046059627e-11	-7.87631886081411e-10	1.2924757283119436e-10	0.0	0.0	0.0	1.397418087020626e-10	0.0	-2.131466788741163e-11	0.0	-1.3000146168708353e-5
4.114283632672975e-19	0.11645375193738383	-2.1175995735349114e-5	3.824298630973414e-14	7.612072171032464e-8	0.0	0.0	2.0179132091510494e-5	-4.516013876322526e-17	-1.8383498748629092e-7	0.0	2.8977333260612912e-8	1.214454209485315e-11	-1.0255289942483171e-14	-5.791413250785962e-13	-0.009612655332938237	0.018306257631208307	-0.01657209786523372	-2.803543245527582e-12	3.5817117827425514e-8	-1.8799799579313677e-7	-6.293779044795356e-14	0.19463371272188462	-9.476701123456816e-8	0.4522775784557696	8.227544878124523e-18	7.126863291849644e-15	4.721186279094074e-9	-2.6236164781293567e-17	5.214510156190663e-12	-3.950357272334682e-6	0.0020948423316481386	1.041904988860918e-10	-3.242030037615169e-5	-2.967957497297485e-11	-0.17795754435800162	0.1213168862614404	3.2971547201512027e-9	0.00029798501806482526	0.7315978472992011	0.0017807854835649374	0.0005569995291896196	-2.4604470181334324e-12	-0.0003182515907344735	-0.001869275082503972	-3.001823684584542e-8	-0.010426951834583469	-3.167926556778216e-5	0.0010596025046603846	8.614933966753167e-6	-0.273627265136521	8.231517298548783e-5	1.3965052919290743e-5	-2.4328004918162938e-5	4.3625452448041773e-10	0.031517011092989926	0.11939557632797952	9.15262062105266e-8	2.211299115286385e-12	2.6821333993752324e-10	0.024080383404194897	-8.045701461196407e-12	-0.012234808806307219	-0.020517790988305716	-8.160846306961614e-8	1.1542687588671513e-8	-6.064633388959618e-8	7.57958412369254e-8	7.432083231521457e-8	-1.7139330870044843e-9	0.002078088282024693	-0.01434444477932634	4.540793599942543e-12	2.72838232394545e-10	2.1855111238885235e-6	7.484733179898009e-13	-9.3646433308388e-13	-1.2134045924802965e-8	-6.677780040678933e-11	-0.0002288997443926873	-0.2645949680852937	-1.9292615975475563e-8	4.123357229117103e-14	3.10541219463669e-11	-7.701441419708294e-5	0.0030907677176646277	0.0	-3.1480192864276424e-11	-0.007371920622586276	1.7618470467141532e-11	2.2643672734226648e-10	-7.636132601971421e-10	0.0	0.0	0.0	-3.478657315003768e-11	0.0	1.3320123491347209e-10	0.0	8.628378302955755e-5
1.26880379588369e-18	0.01778230637636751	-3.3203360034272613e-6	1.80885950392362e-13	3.511566438925183e-7	0.0	0.0	3.4901296757622454e-6	-7.914670931797703e-18	-4.863129039025464e-7	0.0	6.773263350455638e-8	2.7862015607998974e-11	-2.006512178487215e-15	-1.197524706862522e-12	-0.001995357224667481	0.003940790086158718	-0.0035850064288239624	-3.5875650894897472e-12	8.667505562942067e-9	-1.7082041369248705e-7	-1.8196905127684312e-14	0.10213378337064516	-4.368163272357724e-8	0.08470673496122158	1.5540355677700208e-18	1.447008120568786e-15	-2.4695180403967044e-8	-7.238819040657354e-18	5.013488348239703e-11	-2.069086238320836e-5	0.0006805136525527865	4.226378934757845e-11	-4.4761325205502956e-5	-3.93675262736023e-11	-0.22718863705690562	0.03743018707322632	1.1089494074786654e-9	0.00010934580569458417	0.27862768068773697	0.0006972294056396474	0.0002459560619990215	-4.5252802804059366e-13	-0.00015945440612273026	-0.001062356385198145	-2.808396627423558e-8	-0.011180676552836657	-8.069300863100759e-5	-0.0020513720814548243	-1.4904954046714334e-5	0.2042711481241691	5.1391144702532305e-6	1.8088564113504278e-6	2.4515406543739748e-5	1.2268208120960027e-9	-0.03458568661119211	-0.1264945373032917	-9.744670789079868e-8	1.9226807884663857e-13	4.883656676529108e-11	-0.03298703509852772	-2.121094897130463e-12	0.0187976787998207	0.03544069805028441	-4.566641123986472e-8	-2.2085139812462406e-8	1.1751550974147407e-7	4.7837768084748406e-8	5.44118759450127e-8	3.7907967178584385e-9	-0.0048884880592032585	0.03375658615399127	5.7301917727346205e-12	5.724299735985361e-10	-6.191735232382526e-6	3.3257066186916666e-12	-4.309454655033951e-12	3.558159715899404e-8	-4.2831493898351773e-10	0.0015631655305618026	0.8878526228217243	5.7016212239148146e-8	-1.4652156625954071e-13	-4.616048731616897e-11	0.000297183177254924	-0.011953770246339203	0.0	1.3065505606741474e-10	0.007199420512061591	-1.5823265181877928e-11	-1.92610284638353e-10	3.2652474618095125e-9	0.0	0.0	0.0	2.256398689387648e-11	0.0	-6.110288179837451e-10	0.0	-0.0004286143411894063
8.411638076534517e-18	0.0040265193058479695	-7.838469317041156e-7	1.155830115451563e-12	2.2381059553430533e-6	0.0	0.0	9.71213596788451e-7	0.0	-2.636656516320047e-6	0.0	3.4971973187950233e-7	1.4282835726706952e-10	-7.129736403204686e-16	-5.904592698104747e-12	-0.0008204134868545834	0.0018003610510382779	-0.001663057591477965	-1.4988792020381335e-11	6.076065827555578e-9	-6.321460789078337e-7	-2.2917393715562728e-14	0.2823313366842278	-1.0840658736418197e-7	-0.06436548895454662	-1.1145690868717793e-18	-5.446485861961595e-16	-1.0823487571255687e-7	-2.8971662401970807e-18	1.9371656561968595e-10	-7.605768809463367e-5	0.00041499552667699155	4.009853485681894e-11	-0.0001113990401214602	-9.580702571726609e-11	-0.5407596495212756	-0.01722360144764634	-2.822230330048009e-10	-8.764488687691131e-6	-0.004066919475233186	2.176987580755819e-5	5.090333237414985e-5	1.3426242697502569e-12	-5.7910132700049814e-5	-0.0005332441973586337	-2.677696933182833e-8	-0.011775435782505176	-0.0001194659530753104	-0.0046810942147866635	-3.485540248460492e-5	0.623936677552538	-7.420974309046379e-5	-1.114288711002495e-5	6.0786022734919535e-5	1.3614100761652292e-9	-0.08130761831179859	-0.30142853572949707	-2.3149253675779806e-7	-1.960299425171754e-12	-2.0753825663951568e-10	-0.06245142854805612	5.6965599514476364e-12	0.03125444911792213	0.050169720183082495	5.049320066009804e-8	-2.6219840606030525e-8	1.3608302736290497e-7	-4.705529355779633e-8	-4.723050685574838e-8	3.1772747006964993e-9	-0.0033188871695529008	0.022884274878471896	-3.764509003057795e-12	-3.1955634277205223e-10	-9.369279577946708e-7	-1.656195968458017e-12	2.1388804698719493e-12	1.5900078120539111e-9	2.0704402807607424e-10	-0.0006682334815904237	-0.3583305462083714	-2.2671312275921097e-8	8.945309046217282e-14	1.632502599484269e-11	-0.00027513669482760684	0.011173445422620625	0.0	-1.432225360241777e-10	-0.0022820730931789627	4.881866669817533e-12	5.834710748118991e-11	-4.444021276957036e-9	0.0	0.0	0.0	-6.17428349065622e-12	0.0	1.025822438245769e-9	0.0	0.0008856949960383412
4.003915043671862e-17	0.0012722013626491999	-2.6239681110964094e-7	5.087632772245642e-12	9.826094926167845e-6	0.0	0.0	4.112444306926695e-7	0.0	-9.41884082802661e-6	0.0	1.1730804245675108e-6	4.747681627718891e-10	-4.342079744630762e-16	-1.8708295147363193e-11	-0.000618181301488779	0.0015667720543335378	-0.0014764581392454578	-4.012589091249152e-11	8.286690329848924e-9	-1.5727459505273536e-6	-4.310904064600956e-14	0.6395411257788298	-2.3906441985895124e-7	-0.24796562581721598	-4.378424180304323e-18	-2.8117928508525742e-15	-2.0786033901348945e-7	0.0	3.227464416824763e-10	-0.00011802265161607924	2.2019865292190842e-6	1.2710274092957829e-11	-8.557448489503896e-5	-7.028647660044803e-11	-0.3787269826337602	-0.050140547134123456	-1.2996450978795951e-9	-0.00011462177847132305	-0.2809380397890797	-0.0006854241400571327	-0.00022414119202347838	1.0260126223156104e-12	0.00014115372619434552	0.0009458618036336182	2.8638270811231682e-8	0.01185487113758787	0.00010099589491929178	0.003351015716694752	2.475218117057117e-5	-0.40899278677713896	2.9430220457360583e-5	3.5714092752116736e-6	-5.830570371243033e-5	-2.01335251769309e-9	0.0836471917047276	0.3085509145089893	2.3789305733632488e-7	1.2535882865815657e-12	1.1732386102428712e-10	0.08793308224098978	-3.20816689687814e-12	-0.05102815819091957	-0.09596410422051242	-2.3088994608365176e-8	5.822827267628331e-8	-3.0818235994632303e-7	2.0027468281513708e-8	1.8566871183855045e-8	-9.055577835325383e-9	0.010826693624876598	-0.07472066957582418	1.4508490852069046e-12	1.065154461669095e-10	8.294847707760526e-6	5.100063652673913e-13	-6.571426014516353e-13	-3.9301214489369855e-8	-6.248713249615142e-11	0.000185572925803021	0.0956377280894468	5.98818923513871e-9	-1.1602005851164304e-13	-3.948150824139167e-12	0.000590957957472015	-0.024207051904681833	0.0	3.5346088162109613e-10	0.0005230619580929544	-1.0924740090698821e-12	-1.2864067356755525e-11	1.2901671640178237e-8	0.0	0.0	0.0	1.258599586236682e-12	0.0	-3.4305844561211425e-9	0.0	-0.0033894040982274604
1.3762836235771802e-16	0.0003865859360741551	-8.39845892880232e-8	1.5607066785753308e-11	3.002962191213832e-5	0.0	0.0	1.6120126589909675e-7	0.0	-2.0847624147737917e-5	0.0	2.3303486126001585e-6	9.281254881641211e-10	-2.248794514974788e-16	-3.3529945805170396e-11	-0.0003678892571570836	0.001013190914019796	-0.000965170055381883	-5.134050308879706e-11	6.577253668750668e-9	-1.7187793535728322e-6	-3.793981046240181e-14	0.5897383805261693	-2.1309207961685175e-7	-0.2513085120850121	-4.449022709605152e-18	-2.948802158235005e-15	-7.57712835054311e-8	0.0	1.9780607605005338e-11	9.916169811582698e-6	-0.00041415494922913195	-3.873097709220202e-11	0.00011939077899177383	1.0416056106246617e-10	0.5948759448158415	0.04356834181293766	1.0460091803533613e-9	8.457626745431438e-5	0.19940143062688412	0.00047249249546933085	0.0001362153036087846	-2.2006197607047247e-12	-7.581341387237118e-5	-0.00045510178677243476	-9.996875482291938e-9	-0.00388051030789424	-2.529416429038458e-5	-0.0004828760071927007	-3.4089007915979914e-6	0.026972291916415914	2.3318637131529375e-5	4.9064109716880654e-6	4.528773393253445e-5	2.345399068061511e-9	-0.07484376300226145	-0.27474656608216147	-2.133862620955437e-7	-5.480665998172982e-13	-3.4618806199609844e-11	-0.12600677057663642	1.3578862880100363e-12	0.08583518202692492	0.18683790463646965	1.0116708187852866e-8	-1.276102133215154e-7	6.850646980075897e-7	-7.131508364150508e-9	-4.915310354373926e-9	2.326855621932467e-8	-0.029730629684999888	0.20527032111568555	-8.360513737608942e-13	-4.132116390480176e-11	-2.8161972885183588e-5	-1.692991035110828e-13	2.1726115735764526e-13	1.4000244938736458e-7	2.002796240143291e-11	-5.185199905437129e-5	-0.024987885556577043	-1.5354401190464969e-9	3.9763902261953475e-13	7.815876493812608e-13	-0.0023790796267391576	0.09775096939859573	0.0	-1.4980891971178444e-9	-0.0001487823106678661	2.8378118136901854e-13	3.207012456258377e-12	-5.879072090161372e-8	0.0	0.0	0.0	-2.7193149268477836e-13	0.0	1.682438590413336e-8	0.0	0.01800731646632218
4.609862502409179e-16	6.610725829527057e-5	-1.4778998970663951e-8	4.6225669599067676e-11	8.857718324331141e-5	0.0	0.0	3.1514546950852587e-8	0.0	-4.241508222766899e-5	0.0	4.134601171316059e-6	1.6123384395559146e-9	-4.9937095876411335e-17	-5.1733305159341424e-11	-8.641808186644609e-5	0.00024557925713002387	-0.00023486757234254953	-4.43817268195681e-11	1.7103238121039343e-9	-9.844245410593177e-7	-1.0184879421356794e-14	0.16048567297661	-4.6012886734306216e-8	-0.07020302329288106	-1.2436997086830834e-18	-8.312185399724528e-16	1.4131557782723418e-7	0.0	-3.0980015671438483e-10	0.00012351032259574725	-0.0001573976550481991	-1.6606115490773432e-11	7.358804210427454e-5	5.7177112448023906e-11	0.2895566010029717	0.026943658062769778	6.775879416629305e-10	5.8089681744611934e-5	0.14089814189692376	0.00034139674990371697	0.00010947075041893728	8.296601593895816e-13	-6.879978985794972e-5	-0.00046712963367922074	-1.5731425446634395e-8	-0.006702944743001217	-6.456384516645165e-5	-0.002603512134721467	-1.9458486627651026e-5	0.3658775784126463	-6.991650412061069e-5	-1.2173477177692557e-5	-2.4402216173145896e-5	-2.3212270542680106e-9	0.05659453866731465	0.20642463033379824	1.6265139300764666e-7	-1.5309451181710706e-13	-4.5627874420796086e-11	0.18300763924915164	2.1279201173671227e-13	-0.14653144158037443	-0.36678860996154966	-3.538825437890384e-9	2.797923159508444e-7	-1.5219638083997826e-6	-6.823133155707255e-10	-4.727577201738062e-9	-5.906076503433414e-8	0.08013723033195118	-0.5534970278436248	1.2060811143708993e-12	3.3771444822160004e-11	9.069664924654509e-5	9.716199335339926e-14	-1.233554520484508e-13	-4.660736939581324e-7	-1.0432824908079689e-11	1.5993652235405727e-5	0.004689450218302314	2.2945809547680582e-10	-1.5561917697103232e-12	5.56197904383815e-13	0.01011106224725649	-0.41632774135836603	0.0	6.6134824508865475e-9	0.00016942506866214225	-2.5134388678114975e-13	-2.5038499419213588e-12	2.756602545047645e-7	0.0	0.0	0.0	1.360673128748226e-13	0.0	-8.422889449169184e-8	0.0	-0.09711207630824037
2.7077052812753937e-15	9.642301582531053e-6	-2.2090352569738892e-9	2.5341138554171073e-10	0.00048449092326814533	0.0	0.0	5.147452072275772e-9	0.0	-0.00019199866492764121	0.0	1.755495776908115e-5	6.779795521056781e-9	-9.063915824852345e-18	-2.061353612089906e-10	-1.6420631335139585e-5	4.7860742945144105e-5	-4.591931625093779e-5	-1.3408076923570896e-10	3.5261800711782393e-10	-2.2382476956536023e-6	-2.153459885105349e-15	0.03429908384163025	3.503764051141526e-8	-0.015315540764666735	-2.714743303533908e-19	-1.8262465809512145e-16	5.576692413228476e-7	0.0	-1.0069109812675978e-9	0.0003711450584798572	-4.333398067069842e-5	-4.983609789505286e-12	5.9535241723286676e-5	3.340726014020678e-11	0.09483467119198465	0.010303521869942971	2.6658445633773377e-10	2.3670149836809683e-5	0.05837882935688096	0.00014329846679579135	4.879240287662981e-5	3.601585358550167e-12	-3.271710551550986e-5	-0.00023621668767460615	-9.522109124174275e-9	-0.004191245203334368	-4.517841115412557e-5	-0.0020785320370902485	-1.5639948880795014e-5	0.31452021812460684	-7.894643456997584e-5	-1.4384943551387338e-5	-6.250533793628891e-5	-3.9324952443383656e-9	0.11208629031946386	0.41046789300968495	3.1988477111450284e-7	4.678610677883853e-13	1.3591695445112377e-11	0.19585057134521064	-1.2885284619771452e-12	-0.11957201846691339	-0.2070448308989788	-9.76207598275584e-9	9.487442057541293e-8	-4.7253450309759936e-7	7.2548568121717825e-9	6.256507589447142e-9	9.274884468668168e-11	-0.012561888068820243	0.08730218943740603	5.6803507677106226e-14	1.217014477769458e-11	-6.1013235716909506e-5	6.684051356024109e-14	-8.643160737663492e-14	3.6238108489395795e-7	-8.4573793368767e-12	3.0172722277787213e-5	0.018032582560073274	1.1872210088911734e-9	2.2066472690293244e-12	-1.7871780404440397e-12	-0.01750467710791966	0.724435237068267	0.0	-1.2513904366888468e-8	-0.00021082445550123197	2.700676146441914e-13	2.4519919644751646e-12	-5.962989179885599e-7	0.0	0.0	0.0	-8.142059080449714e-14	0.0	2.0877524403941813e-7	0.0	0.27811606972361813
1.8993110883447377e-14	1.4482544932107822e-6	-3.409908360232841e-10	1.6851112322511949e-9	0.003216217019193719	0.0	0.0	8.676466467106414e-10	0.0	-0.0011154554358566765	0.0	9.806911505153698e-5	3.766320658763189e-8	-1.7018824578078539e-18	-1.1119319621548321e-9	-3.2310668120451347e-6	9.664513596238708e-6	-9.302735461108491e-6	-6.515399893092363e-10	7.541565519140673e-11	-1.027861162978969e-5	-4.725747868905067e-16	0.007609812542950604	2.1707041545091515e-7	-0.0034699779185632653	0.0	-4.167537151120739e-17	2.3249915296612556e-6	0.0	-3.918006146794937e-9	0.0013973311812200111	-1.2429223649965195e-5	-1.558554027128255e-12	0.00013144525996672542	5.702351789128167e-11	0.032349952481407866	0.004089204385953929	1.0872932102529544e-10	9.98280878967669e-6	0.025014105138474865	6.215794145986698e-5	2.2388886850543506e-5	8.898382817991986e-12	-1.5935099826919316e-5	-0.00012161009835684811	-5.723855761405242e-9	-0.002587592733842192	-3.0489750215297205e-5	-0.0015458008753442608	-1.168676822226258e-5	0.24611421637094258	-7.282455314154226e-5	-1.3590885346761902e-5	-8.298310160399959e-5	-4.348971031430659e-9	0.13064578963670093	0.47902762382462405	3.706631712591558e-7	8.718874693637738e-13	6.56522757304019e-11	0.09002511821763831	-1.9373389190331235e-12	-0.0020582055816178012	0.1457611290943491	-5.366443790582075e-9	-1.9483771788671585e-7	1.1095352931627425e-6	6.715910420631881e-9	9.286984603358313e-9	5.9117981424457505e-8	-0.08622587386724925	0.5957385242834712	-1.1852714971268606e-12	-3.1954959434785294e-11	-9.247933265336694e-5	-9.997398174608408e-14	1.2751687441844087e-13	4.423511911220735e-7	1.1249915046160544e-11	-2.6344393744937e-5	-0.013178071522891844	-8.291575731638942e-10	9.747289289693015e-14	8.655546723916854e-13	0.006590009523142646	-0.28087622991753675	0.0	7.230128418776208e-9	6.46046693934534e-5	-7.03355306574807e-14	-5.554472328535785e-13	5.376888216217246e-7	0.0	0.0	0.0	-7.060553146317879e-15	0.0	-2.635840761448804e-7	0.0	-0.46936926589437516
1.295753879597216e-13	1.8589602228909117e-7	-4.992274473684455e-11	1.0888873805746581e-8	0.02074654396197699	0.0	0.0	1.2002465386094045e-10	0.0	-0.006289571082582611	0.0	0.0005318287103930124	2.0312117174454034e-7	0.0	-5.826348128991662e-9	-5.08928990553623e-7	1.5551403484115275e-6	-1.500939207493534e-6	-3.1043291556459448e-9	1.2718672879776704e-11	-4.722401101058292e-5	-8.137809813212463e-17	0.0013220678697074553	9.769844843593296e-7	-0.0006131112320423732	0.0	-7.406348831233158e-18	9.213346518318196e-6	0.0	-1.4582304948803797e-8	0.00504739381028414	-2.6429519498919037e-6	-3.5437232225442484e-13	0.00036424086860457216	1.4898323296567985e-10	0.007859391002764275	0.0011133137458760776	3.021126402694788e-11	2.843743017329307e-6	0.007209890944207542	1.8079644096271585e-5	6.78887072899031e-6	1.8476376619423916e-11	-5.049117184268934e-6	-4.013587672293362e-5	-2.116108669666573e-9	-0.0009754771016812112	-1.2265394213006463e-5	-0.0006673466067461402	-5.062776856598496e-6	0.11024112276500042	-3.670993901315342e-5	-6.9682481137883225e-6	-6.181118117058423e-5	-2.4876755036044818e-9	0.07742557176172235	0.2841245935545182	2.1657025308727164e-7	6.799042470321196e-13	6.869411717102422e-11	-0.09014639493508918	-8.783092477920539e-13	0.11746697815297585	0.3305934864412255	6.046848687428994e-9	-2.2649093084381083e-7	1.1969244506001937e-6	-3.1464711923786984e-9	-1.5310814144383295e-9	2.3375435972001084e-8	-0.010267945977366359	0.06993098496387619	-2.3035085969906296e-13	-9.912000855760679e-12	7.864959781881063e-5	-4.0647922027325054e-14	5.224803650487252e-14	-4.886222863318311e-7	4.896368931464742e-12	-1.534152404054521e-5	-0.008930990223110892	-5.86038052272492e-10	-2.2925189990013234e-12	9.082476854545835e-13	0.009767900970972253	-0.39234563250665755	0.0	2.9254361326736844e-9	0.00012490068592609666	-1.7082200545105528e-13	-1.6368163470302683e-12	-2.5535690300356555e-7	0.0	0.0	0.0	9.416046078951368e-14	0.0	2.8831596628627983e-7	0.0	0.7811453239506402
1.0508028033169146e-12	5.3340924402164245e-8	-5.420065247016378e-11	8.437584645257848e-8	0.16052831083339747	0.0	0.0	1.601873916843232e-11	0.0	-0.04355349478969404	0.0	0.0035680269880412866	1.3566573272698289e-6	0.0	-3.802131663235041e-8	-9.274435875959097e-8	2.953818297067966e-7	-2.8650318416659284e-7	-1.8787042168155712e-8	2.6220625521925073e-12	-0.0002779543811120331	-1.73571655415199e-17	0.0002860032431046123	5.599461608446515e-6	-0.00013621448593174383	0.0	-1.6603913942753157e-18	4.829290714947129e-5	0.0	-7.293420000039922e-8	0.024693403154932313	-7.60353860376914e-7	-1.1278301272448891e-13	0.0015132285411381821	6.118942349795672e-10	0.0027488771766713918	0.0004568097573242489	1.2751613268420514e-11	1.2423771110931544e-6	0.0032013852116235964	8.129053386385729e-6	3.2317078773794784e-6	6.08036248678672e-11	-2.551611015986173e-6	-2.1426946679682414e-5	-1.3114765112884422e-9	-0.0006198754237049152	-8.457895640293218e-6	-0.0005014313571154561	-3.819705956580008e-6	0.08651008625756676	-3.288257653459516e-5	-6.355816934396833e-6	-8.943714906511818e-5	-2.535977251817267e-9	0.08165127731417487	0.2998651994155384	2.2244847143996998e-7	9.011580732812617e-13	1.091557554440385e-10	-0.312284279270252	-1.7924009011381973e-13	0.27389179896020927	0.5613727390985798	1.7361455064225895e-8	-2.506453139747157e-7	1.2175844761281406e-6	-1.2703996907843025e-8	-1.2043229799799271e-8	-1.9652189327290384e-8	0.07024750823154435	-0.48697469139236754	8.540747511542147e-13	1.985531897490709e-11	0.00017904632074125404	5.813188328084446e-14	-7.405137203076225e-14	-9.338982696814098e-7	-6.476758494381855e-12	1.5169642735714008e-5	0.007813130262614392	4.972725654824091e-10	-1.0383043359777678e-12	-6.149515977595698e-13	-0.005443680988170459	0.23809552766498968	0.0	-7.331961880521172e-9	-6.942840391351236e-5	9.077580345605967e-14	8.439028018744135e-13	-4.629849502771058e-7	0.0	0.0	0.0	-4.124377954953123e-14	0.0	9.217452581860213e-8	0.0	-0.28475123723711826
6.549371855583547e-12	1.436167723835804e-7	-2.7614498606515755e-10	4.956568578838661e-7	0.9412183257637133	0.0	0.0	-3.2526422685989495e-11	0.0	-0.22027321143320405	0.0	0.01728423640793086	6.531804798688131e-6	0.0	-1.7730242007453882e-7	7.944206428556818e-8	-2.2462956709166645e-7	2.1491181173875462e-7	-7.883802792673086e-8	-1.6127766581017317e-12	-0.0011211301976865695	9.861084336874986e-18	-0.00015740574006924292	2.1720055991543096e-5	7.075038475899033e-5	0.0	0.0	0.00016434420510136476	0.0	-2.3121423911882664e-7	0.07567598762699966	2.931936276437341e-7	3.6752002109187116e-14	0.003593189438885981	1.4356775693022646e-9	-0.0008065351790970322	-0.00011600918172851081	-3.1660591912148628e-12	-3.003432948851585e-7	-0.0007644828764656909	-1.9230853966889895e-6	-7.333366659873295e-7	9.537049382485785e-11	5.550888664531618e-7	4.487938896798378e-6	2.478685047397766e-10	0.00011510340141600415	1.4791610719079108e-6	8.18773571005119e-5	6.215428594143967e-7	-0.01359898573239627	4.504747177191771e-6	8.514755783219176e-7	-1.772916280870888e-5	2.877162698799978e-10	-0.00868934484947037	-0.03186175021014786	-3.003976457235395e-8	-4.218749731833434e-14	1.6684674645910078e-12	-0.08642295359454791	7.869487975752228e-13	-0.0040746227423581124	-0.19650426457136028	-4.596191441354551e-9	2.0975591646214748e-7	-1.1431973679059805e-6	3.108508276898138e-9	2.734543139481599e-9	-1.9213516893270005e-8	-0.01389601230938689	0.09798815680668507	-1.6451438449915724e-13	-3.5780481237519737e-12	-0.00022178941632433122	-9.970125200522262e-15	1.268182723863136e-14	1.3236559849757959e-6	1.0964952355495381e-12	-2.433118453129037e-6	-0.0012214917111826663	-7.7225911021193e-11	3.839313727821807e-12	9.055930390930115e-14	-6.308694157135394e-5	-0.03410375307466064	0.0	1.1261420428604591e-8	9.703222920307185e-6	-1.2525315399942732e-14	-1.1542393030486025e-13	1.270530321675653e-6	0.0	0.0	0.0	5.36588186599334e-15	0.0	-5.182585335960062e-7	0.0	0.03481707416694449
3.9859561812868206e-12	3.146302230630629e-8	-6.424883780858472e-11	1.2203889660440925e-7	0.22113165969971355	0.0	0.0	-1.1960879342933601e-11	0.0	0.12837084468515741	0.0	-0.013830436140060435	-5.423651668108236e-6	0.0	1.7463666789559728e-7	1.6787464331195506e-8	-5.219291270047376e-8	5.046641185882898e-8	1.1539166262950787e-7	-4.4249075392666806e-13	0.0018291446671918144	2.894095752337382e-18	-4.756520941189539e-5	-3.8908584377169086e-5	2.263677280540752e-5	0.0	0.0	-0.0003758549141027602	0.0	5.855093968709557e-7	-0.20010820065180868	2.835213728044426e-8	1.095090381011649e-14	-0.012191378124721678	-4.914957701879222e-9	-0.000312112239189545	-6.193731616254032e-5	-1.7778187549843435e-12	-1.792238341519279e-7	-0.00046936851894957733	-1.2069269781741e-6	-5.086746117313439e-7	-4.1506953995295737e-10	4.279817053269641e-7	3.819410156022206e-6	2.7973230019332765e-10	0.00013655399927483002	2.080178792433997e-6	0.00013958241171402577	1.069825271007202e-6	-0.025724279093720315	1.2126512497049051e-5	2.4180759811292583e-6	0.0001727226290128532	1.1781008091086465e-9	-0.04041884873381553	-0.1486574981334792	-7.98057184795407e-8	-6.953111706724498e-13	-1.1740197350912605e-10	0.7462645434393487	-3.816325572360933e-12	-0.2528138012720088	0.48955925645873594	7.933416472005054e-9	-9.072556236886392e-7	5.11901211401611e-6	-4.653943195625774e-9	-3.507915678781396e-9	1.3106708498016914e-7	0.012169476988269737	-0.09427331551449765	1.4112686809856832e-13	2.5662164199161676e-12	0.0012374017596269542	6.252621829894247e-15	-7.921673547094494e-15	-7.64489569726187e-6	-6.639314800211571e-13	1.2751294766560747e-6	0.0005985633745864776	3.719263769411782e-11	-2.6131480114556384e-11	-3.808984607405461e-14	0.005908616905307207	0.013524797245777475	0.0	-7.737566659059343e-8	-3.595548208405417e-6	4.5015119182615814e-15	4.063129823155532e-14	-9.421319553308853e-6	0.0	0.0	0.0	-1.6839278568720544e-15	0.0	4.096205003669324e-6	0.0	-0.00954095322420502
1.5092375633700292e-11	2.1593757246037028e-8	-5.084269593725921e-11	1.239226448186511e-7	0.17902375971710158	0.0	0.0	-2.1724528330159946e-11	0.0	0.7691098939265776	0.0	-0.07352862534959755	-2.843148084327054e-5	0.0	8.566274224925778e-7	-1.7255830471877963e-8	3.789204246077361e-8	-3.514242544437805e-8	4.7521985810379066e-7	1.4856836133572858e-13	0.007114980966298398	0.0	7.781945943248115e-6	-0.00014338291067089615	-1.592213347593845e-6	0.0	0.0	-0.0011668653769099848	0.0	1.6619479022055915e-6	-0.5444261084936142	-2.3184511668268713e-7	-1.6058470981951068e-14	-0.024180529241986312	-9.61033217579874e-9	0.0002949271764855596	3.817555038797203e-5	1.0426657066466955e-12	9.949406240499842e-8	0.0002543846086798314	6.425779478023232e-7	2.5149733343244844e-7	-4.879544396881038e-10	-1.9784891205129458e-7	-1.6724465408625755e-6	-1.0856487936559721e-10	-5.2092533901523044e-5	-7.537136848410955e-7	-4.82305789188191e-5	-3.6887866075422907e-7	0.008696529551422864	-3.86377585110858e-6	-7.647952995097587e-7	1.1303983848134697e-5	-3.5727520093433147e-10	0.012113474080122106	0.04454055782066106	3.7063417927534194e-8	1.9437671076017096e-13	3.143133779652443e-11	-0.18307604297879002	8.038214822180725e-13	0.13365147163267968	-0.1401574853431482	-2.0915728670013324e-9	5.702799287866005e-7	-3.3739054829813137e-6	1.1896623850788487e-9	8.662318212488143e-10	-1.299829993848312e-7	-0.00156562468815726	0.021867538406873513	-3.1493036513440933e-14	-5.431934600904365e-13	-0.0019139657483384933	-1.2676362186428775e-15	1.603839641652707e-15	1.2595257452618925e-5	1.3299329236715592e-13	-2.4244415607909004e-7	-0.00011088386109499456	-6.842338146959777e-12	5.930151322435177e-11	6.598260646712649e-15	-0.015945186288327768	-0.002651616101914688	0.0	2.101471988585071e-7	5.990545270231505e-7	-7.376004672043027e-16	-6.587635145210705e-15	2.8116575097745775e-5	0.0	0.0	0.0	2.5787573240315533e-16	0.0	-1.349562154939443e-5	0.0	0.001362888398922001
2.7057908054476508e-11	9.097974725728705e-9	-2.3038845451282508e-11	8.916567829199439e-8	0.08202265249317892	0.0	0.0	-1.330742473697595e-11	0.0	0.5659998970162028	0.0	-0.037208370723152584	-1.348994301587111e-5	0.0	2.685458796263725e-7	-2.2512079832832415e-8	5.997052065110743e-8	-5.71288219107938e-8	-8.567928533430421e-8	4.330475240877051e-13	-0.0025101627680939	0.0	4.579933182821443e-5	7.413578438156034e-5	-2.2131323214806148e-5	0.0	0.0	0.0011988065818303857	0.0	-2.129467577695541e-6	0.7609175309649462	2.518953876563995e-7	1.2862391282914384e-14	0.052908866865676016	2.1342438895656484e-8	-0.00019911346665989676	-1.8839258411986203e-5	-4.933101127713745e-13	-4.482829370273889e-8	-0.00011210390321662478	-2.7846315855363316e-7	-1.0128973122942073e-7	1.5992125058180241e-9	7.413261624282761e-8	5.881926720110127e-7	3.2346879622069436e-11	1.5094682009337373e-5	1.9892563608343885e-7	1.1452746880689263e-5	8.712672956877079e-8	-0.0019480687998807466	7.001373664315661e-7	1.338387974102613e-7	-0.00021126667464434952	4.793164241344803e-11	-0.0014609696047744995	-0.005357723483030949	-4.8455402919668096e-8	-2.7840868565020255e-15	2.535783707612263e-12	-0.06271231264495253	7.703172796980343e-13	-0.2664374860011223	0.07951647819412619	8.837399345185882e-10	-1.506369268462008e-6	9.236931654758333e-6	-4.570017353050158e-10	-3.026790876194761e-10	4.552729318163356e-7	-0.004900121922264986	-0.007278218893964533	8.825645557836991e-15	1.3809189377515288e-13	0.008521097569030937	3.008848145540689e-16	-3.797053532140871e-16	-5.776550792726968e-5	-3.087952822261729e-14	5.124452399897375e-8	2.2223435295813335e-5	1.3497226576712273e-12	-3.1715610715409183e-10	-9.937833861272218e-16	0.09106818326919475	0.002624085926372765	0.0	-1.2326929073067033e-6	-1.4127182055623834e-7	1.5931217859355327e-16	1.3679853181573428e-15	-0.00017310556114807563	0.0	0.0	0.0	-4.6996605626271416e-17	0.0	8.758983815704426e-5	0.0	-0.00022365964558690798
5.861242133552179e-11	1.5643028199710938e-9	-4.078686064182068e-12	8.752193467427454e-8	0.014583837005967616	0.0	0.0	-2.630250722995684e-12	0.0	0.11943369405476946	0.0	0.022881460036861374	1.0459157640275656e-5	0.0	-5.385619878946764e-7	-5.22903422390848e-9	1.4420151319041317e-8	-1.3795526072193603e-8	-5.377284559468432e-7	1.1276713120339355e-13	-0.008549100633820599	0.0	1.2375331747295742e-5	0.00017462041390820134	-6.14468768501595e-6	0.0	0.0	0.001121040311396253	0.0	-1.1041046701181547e-6	0.2681740893065438	9.538608140843186e-8	5.5644281182436816e-15	-0.029620075856166807	-1.2635207363021501e-8	-8.260154579515732e-5	-1.0879672046147292e-5	-2.9719854935314633e-13	-2.844690510819551e-8	-7.291542000041023e-5	-1.8462596662342394e-7	-7.340063180863773e-8	-2.3261919375387193e-9	5.9159683268836925e-8	5.146593777764863e-7	3.71576724971929e-11	1.821857347595071e-5	2.848873960978267e-7	2.000549757524309e-5	1.5373129729370791e-7	-0.003797219314407926	2.0065372209790385e-6	4.07487506729338e-7	0.0005681442894254225	2.2476444714645057e-10	-0.008037002679003131	-0.029588098676334593	9.829887770960932e-8	-1.8623488874825788e-13	-3.900691602829051e-11	0.3753937069233699	-3.209035095856524e-12	0.723763855235402	-0.1296592485835457	-1.044397004203931e-9	4.800392982264125e-6	-2.9767756549260347e-5	4.688376366453982e-10	2.6336830859289874e-10	-1.620020718446273e-6	0.02104880598175682	0.007077199126324308	-4.642760702278798e-15	-5.21890172307254e-14	-0.03584757030366171	-8.719466004659024e-17	1.0821354606592161e-16	0.00024886385843575064	7.735987329485557e-15	-3.7243860137779386e-9	1.2892069085827552e-6	1.3977600786239938e-13	1.5651114680879663e-9	-1.3746553075581822e-15	-0.47717484055046006	-0.011579228601831755	0.0	6.652267271206902e-6	1.8794556587050208e-7	-1.628095404905528e-16	-1.2214140649567948e-15	0.0009801796658887678	0.0	0.0	0.0	2.622819941432975e-17	0.0	-0.0005231428548624172	0.0	9.0363524342505e-5
3.3318828259446327e-10	2.372937543049792e-10	-6.425687439037449e-13	4.1790537425229757e-7	0.002311217243785886	0.0	0.0	-5.078165265168233e-13	0.0	0.030230218415525263	0.0	0.14666079745747232	6.32185697933778e-5	0.0	-2.7495269377963794e-6	-6.058418191356717e-10	1.9579222285115534e-9	-1.9008900469856964e-9	-2.146884786887681e-6	2.092565127458215e-14	-0.031631554460926484	0.0	1.999145442094398e-6	0.0005970410505775373	-1.0456309997004534e-6	0.0	0.0	0.0025948526263174488	0.0	-1.3598502048050139e-6	0.059487835849815096	2.2868895807436186e-8	1.6407771778846065e-15	-0.12415770188421923	-5.14137678869711e-8	4.5105795309274135e-6	-2.6306338650182114e-6	-7.46734093300763e-14	-7.440189300101328e-9	-1.9400452207897037e-5	-4.974801876612455e-8	-2.084805494417882e-8	-5.466670438764118e-9	1.7650791388070358e-8	1.6006916422555806e-7	1.278975533813572e-11	6.370059430473991e-6	1.046179852709459e-7	7.708451577595028e-6	5.936641245011693e-8	-0.0014972261942029841	8.440947407291199e-7	1.7283234963683033e-7	0.0005973457765090409	9.989598669536012e-11	-0.003618635970457096	-0.013325823124118187	1.1025926018737962e-7	-8.993560094468448e-14	-1.949629614136025e-11	0.19620714325423555	-1.7327407585332624e-12	0.4142335685807564	-0.08328439635996633	-7.51891957824837e-10	8.19761150801154e-7	-4.305206168814567e-6	3.600409102242027e-10	2.211065884272945e-10	2.2769258818495445e-7	-0.006756338438120538	0.003353059556087338	-5.7051050760300774e-15	-9.168454549671788e-14	0.027658287582670638	-2.0666711558282302e-16	2.62118214799822e-16	-0.00021696454117807094	2.209851006367155e-14	-4.609919574572839e-8	-2.4169122116212157e-5	-1.5654813243365435e-12	-2.342799212972471e-9	3.5149061628603837e-15	0.8597342824788802	0.02054461428338774	0.0	-1.3034641399760309e-5	-2.625373969963355e-7	2.0368491489217434e-16	1.424353565603749e-15	-0.002181746493884908	0.0	0.0	0.0	-2.1797943931443646e-17	0.0	0.0013272200390992087	0.0	-5.423769540812806e-5
2.4110580949724487e-9	1.522043061989721e-10	-4.656448504099049e-13	2.8627392580279055e-6	0.0017072124709861883	0.0	0.0	-6.799191163467535e-13	0.0	0.06975116012166543	0.0	0.8643354894870741	0.00037015125127242934	0.0	-1.560850449906409e-5	1.7835736323110391e-9	-3.5329869576508223e-9	3.2552875755410066e-9	-1.1093742933346558e-5	-2.0337774320055733e-15	-0.15782013709672793	0.0	-2.1229271288764743e-6	0.002876036763747723	8.7694254505483e-7	0.0	0.0	0.010945144643926654	0.0	-4.915011438280939e-6	-0.010876069447723083	-5.592235416850208e-10	7.89320088091619e-16	-0.42621470584152055	-1.7481718613227765e-7	9.893849029766585e-5	2.3580254732817393e-6	5.995226373657222e-14	5.35703057264308e-9	1.3365479146092492e-5	3.3207795559081694e-8	1.2316203877443021e-8	-1.3683304080958979e-8	-9.429533955246928e-9	-7.928868130678502e-8	-5.429787994047786e-12	-2.6490466248309496e-6	-4.097263424819447e-8	-2.863515896550434e-6	-2.2002527545679817e-8	0.0005432760508661067	-2.883026751323386e-7	-5.8610856859797385e-8	0.000594014615727665	-3.2595124420316434e-11	0.001168754705717396	0.004303033155887748	1.1061242999271072e-7	2.7601249310437443e-14	5.847582003416876e-12	-0.057222878031362376	4.957286448580906e-13	-0.11475818745729459	0.02180145376675435	1.8742759330259502e-10	-3.879832159915581e-6	2.50306499831187e-5	-8.748849810001068e-11	-5.1931585589729105e-11	1.8122878987605548e-6	-0.02586074720297394	-0.004691921593677663	1.2547069203017983e-15	1.76443761273714e-14	0.04294849326206479	4.886834200642236e-17	-6.119670848709093e-17	-0.0002840244335675906	-4.843138640135277e-15	9.050225966583807e-9	4.589166540773029e-6	2.94815882921729e-13	-5.494212815317379e-10	-6.218454974280406e-16	-0.14748429325617593	-0.0035188175552454425	0.0	4.801776322019206e-6	4.3756701861717395e-8	-3.345866171355407e-17	-2.316525612793469e-16	0.0014993226805141292	0.0	0.0	0.0	3.3500669007229686e-18	0.0	-0.001385995233332135	0.0	7.770506471790187e-6
4.6163271690472305e-9	4.798014976444092e-11	-1.5495724195135806e-13	4.449443685225145e-6	0.0005727608423712614	0.0	0.0	-2.8023636750287457e-13	0.0	0.032457922257277366	0.0	0.44977487673774585	0.00018150699264072	0.0	-5.261902266944033e-6	1.1902574756661091e-9	-2.6686636397334446e-9	2.504742725770963e-9	1.498573568765709e-6	-2.0788075203376282e-14	0.04738202897067176	0.0	-1.5087410572083777e-6	-0.0013153894957471895	7.63663283285594e-7	0.0	0.0	-0.010358802974691909	0.0	5.945994481698501e-6	-0.04824005801323177	-2.219063900680556e-8	-2.8144928433151114e-15	0.8435994969848615	3.5095258098879936e-7	-0.00017641427464541387	-2.3683998780627933e-6	-5.6159140581057683e-14	-4.645264366563174e-9	-1.1204950043794155e-5	-2.7151103892506847e-8	-9.073119550440329e-9	3.8728499065002153e-8	6.318627198333196e-9	4.921381172679776e-8	2.8408177525212145e-12	1.3525061931099568e-6	1.944375988573774e-8	1.2704086180148748e-6	9.732232723116757e-9	-0.00023369640909575188	1.141665595290317e-7	2.2975576793875218e-8	-0.0026252281790910973	1.2091190161269013e-11	-0.0004268637322538604	-0.0015710571448389833	-4.934947653438816e-7	-9.305776266730651e-15	-1.897642315047177e-12	0.017679996928802164	-1.4780238204055023e-13	0.032083825094661296	-0.005324198037220436	-3.898626790403175e-11	1.5616896342242468e-5	-0.00010230225806318684	1.6178409905722328e-11	7.555006174934334e-12	-8.41013947632319e-6	0.12693604183392326	0.018455104563448867	-2.742433061080998e-16	3.769318964216146e-15	-0.24680983821596406	-4.6175140494131106e-17	5.488225220718897e-17	0.0016931362764819528	3.2237942035395983e-15	-3.4501346655061042e-9	-1.5422146800149517e-6	-9.639773981683444e-14	5.525560684417326e-9	1.7102527719095455e-16	0.03785066588560214	0.00090007382436213	0.0	-1.6919492896261778e-5	-1.0589617287291698e-8	7.873693198387713e-18	5.3486943845370716e-17	-0.007557663751848699	0.0	0.0	0.0	0.0	0.0	0.008094562455796116	0.0	-1.4669677751679734e-6
1.3831203886360338e-8	8.043703666113054e-12	-2.686088565245086e-14	1.1223489765707385e-5	9.978459610147168e-5	0.0	0.0	-5.559985806693757e-14	0.0	0.006990352459929587	0.0	0.1052216263389452	1.5868533191365945e-5	0.0	5.195873436563031e-6	3.5087251608960065e-10	-9.150658409964813e-10	8.802873511956894e-10	1.3377626028338307e-5	-2.7026976191076754e-14	0.2225344414132584	0.0	2.602432788847526e-7	-0.004475324674678301	-3.2631284649303363e-9	0.0	0.0	-0.018778964180728237	0.0	8.081309535752421e-6	-0.00993575002363422	-5.0493304580899675e-9	-7.290979621215904e-16	0.23861412693163794	8.783652108582488e-8	-5.097465747251546e-5	-8.081215975600304e-7	-1.9704127098427654e-14	-1.6854137364984824e-9	-4.129398582469696e-6	-1.0126744411199752e-8	-3.571380033183059e-9	-2.369877737045698e-8	2.62846123287288e-9	2.151621050643232e-8	1.4155070859446044e-12	6.884187005977803e-7	1.0595287166637045e-8	7.41923042317685e-7	5.702127352628399e-9	-0.00014120503343450943	7.615787747652613e-8	1.552672038600399e-8	0.004520614475312053	8.774214485134206e-12	-0.00031682966414126393	-0.0011666530815068446	8.759185312805798e-7	-7.780498073898099e-15	-1.6860580002776878e-12	0.017050530132926112	-1.5166031763307342e-13	0.03699982768179876	-0.007965222214017168	-8.005753863868897e-11	-3.9392034677261766e-5	0.00026074848609901975	4.162891892521081e-11	2.9738507696404065e-11	2.3833449649846332e-5	-0.37799736136052287	-0.0540400705723095	-3.4972176656125806e-16	-3.0901152455056616e-14	0.8547139812078657	1.2236520560464806e-16	-1.4265936305521527e-16	-0.006034323307540836	-7.287650187285818e-15	4.782498208620128e-9	1.7910019624886982e-6	1.0729840968969534e-13	-2.3361535238061778e-8	-1.4123653391717492e-16	-0.02739982932215471	-0.0006473446885926721	0.0	7.594713723067104e-5	6.822999157674144e-9	-4.786906164952982e-18	-3.118000404881455e-17	0.03651780200266467	0.0	0.0	0.0	0.0	0.0	-0.04177621587114311	0.0	5.9580347974872e-7
8.644616454824273e-8	3.5420839085354e-12	-1.2755120619259861e-14	6.548688752264638e-5	4.7928813157782326e-5	0.0	0.0	-3.612926183043609e-14	0.0	0.005497904922131564	0.0	0.09959310293099101	-9.911511153442417e-5	0.0	3.147133227841134e-5	5.145163669409115e-10	-1.6615904375079872e-9	1.6471358044289075e-9	5.9897292070763875e-5	-9.984302392229054e-14	0.9387135879054919	0.0	2.6277873594707894e-6	-0.01784452442201416	-7.773993235451899e-7	0.0	0.0	-0.06140789225422493	0.0	2.312987365867217e-5	0.013496449819208188	5.43620248755937e-9	5.951122019404281e-16	-0.16521359368840996	-1.0346753105569577e-7	3.401533661100751e-5	4.2002171248264815e-7	9.879546488098753e-15	8.10937978170913e-10	1.9504712720385038e-6	4.7172282004601855e-9	1.5675454064216835e-9	-8.84999968432363e-8	-1.0904782683098635e-9	-8.515935602279936e-9	-5.019277231100315e-13	-2.4017292116138087e-7	-3.5181170087463792e-9	-2.3513087102279196e-7	-1.803322291058608e-9	4.378670580878377e-5	-2.2228645062602342e-8	-4.4958074972881074e-9	0.007675410998935521	-2.4807812649787378e-12	8.797370401388818e-5	0.0003238397869036451	1.4275175432828958e-6	2.0273900674347505e-15	4.267102470684719e-13	-0.004155278206215107	3.595112963335356e-14	-0.008337115553374068	0.0016071373506407628	1.4059716749033229e-11	-2.722058678529695e-5	0.0001732069961388547	-6.570871122870659e-12	-3.75224618389625e-12	8.792019181393966e-6	-0.08301978335023273	-0.012131371327972278	3.5626329450448727e-16	1.0186124798477924e-14	-0.24179182156199192	-3.2498743757696166e-17	3.7706547324874506e-17	0.0023277505946070797	1.859238516869605e-15	-1.0641743423734421e-9	-3.770429222933005e-7	-2.2274505411054007e-14	2.3955056862988745e-8	2.6197769940552968e-17	0.004755112605439021	0.00011190944133064984	0.0	-0.00011273225472827643	-1.0841409735055423e-9	0.0	4.150897680153048e-18	-0.06419502240212376	0.0	0.0	0.0	0.0	0.0	0.08660550137703256	0.0	-1.045981909829874e-7
2.1027434597323543e-7	5.064343648820701e-13	-1.867778296700877e-15	0.00013545609340113952	7.0429849245416396e-6	0.0	0.0	-5.770342334425019e-15	0.0	0.0009174450588150148	0.0	0.017242099028311947	-0.00013487997977809822	0.0	2.7939122889348133e-5	9.534440938378083e-11	-3.157779693847385e-10	3.140319291754047e-10	2.244268337119116e-5	-2.0093331403543395e-14	0.19030179363221103	0.0	5.506541450892684e-7	-0.000696361924800315	-1.662522992869193e-7	0.0	0.0	0.02920366576034338	0.0	-1.7182908676477493e-5	0.0032605784636981603	1.3893254964445792e-9	1.6528490763258555e-16	-0.048884446380202666	3.361892339951428e-8	1.0227992853677833e-5	1.4431135825406804e-7	3.475102528677121e-15	2.935123845769981e-10	7.154986609300023e-7	1.7484499700802063e-9	6.089922414680981e-10	1.9107383065664e-7	-4.4492892044551424e-10	-3.633454068810633e-9	-2.4145724952647504e-13	-1.1785550375445455e-7	-1.841059072172193e-9	-1.315192113262096e-7	-1.0118714572933828e-9	2.5323800202669963e-5	-1.4268583594740569e-8	-2.9329577230673226e-9	-0.026581817549547707	-1.589589612945013e-12	5.9789267560964236e-5	0.0002202768848197553	-5.051521446855731e-6	1.5848957667301843e-15	3.551460894662171e-13	-0.003761114485361593	3.4678811475367244e-14	-0.009073748736942317	0.0023004585994125222	2.831697682309311e-11	0.00014002234351585864	-0.000904989732819883	-1.691833582897669e-11	-1.5241547399241232e-11	-5.878517501761312e-5	0.719009135946616	0.10388101488683495	-1.1558271119011514e-15	-1.4356113640792374e-14	0.24859910105340977	2.824562078900681e-17	-3.2315429670717413e-17	-0.004807759702601089	-1.4301351077536128e-15	4.695617859869879e-10	1.1797625371456635e-7	6.244033977348573e-15	-1.0248264176852537e-7	8.772705169296723e-20	0.001026166664814639	2.5721466972690025e-5	0.0	0.0005664628710907375	-6.408397409848675e-10	0.0	6.938900267943692e-18	0.34584597305897813	0.0	0.0	0.0	0.0	0.0	-0.500223247125831	0.0	9.759262831944613e-8
1.450610778057144e-6	6.940711300399443e-14	-2.626667730466479e-16	0.0008769043844995265	9.933118406633063e-7	0.0	0.0	-8.93074761667646e-16	0.0	0.0001495835658358775	0.0	0.002945328591499361	-0.000699115375865109	0.0	0.0001297430783163474	1.794356593415823e-11	-6.195812091075851e-11	6.19605749450655e-11	5.939385175838183e-5	-4.4269806297603794e-15	0.04269740602927269	0.0	1.3975950786984848e-7	0.014357729264753944	-4.312138711324186e-8	0.0	0.0	0.19421385659356397	0.0	-9.742602872650224e-5	0.000272167464690074	1.8233420990311026e-10	2.800096551942858e-17	-0.0092525464274324	2.2259582810195315e-7	1.9815644798750657e-6	3.267165910834529e-8	8.051807291556042e-16	6.987244188994092e-11	1.7244563380580775e-7	4.253736321112146e-10	1.5438888247020108e-10	6.284930898675932e-7	-1.1749400394461355e-10	-9.94351849545285e-10	-7.232007746509361e-14	-3.5809919799941024e-8	-5.856265453120287e-10	-4.386382541225994e-8	-3.3824592663994066e-10	8.655000582346086e-6	-5.3543340679967685e-9	-1.1240809572972412e-9	-0.05666756729594339	-4.1422122049735863e-13	1.9381123081362057e-5	7.155301507370568e-5	-1.0481158504852696e-5	6.057404438341378e-16	1.4093180264352764e-13	-0.0015583774087967789	1.4799114579911527e-14	-0.004073331481404338	0.0011363579964776183	1.5313000701546518e-11	0.00017011261372945282	-0.0010762534571493836	-9.615154885535876e-12	-9.260960595930329e-12	-5.240755356792227e-5	0.5214310148465806	0.07538511022546159	-9.24231816648408e-16	-1.4124141226080945e-14	0.2801431660887952	3.484261468763377e-17	-4.0191761183308124e-17	-0.0026142402058734293	-1.8999103852571332e-15	9.618109181250253e-10	3.362601707463735e-7	1.9901292359251633e-14	3.0976130633903715e-8	-2.6256588953098716e-17	-0.005605845918863831	-0.00013344752997729837	0.0	-0.00044308477280001365	1.7153792373396528e-9	0.0	-1.194069057258403e-17	-0.36428866493182505	0.0	0.0	0.0	0.0	0.0	0.6841967982914908	0.0	-8.197943330135823e-8
1.1142095264546493e-5	2.434730838883046e-14	-9.849758179583184e-17	0.0064179364267301035	3.6948055587833897e-7	0.0	0.0	-4.2056225249430325e-16	0.0	8.055018485134868e-5	0.0	0.0017939587300690705	-0.0043633923193624885	0.0	0.0007876722776898291	1.4124799289092281e-11	-5.4375788118318515e-11	5.5165324050517384e-11	0.00032391397254191863	-5.164535571731768e-15	0.05193272596602731	0.0	2.2390429817153954e-7	0.07999861060247744	-6.882607175055054e-8	0.0	0.0	0.9542435023826787	0.0	-0.000454358596219569	-0.001970801983096354	-5.578395896886184e-10	-4.527028967810197e-17	0.011086826265959117	8.700409088289146e-7	-2.2311835181168178e-6	-2.495930448937425e-8	-5.838550235080099e-16	-4.776501594780339e-11	-1.1483603495932759e-7	-2.7776765108638437e-10	-9.276691469380258e-11	1.9095079910339613e-6	6.52901896681914e-11	5.175749446945173e-10	3.213304839039804e-14	1.5515770985231684e-8	2.3341632238821803e-10	1.582935988162759e-8	1.2140601930297993e-10	-2.933302041017217e-6	1.1543129765553748e-9	1.9888805819834563e-10	-0.10710972008156386	6.21396776969304e-13	-1.4985766647412615e-5	-5.490816310930786e-5	-1.9143341410204286e-5	-2.658686617279527e-16	-5.714739137735173e-14	0.0005893587766363909	-5.382611844765614e-15	0.0014000579323922677	-0.0003587171157123671	-4.529184687849201e-12	0.00012138106510009113	-0.0007244659950075776	2.756465212175696e-12	2.554466815188523e-12	-7.148902618069541e-6	-0.1319308267179804	-0.019068213928665673	2.246169234746211e-16	3.1914873529782392e-15	-0.06078424294038566	-7.370139989801983e-18	8.479320602244334e-18	0.0033026273288499185	3.954555158046827e-16	-1.8279118668757444e-10	-6.065445012255513e-8	-3.5359095475968023e-15	1.0186776301525849e-7	3.9642623974071605e-18	0.0007278205974823758	1.7142383128360227e-5	0.0	-0.0003604055243277507	-1.6343749210819283e-10	0.0	3.027909385752559e-19	-0.0825421403655235	0.0	0.0	0.0	0.0	0.0	-0.2009155471478915	0.0	1.6821612837815722e-8
3.375941844943595e-5	3.1852064789568732e-15	-1.5094968481481114e-17	0.017141405656044443	3.9955897629520095e-8	0.0	0.0	-6.004130676951746e-17	0.0	1.1999353944559635e-5	0.0	0.00027895709636255	-0.00701711235283721	0.0	0.0011466989546804326	2.3243413644293262e-12	-9.18845823189945e-12	9.354394790661689e-12	0.0003181895169065718	-9.420980833926247e-16	0.00962225833245692	0.0	5.643597254271094e-8	0.05423953226265099	-1.0956353521787402e-8	0.0	0.0	0.1854794647295768	0.0	1.8294171486720838e-5	-0.0004161822405978925	-1.2342434037675411e-10	-1.0809804230105104e-17	0.002814106712377549	-7.500053937742307e-7	-5.754066833076895e-7	-7.393937497507003e-9	-1.7752034219023396e-16	-1.500248888004263e-11	-3.663669362021522e-8	-8.970698752427125e-11	-3.173576949420088e-11	-3.155883860917667e-6	2.382212674688627e-11	2.0129484190657864e-10	1.5398951153629518e-14	7.757815771792024e-9	1.3731167884103696e-10	1.175624867389551e-8	9.139886396262114e-11	-2.5571581260042265e-6	2.7957392233787093e-9	6.798520851181259e-10	0.30372776010684593	-1.0326715901485657e-12	1.589724878213809e-5	5.773911764643472e-5	5.561002596251712e-5	5.581746350824218e-17	4.8708968750249194e-15	8.045713766158594e-6	-3.4011617904658625e-16	0.000178443421480511	-7.559831644372221e-5	-1.21638538652649e-12	-0.0005499363333495463	0.0033596442338826513	8.138614737885991e-13	8.417433094381361e-13	7.676908981553378e-5	-0.054404447831592095	-0.007868891874873912	1.0251954501113468e-16	1.7559488858250314e-15	-0.03728526121484121	-4.8704885590193965e-18	5.6574057988184826e-18	-0.010893801928349102	2.7014346963688477e-16	-1.6343814533508848e-10	-6.359628812407416e-8	-3.884486164473155e-15	-5.08296230462443e-7	0.0	0.0019822318000506877	4.7957827201544596e-5	0.0	0.002292284142327045	-8.761773858459538e-10	0.0	1.0344284339784082e-17	0.8090770940874957	0.0	0.0	0.0	0.0	0.0	0.45913227545754576	0.0	-1.998442171465878e-8
0.0002622921912325521	8.82519503602405e-16	-1.8630184616462355e-17	0.12637479544482888	-6.03838316255066e-8	0.0	0.0	-1.2077149293886494e-17	0.0	2.790086528885541e-6	0.0	8.529374648485818e-5	-0.04270604271511017	0.0	0.006734592736299799	6.913018105728101e-13	-3.0321344423554186e-12	3.1327218081117465e-12	0.0016186636197447844	-4.68279416460096e-16	0.005289464765086503	0.0	1.0430772995542703e-7	0.2344218031520702	6.099613466179441e-9	0.0	0.0	0.03571709979624744	0.0	0.0005479070778238839	-0.00011530320069334148	-3.87692662066387e-11	0.0	0.0011789560169767305	-4.119976639095924e-6	-2.4834532983786744e-7	-4.074088451219291e-9	-1.0215069121452037e-16	-9.104290765432841e-12	-2.279968373089581e-8	-5.692570054995727e-11	-2.202902633791618e-11	-1.3320627565962978e-5	1.819934229800959e-11	1.6826686800502502e-10	1.665061036598403e-14	8.777303774740964e-9	1.810918739396135e-10	1.8393666492864148e-8	1.4421462467970495e-10	-4.381637393858865e-6	6.458076111471416e-9	1.6406853194314712e-9	0.9067633607049491	-3.3176542532284412e-12	5.6084615530439756e-5	0.000204146924200392	0.00016272772502634657	4.026838212769867e-16	6.877939058093465e-14	-0.0005707823008359003	4.616274385210527e-15	-0.0010150737304399514	0.00020885756004926167	2.30683632128966e-12	-0.0011168876913031961	0.006730098298734881	-1.335103232561645e-12	-1.171040309974436e-12	0.00012473419668154387	0.055793393638245356	0.008062523685649248	-9.327678981316373e-17	-1.3230936598715073e-15	0.02558706931004153	3.1196214108138338e-18	-3.5764317300608434e-18	-0.012554909027336764	-1.744332312781807e-16	8.934880172875277e-11	3.241508933447908e-8	1.944628894336163e-15	-2.308338671941169e-7	0.0	-0.000805748021747752	-1.9426679644211322e-5	0.0	-7.851951159306743e-5	3.34546370133463e-10	0.0	-3.746396074473402e-18	-0.28090869446975225	0.0	0.0	0.0	0.0	0.0	-0.14397978002957695	0.0	5.602372331785126e-9
0.0014137470954305646	1.5275558493896679e-15	-8.138282695146381e-17	0.6357211097026465	-3.512424298888329e-7	0.0	0.0	4.1859523999419205e-18	0.0	1.782007917194246e-7	0.0	7.551441374156486e-5	-0.16923029925955138	0.0	0.025651007749188482	2.981157882297039e-13	-1.9304175508929536e-12	2.0842341070683975e-12	0.005386433006883017	-6.492063376405746e-16	0.008182289965958616	0.0	2.8098242412854537e-7	0.699677298112019	3.013539769788942e-8	0.0	0.0	-0.0870256811776478	0.0	0.001369417809695849	0.0001358036999680208	3.607775278182674e-11	0.0	-0.0007180878690405774	-6.4698397431231325e-6	1.4617670676746775e-7	1.910901054355739e-9	4.6403687511199207e-17	3.987742783607223e-12	9.825281607455123e-9	2.4234180821393533e-11	8.904346647815632e-12	-1.0631055303360263e-5	-7.007967772455354e-12	-6.225028974443612e-11	-5.622231141535125e-15	-2.9248976753777694e-9	-5.8007452605599623e-11	-5.682054063582423e-9	-4.447818334259784e-11	1.33136520301087e-6	-1.878454585177435e-9	-4.747227734011603e-10	-0.2565938368400982	9.32689003443316e-13	-1.5646906333774462e-5	-5.694476428192458e-5	-5.541956840060138e-5	-1.0804534631563298e-16	-1.8128528449994534e-14	0.00014717901246083845	-1.1724206781173942e-15	0.000251297037840095	-4.940367365670729e-5	-5.225236597847038e-13	0.0014106047948086577	-0.00869820791812382	3.0011501558862863e-13	2.55862877127603e-13	-0.0002076329700360788	-0.011506865760856593	-0.0016624958247085531	1.8711746066274384e-17	2.508937139341891e-16	-0.00459616490882792	-4.581619543394592e-19	4.732596469338468e-19	0.03263263713104376	3.732137692868168e-17	-1.6071423605337063e-11	-5.6674942847992766e-9	-3.3762736171286217e-16	1.0454684795410606e-6	0.0	0.00012893269731368716	3.1041959649640108e-6	0.0	-0.002074604792717843	-5.255919051213215e-11	0.0	0.0	0.042085663897646675	0.0	0.0	0.0	0.0	0.0	0.020609274068884232	0.0	-7.605478998929963e-10
0.0021691705033542114	1.471924048708624e-15	-9.365906887320253e-17	0.7428297158055226	-4.1601405336006123e-7	0.0	0.0	1.5535041748392722e-17	0.0	-2.689265646616232e-6	0.0	-5.832886316034457e-5	-0.012832235972596145	0.0	-0.002109592458184278	-6.928827061407554e-13	3.2865549227094682e-12	-3.440082754952605e-12	-0.003097396558645265	7.283606347411638e-16	-0.008830503572497681	0.0	-2.627740596044705e-7	-0.6421508971340978	-2.582333717606253e-8	0.0	0.0	0.054991474800880125	0.0	-0.0022816691197461614	-7.036018142408232e-5	-1.7000555307555245e-11	0.0	0.00027226242398641423	1.7359913800812208e-5	-5.4306085801430123e-8	-6.133076769990839e-10	-1.456605615225779e-17	-1.2198443299200711e-12	-2.9705848663183844e-9	-7.262487594440929e-12	-2.568197029229504e-12	4.270275555323224e-5	1.9480050010728406e-12	1.6770552476819946e-11	1.4059692106719158e-15	7.233284405111567e-10	1.3864546867178983e-11	1.314966552562222e-9	1.0278353535909607e-11	-3.0350538036477905e-7	4.1100314195067046e-10	1.0334254521820573e-10	0.05464960122293114	-1.973445202449709e-13	3.2851406458501645e-6	1.195374540075251e-5	4.7735731305877606e-5	2.1773168953935036e-17	3.5817952027667884e-15	-2.8348018197978216e-5	2.216744199968118e-16	-4.594438569832789e-5	8.385802273739016e-6	7.201284559572082e-14	-0.005328735091498826	0.03321246791659891	-5.5384602985728614e-14	-4.0751839207863195e-14	0.0008818601279005189	0.001512576358536472	0.0002183555629143385	-2.1250930729353313e-18	-1.0554158970444394e-17	-0.0006040251038119691	-5.965618159587762e-19	9.6735446271279e-19	-0.16791366347528752	-3.3128076294102215e-17	3.99235437613059e-12	1.2248006622487116e-9	7.099803933502115e-17	-6.1736046008404755e-6	0.0	-2.186300419657317e-5	-5.247845584379184e-7	0.0	0.013710964683546848	1.1025867734620285e-11	0.0	0.0	-0.006487649354062727	0.0	0.0	0.0	0.0	0.0	-0.002981135836063259	0.0	1.0302875505495096e-10
0.0015856952686102762	2.4493987079426753e-16	-1.6271267390364136e-17	0.12951409337472092	-7.276374034291598e-8	0.0	0.0	3.4100567407013818e-18	0.0	-7.931289858797484e-7	0.0	-7.667933620164757e-5	0.1693448824371951	0.0	-0.025320210669008657	-6.086309769442932e-14	3.8933044911708474e-13	-4.172372066581031e-13	-0.0034919409613062284	1.1187642969134987e-16	-0.001383864971399706	0.0	-4.420109073178678e-8	-0.10899495570652976	-4.528602461325665e-9	0.0	0.0	0.011168758755932462	0.0	0.002288482775139834	-1.589192363557423e-5	-4.066828956241608e-12	0.0	7.607694229341282e-5	-3.49078585144207e-5	-1.5431548624035308e-8	-1.9971874823404167e-10	-4.856077495463688e-18	-4.183829697371615e-13	-1.0324576521681618e-9	-2.5500313734687633e-12	-9.44233256221593e-13	-0.00012178645757366933	7.509152113484724e-13	6.746707092136453e-12	6.32797250560409e-16	3.3154532967612104e-10	6.73640375154368e-12	6.777037520444284e-10	5.311836825012379e-12	-1.6099913165218426e-7	2.369563270030719e-10	6.022691017591523e-11	0.03340820285723401	-1.2243526615761982e-13	2.074493367366387e-6	7.5515506490122556e-6	-0.00014195569532723663	1.5169307199376544e-17	2.6241003615638896e-15	-2.2224628610462023e-5	1.829608364247607e-16	-4.182380199531489e-5	9.701739530268846e-6	1.704005624458905e-13	0.02473491216794581	-0.1550112420658825	-2.4837248506396016e-14	-4.912020302434198e-14	-0.004364865848505939	0.003464095624345295	0.0005012583455670997	0.0	-1.912342218002465e-16	0.00808304436737781	3.944485554919572e-18	-6.132384131203061e-18	0.9525873747457054	1.580868990917423e-16	-8.461621679883916e-12	-2.0153070166274094e-9	-1.1016338145354339e-16	3.8854624152264836e-5	0.0	1.8774835767931062e-5	4.4563971804665986e-7	0.0	-0.09264369543821988	-2.3651899460686563e-11	0.0	0.0	0.004404525439739173	0.0	0.0	0.0	0.0	0.0	0.0016536269722089896	0.0	-4.70748874840436e-11
0.008751788446151041	1.712837325836644e-16	-1.2870037054197124e-17	0.10348998324073327	-5.866929662357417e-8	0.0	0.0	0.0	0.0	-1.8578015344719901e-6	0.0	-0.00036527734087280877	0.9434644006468281	0.0	-0.13329295850685138	3.7870740665504983e-13	-1.3260786386694881e-12	1.3456215361197649e-12	-0.013987880054802596	-1.9508052467785865e-16	0.0022785476713705543	0.0	5.93018354006582e-8	0.1424565467864982	5.38666331320686e-9	0.0	0.0	-0.008920532964963502	0.0	0.011209601155438747	9.968368001863235e-6	2.272616637904773e-12	0.0	-3.2897393909793896e-5	-0.000126303638358586	6.5168360302550205e-9	7.120590813175521e-11	0.0	1.411126145517095e-13	3.435481417788426e-10	8.398781949060649e-13	2.9739259567946087e-13	-0.00033541664632490034	-2.266199642154042e-13	-1.9626912912795768e-12	-1.6843085970526424e-16	-8.705656247621552e-11	-1.6957923999921112e-12	-1.63732644869635e-10	-1.2809117007169616e-12	3.81383626486467e-8	-5.307320574622959e-11	-1.3392388698957438e-11	-0.0071940902241292804	2.6102767563608882e-14	-4.3694822167034935e-7	-1.5901067332397448e-6	-0.00024216745417636338	-2.981507965319808e-18	-4.965392587571697e-16	3.9777443667899805e-6	-3.12412310857463e-17	6.4152232359897035e-6	-9.155513587489551e-7	3.273026027527458e-14	0.020117716085906946	-0.1223838190634158	4.2118541176560215e-14	1.957106663198616e-14	-0.0022757907544711142	-0.0008642770285810489	-0.00012496598426608925	0.0	3.8911522837671224e-17	-0.0015648622497120063	-7.430393263013041e-19	1.1525526531866187e-18	-0.17788164401919343	-2.9182858025856476e-17	1.4281026937672059e-12	3.235224389108387e-10	1.7427054692109176e-17	-3.1072445627444224e-5	0.0	-1.6362466906051666e-6	-3.6700935000522674e-8	0.0	0.11634242689736232	2.226684746139103e-11	0.0	0.0	-0.0008306418421436517	0.0	0.0	0.0	0.0	0.0	-0.0002657805448261086	0.0	6.862663692454498e-12
0.013788539176470169	2.5369750214364395e-17	-1.9603139916049257e-18	0.015796045190650646	-8.971237967877666e-9	0.0	0.0	0.0	0.0	-3.2637571380264085e-7	0.0	-6.720628083319587e-5	0.17502614425926943	0.0	-0.003621700058400516	7.280082764871183e-14	-2.6339235325384246e-13	2.6835194684726676e-13	0.006816914600061861	-4.090831063414377e-17	0.00048168902425444236	0.0	1.2940298443704264e-8	0.03122600132832658	1.201377678696944e-9	0.0	0.0	-0.0021992132248172475	0.0	-0.016067688781657024	2.6308045259088148e-6	6.37455497556944e-13	0.0	-1.0804465939055114e-5	0.0002887255743888853	2.178756208554135e-9	2.7674477280398963e-11	0.0	5.824355430977899e-14	1.4403265419272438e-10	3.564054598633453e-13	1.3367231334110563e-13	0.0010364597258579011	-1.077462643027781e-13	-9.84933217655195e-13	-9.806056013279939e-17	-5.197469177007063e-11	-1.0994872404765527e-12	-1.1581422258022684e-10	-9.09817297781967e-13	2.8192722861279506e-8	-4.4834173768186124e-11	-1.1519375112231103e-11	-0.006718108725380749	2.5023742611244485e-14	-4.326519294805865e-7	-1.5757832377570936e-6	0.0010527021304719225	0.0	-6.604172036661763e-16	6.178670612630358e-6	-5.5195565255955097e-17	1.497389900397032e-5	-5.709490059519732e-6	-3.182035431504033e-13	-0.11592003852086176	0.7124964870497007	-1.6875464077475856e-13	-4.284961422003721e-14	0.015313979785434613	0.0008083103330377732	0.00011659438077702248	0.0	-1.4170506634677435e-17	0.00036533875349973417	1.200073027509113e-19	-1.7918788148428856e-19	0.024602574924318485	3.1377028950395224e-18	2.199400813026598e-13	1.0692611187183035e-10	6.766055187824048e-18	0.0001503479119719311	0.0	-8.33212446821531e-6	-2.1110491053443533e-7	0.0	-0.6675702249842264	-1.2193075919206996e-10	0.0	0.0	0.0012372077487590733	0.0	0.0	0.0	0.0	0.0	0.00023181742337091024	0.0	-4.154027478915297e-12
0.08826033772941669	0.0	0.0	0.0020767180914746824	-1.1882244002444309e-9	0.0	0.0	0.0	0.0	-6.181231911805396e-8	0.0	-1.5978439066584145e-5	0.0443862967379857	0.0	0.11338758394875607	7.903814895073665e-15	-3.935804514513756e-14	4.131975494627158e-14	0.04835404019553983	-5.9929110067358475e-18	7.357240054760391e-5	0.0	2.1887015661760535e-9	0.0053391622860504235	2.1335783173776355e-10	0.0	0.0	-0.00047784141287096496	0.0	-0.0762801821847169	4.198662719457647e-7	1.305990313175862e-13	0.0	-2.7021113717522485e-6	0.0010702709594107313	5.540716798080548e-10	8.022229151045843e-12	0.0	1.7709935712628518e-14	4.432939955037158e-11	1.1071677871951239e-13	4.393329861832341e-14	0.0029804977856132363	-3.637963804131276e-14	-3.4536323141738003e-13	-3.7907856423027845e-17	-2.0408558953567928e-11	-4.5365077150645093e-13	-5.020643657686049e-11	-3.953184604139843e-13	1.2517891616120331e-8	-2.1309591694240366e-11	-5.5230533779442184e-12	-0.003346678311920626	1.2613077570110597e-14	-2.2132804730128898e-7	-8.065319535335947e-7	0.0018403780735871116	0.0	-3.780327867225943e-16	3.715176837085137e-6	-3.440698183905948e-17	9.961266879484095e-6	-4.328754466259185e-6	-2.7558990749155144e-13	-0.10664420909390518	0.6380822374042704	-1.5731942471753782e-13	-4.44125467371012e-14	0.009440986908583781	0.0011356120362059864	0.00016400688719129587	0.0	-3.89150296727602e-17	0.0015210975723678791	0.0	-1.1172245038477385e-18	0.1726050587297267	2.8412166929771186e-17	-1.536326336681148e-12	-3.8978968244680395e-10	-2.185299382820806e-17	-9.071938940552254e-5	0.0	1.0827429777219287e-5	2.7132723440589417e-7	0.0	0.7216373478528806	1.3125364041766895e-10	0.0	0.0	-0.0010412603919066252	0.0	0.0	0.0	0.0	0.0	-0.00015496308999199968	0.0	2.217468264739421e-12
0.6234878525177628	0.0	0.0	-0.0015335218632924808	8.237406758117982e-10	0.0	0.0	0.0	0.0	-4.859738438980657e-8	0.0	-2.638947085005017e-5	0.08368946298928912	0.0	0.6477595780710522	-2.936744879135535e-14	5.2088856075407725e-14	-4.7164163234146595e-14	0.2458820833798433	1.0344876420840478e-17	-0.00010884052725835947	0.0	-2.1356134250849776e-9	-0.004969033823441889	-1.6743669509982189e-10	0.0	0.0	6.8888329805807e-5	0.0	-0.3069397980194707	-8.9532922162389e-7	-1.2097259173407481e-13	0.0	1.4022070516631753e-6	0.0034081364612772477	-2.782369460547413e-10	-3.226184560611619e-12	0.0	-6.679691256954231e-15	-1.646627581474321e-11	-4.0654276129555474e-14	-1.3375845407785919e-14	0.007120398939562796	1.222696663361408e-14	1.1183061121362827e-13	1.1293044657905746e-17	6.007425983821852e-12	1.2882900093610955e-13	1.3796251833037021e-11	1.0847113997222917e-13	-3.3885978690772005e-9	5.544106045037761e-12	1.430062148171397e-12	0.0008489806869311962	-3.179487260683838e-15	5.5021866827096324e-8	2.0013967380818926e-7	0.0020812913471822516	0.0	8.997285838709969e-17	-8.667621375732895e-7	7.917486805051914e-18	-2.239633059089772e-6	9.338632537156416e-7	5.696356000557451e-14	0.016619172221429526	-0.13279883184041988	3.230171586952116e-14	8.898644298645382e-15	-0.00915283847258245	-0.00021734826185647346	-3.138413261433668e-5	0.0	6.972916547199933e-18	-0.00026659360168316854	0.0	1.9309502047148073e-19	-0.029739957410292773	-4.8683909767608865e-18	2.5225070682102666e-13	6.264756606423602e-11	3.492389147078428e-18	-9.36158523340565e-5	0.0	-1.6117101977525252e-6	-4.033710093493782e-8	0.0	-0.10498532184587377	-1.9084234762838348e-11	0.0	0.0	0.00014589478311117268	0.0	0.0	0.0	0.0	0.0	2.0814159284623822e-5	0.0	-2.834662081696067e-13
0.7031824006600143	0.0	0.0	-0.003482623082804572	1.9343939612663852e-9	0.0	0.0	0.0	0.0	5.621002453646936e-8	0.0	1.8443449967807283e-5	-0.05462234090034889	0.0	-0.2884035830077174	5.481704962091572e-15	9.027378773431689e-15	-1.311742595922403e-14	-0.22662362639501887	-2.81167114070193e-18	2.2562100824217565e-5	0.0	-2.2198900925934403e-11	-0.00020500617894145612	-2.8341121533679783e-11	0.0	0.0	0.00037500414966546244	0.0	0.603157458940362	1.207516999657659e-6	1.109003103306763e-13	0.0	-7.633588834902579e-7	-0.009580047940876222	1.4734709949781022e-10	1.3448956848948633e-12	0.0	2.5927095751406787e-15	6.277137105054424e-12	1.527712021373795e-14	-9.583748858726335e-16	-0.025867547053146648	-4.280058212243331e-15	-3.742918521886299e-14	-3.448752218540691e-18	-1.811014428402475e-12	-3.736514926296982e-14	-3.86199730629574e-12	-3.031651171287448e-14	9.332934224784433e-10	-1.4615100119431026e-12	-3.749136689278063e-13	-0.0002167648294695114	8.016984285651715e-16	-1.2230763961949839e-8	-4.314276977569843e-8	-0.010681973107899163	0.0	-2.163166312143048e-17	2.0367206787661282e-7	-1.8309830987959825e-18	5.037740257741566e-7	-1.9843097732753253e-7	-9.404861352031448e-15	0.023217706378094432	0.03156077842246392	-6.891989033955866e-15	-1.7410851697260067e-15	0.03905479510006755	4.472944171750085e-5	6.455526637508102e-6	0.0	0.0	4.810430909334808e-5	0.0	0.0	0.0052636980381940875	8.56358540117909e-19	-4.235631696038172e-14	-1.028242083294553e-11	0.0	0.0007063741616077457	0.0	2.441002167303462e-7	6.101186735905014e-9	0.0	0.015527180410258282	2.8208762604478706e-12	0.0	0.0	-2.075636880454571e-5	0.0	0.0	0.0	0.0	0.0	-2.8354258404061414e-6	0.0	3.670889338957021e-14
0.32355410399278256	0.0	0.0	-0.0019288896132205009	1.0782430283363485e-9	0.0	0.0	0.0	0.0	5.942873907594171e-8	0.0	2.6094481237950037e-5	-0.08123718055828674	0.0	-0.5921634255543288	2.7293282172357966e-14	-5.6646530879523493e-14	5.3992391696574495e-14	-0.09911925442534611	-8.169511805320732e-18	9.065895861434814e-5	0.0	2.1564148889496226e-9	0.0051649819386828414	1.9655947585989768e-10	0.0	0.0	-0.0005996678880598364	0.0	-0.6817164831565451	-1.2060185687297839e-6	-9.183400462970112e-14	0.0	4.2529331601392414e-7	0.019770652576250713	-8.180950371903306e-11	-5.745629575762604e-13	0.0	-1.0000286701133623e-15	-2.3395863043604616e-12	-5.509213569017003e-15	1.6380792223147907e-14	0.07402295346166567	1.6746494329157551e-15	1.339066391353717e-14	0.0	5.507460495328269e-13	1.0691069923897569e-14	1.040198978878858e-12	8.142295467216109e-15	-2.4389998612970873e-10	3.455577526993603e-13	8.716046992400278e-14	4.406978218182608e-5	-1.4094616908630363e-16	-4.051117146845652e-9	-2.0320861762402976e-8	0.04247017231194479	0.0	4.441587776191885e-18	-3.832314550412589e-8	0.0	-7.53315599316202e-8	1.2729654490163237e-8	-1.0638108762929652e-14	-0.1313722352655085	-0.02390429419704668	2.201373388024742e-15	-3.1323667371714096e-18	-0.1947533091073029	-2.2098791720340686e-5	-3.1792049224304057e-6	0.0	0.0	-1.283014920865015e-5	0.0	0.0	-0.0013336841646634128	0.0	9.552537449979431e-15	2.220742865522367e-12	0.0	-0.004497095591054232	0.0	-4.622217332017912e-8	-1.1530038646773723e-9	0.0	-0.0028382373094364907	-5.151920712051185e-13	0.0	0.0	3.5908985331072643e-6	0.0	0.0	0.0	0.0	0.0	4.6256898547166036e-7	0.0	-5.60808387331258e-15
0.05842095074983965	0.0	0.0	-0.0003776045706127342	2.116527288708008e-10	0.0	0.0	0.0	0.0	1.5090631109024745e-8	0.0	7.418232711202452e-6	-0.02354226069271771	0.0	-0.193795594604311	1.1677392361080375e-14	-3.7475292494744035e-14	3.9386157153526e-14	0.19099353874459518	9.050548044588788e-19	-4.319038882944653e-6	0.0	1.7319891129020782e-10	0.0004697489415734893	2.431018048025263e-11	0.0	0.0	-0.00013014560527050128	0.0	-0.17227055846337586	-3.233254338270674e-7	-2.716358410419084e-14	0.0	1.7349736230783964e-7	-0.018344274830810792	-2.983159504968693e-11	-2.9977665956761984e-13	0.0	-6.376823962805808e-16	-1.624034746295549e-12	-4.177887299768592e-15	-3.390630380082562e-14	-0.13178695406641103	5.272960103123823e-16	6.115401270262663e-15	0.0	3.7125576139323093e-13	8.211780567502916e-15	9.13470718709143e-13	7.196795975669818e-15	-2.2962842169955629e-10	4.169665010796123e-13	1.0996451620548895e-13	7.958300426165892e-5	-3.5987788278233384e-16	2.5033706676442315e-8	1.0737541346715283e-7	-0.12367844465428471	0.0	0.0	-7.196449272716337e-8	0.0	-2.33471492349555e-7	1.5052526646142519e-7	5.109155853982375e-14	0.4937855976386929	0.06305359976863018	-1.9117150891685816e-15	1.7539344634799957e-15	0.7816267488978459	5.1315410501850407e-5	7.364465975145835e-6	0.0	0.0	1.3501349852140584e-5	0.0	0.0	0.0012664372715443938	0.0	-7.0675558393949255e-15	-1.4910434611343267e-12	0.0	0.023991256356681787	0.0	2.3292386601705126e-8	5.78465167941801e-10	0.0	0.0013237427551946845	2.398383624934399e-13	0.0	0.0	-1.488694052517423e-6	0.0	0.0	0.0	0.0	0.0	-1.6980101295704277e-7	0.0	1.805758443409289e-15
0.024585562397683985	0.0	0.0	-0.00018817310908740155	1.0608287186079525e-10	0.0	0.0	0.0	0.0	1.3082619057028852e-8	0.0	8.002456535426028e-6	-0.026291352137819555	0.0	-0.2643339579606745	2.2148608280482783e-14	-9.728290402652659e-14	1.071685674060745e-13	0.8563623440618837	1.1643720958217416e-17	-0.00010709945835039476	0.0	-1.519854436466233e-9	-0.0034473223804812134	-1.0941274745744945e-10	0.0	0.0	0.00018359666020002785	0.0	0.16951665739664099	2.773821564155703e-7	1.866987555279096e-14	0.0	-4.0417435151933465e-8	-0.059997408591768754	1.710961289781719e-11	3.9068943277845544e-14	0.0	-5.2351108325865015e-17	-2.8555845826114957e-13	-1.1362316258398825e-15	-6.645711201594385e-14	-0.268472648313415	-9.552243124542754e-16	-5.643600548669125e-15	0.0	-1.827967776218022e-13	-3.477833327171047e-15	-3.3617670756523167e-13	-2.6307619245576567e-15	7.8513503527938e-11	-1.0266840428158836e-13	-2.4974982593763482e-14	-4.878428929131164e-6	-2.841774626355463e-17	1.518966682118746e-8	6.803522233052364e-8	-0.09709261346211451	0.0	0.0	2.6195142993704964e-8	0.0	7.133462885541132e-8	-3.651642705606003e-8	-5.370329119450277e-15	-0.031634745447120256	0.0016615899443249468	-1.4483557584189375e-15	-8.682452854929806e-16	-0.2809943910769499	-1.5919142060108453e-5	-2.283061607143397e-6	0.0	0.0	-3.32207652135522e-6	0.0	0.0	-0.0003013147011774882	0.0	1.5336953954949423e-15	3.085104186481301e-13	0.0	-0.04076519692860587	0.0	-4.547111774902964e-9	-1.1266049609471874e-10	0.0	-0.0002484896712173647	-4.498130087839296e-14	0.0	0.0	2.641567159085045e-7	0.0	0.0	0.0	0.0	0.0	2.8415394021103674e-8	0.0	-2.8304372978649887e-16
0.005099468906102648	0.0	0.0	-4.221894688314714e-5	2.3861675200526426e-11	0.0	0.0	0.0	0.0	3.611592945555171e-9	0.0	2.351636491309556e-6	-0.007795921885457086	0.0	-0.08219046354717062	7.336594376894276e-15	-3.3733905364816276e-14	3.7379402533651725e-14	0.31361540459364484	4.487874917968105e-18	-4.1841629388532544e-5	0.0	-6.288570041813346e-10	-0.0014385754081426643	-4.720727592847603e-11	0.0	0.0	9.736562362697629e-5	0.0	0.10407712719012814	1.8369983358042738e-7	1.442985377750672e-14	0.0	-1.2672743348125657e-7	0.08929916999046085	9.185890002034491e-12	2.376882664603263e-13	0.0	7.279980568505172e-16	2.1263539941694858e-12	6.205932644229633e-15	1.6008228745588389e-13	0.6418918232669423	1.3937975588939325e-15	5.785251778062016e-15	0.0	6.46079566421723e-14	4.727503718927574e-16	-3.7797881577166614e-14	-3.3135167150034954e-16	2.1153448671156577e-11	-1.3021412328605902e-13	-3.978467540853886e-14	-6.551824097814662e-5	4.42428470763088e-16	-6.95480664017546e-8	-3.067962505748729e-7	0.4085347534179463	0.0	0.0	-1.2042886500619445e-8	0.0	-6.098087372098633e-9	-2.1493166297194128e-8	-3.128127873093274e-14	-0.3765590134745738	-0.06924845454846275	7.371157415137525e-15	1.6081923730018697e-15	0.33790384364346876	1.421380197798065e-5	2.0353925913437107e-6	0.0	0.0	1.6866929034125074e-6	0.0	0.0	0.00013965772816611788	0.0	-5.152179157986127e-16	-7.366218496372326e-14	0.0	0.19052037934584481	0.0	1.9675564571745278e-9	4.8319305301385596e-11	0.0	9.44694206033933e-5	1.7056115656437615e-14	0.0	0.0	-8.701811520905637e-8	0.0	0.0	0.0	0.0	0.0	-8.279358310907415e-9	0.0	7.306387031745523e-17
0.0008814234511997859	0.0	0.0	-7.783978465171797e-6	4.4085625298686645e-12	0.0	0.0	0.0	0.0	7.857060374738951e-10	0.0	5.369428838807196e-7	-0.0017923439868145312	0.0	-0.019591393184222435	1.833784745221844e-15	-8.721848307014052e-15	9.705840728232095e-15	0.08437300364743147	0.0	-1.178963922867409e-5	0.0	-1.8447586692506697e-10	-0.00042451251876746723	-1.4254837981517032e-11	0.0	0.0	3.370939460211472e-5	0.0	0.03948248409294395	7.293901276577782e-8	6.269999904620508e-15	0.0	-1.1840085380461671e-7	0.16963596699751035	-6.052312233248773e-12	1.5612036658694504e-13	0.0	5.511815617508319e-16	1.6705011420669193e-12	5.018118435602167e-15	1.4838591455449266e-13	0.5960775593135235	1.5117057484259778e-15	7.389015668753696e-15	0.0	1.8447546235697118e-13	3.4368410966044207e-15	3.435246068687107e-13	2.696793543239629e-15	-8.36934731502274e-11	1.5248779149045784e-13	4.087318177133481e-14	3.58457766497297e-5	-1.9036144148689226e-16	2.098708490806846e-8	9.17263545516372e-8	-0.11675992876594482	0.0	0.0	-1.660197773867487e-8	0.0	-6.555369343532972e-8	6.065618131194848e-8	4.5361553611792385e-14	0.5193645451212551	0.08959885781665619	-8.569102491503424e-15	-1.4828101547897446e-15	-0.2507901199048868	-8.329304321621155e-6	-1.1909807772279854e-6	0.0	0.0	-3.236303780721296e-7	0.0	0.0	-1.377178093364752e-5	0.0	-2.2827730328463836e-16	-1.1246524387788227e-13	0.0	-0.5025469742041268	0.0	-1.6403862337530344e-9	-3.969418796032248e-11	0.0	-6.296929967981582e-5	-1.1316500204526164e-14	0.0	0.0	4.516363870965643e-8	0.0	0.0	0.0	0.0	0.0	3.5151030851659183e-9	0.0	-2.583545584550039e-17
0.00013428010534847018	0.0	0.0	-1.2564373762044066e-6	7.129235870665367e-13	0.0	0.0	0.0	0.0	1.4701845259650508e-10	0.0	1.0490341480356633e-7	-0.0003523389038592726	0.0	-0.003977793607994008	3.885232421384637e-16	-1.9050551718626275e-15	2.1281903463953655e-15	0.0191042243638951	0.0	-2.784484000714414e-6	0.0	-4.5216674383968574e-11	-0.00010462414771621733	-3.589307533014655e-12	0.0	0.0	9.683500728179284e-6	0.0	0.012471551549489744	2.4236233916120698e-8	2.324483675983531e-15	0.0	-1.334013664468872e-7	0.27907506754144895	-2.2183334749459165e-11	3.7862513920130116e-14	0.0	1.698761888966187e-16	5.382845813016101e-13	1.6690146707882553e-15	5.5905633270771604e-14	0.2249030534151191	6.364929989370651e-16	3.4177034636061913e-15	0.0	1.142914019679413e-13	2.4728989999440743e-15	2.952320610761911e-13	2.339144112044847e-15	-7.964804495414564e-11	2.157894610799329e-13	6.202722571341844e-14	8.240655771983178e-5	-5.279567977400663e-16	7.84386470517243e-8	3.456009878871743e-7	-0.45761225139938116	0.0	0.0	9.59895889802172e-9	0.0	6.373478822100825e-9	1.0614741670603797e-8	1.6101079951693992e-14	0.1940348392848067	0.035731381202159206	-3.813120887643495e-15	-8.398984710128721e-16	-0.1799100534114325	-7.865303306349129e-6	-1.1266429443540478e-6	0.0	0.0	-1.29262045182145e-6	0.0	0.0	-0.00012158442843773087	0.0	8.781627883911781e-16	2.6683451966709664e-13	0.0	0.7683074653147777	0.0	1.6428878124403948e-9	3.937668500330073e-11	0.0	5.3706057768544035e-5	9.616301720574607e-15	0.0	0.0	-3.089852961852747e-8	0.0	0.0	0.0	0.0	0.0	-1.959604616723691e-9	0.0	1.1772851709925456e-17
2.7050686717235062e-5	0.0	0.0	-2.7345115162671443e-7	1.5555048126992236e-13	0.0	0.0	0.0	0.0	3.9275618543877595e-11	0.0	2.9821636603596086e-8	-0.00010106402225844074	0.0	-0.0011963545419377685	1.2450508565017908e-16	-6.393049804057971e-16	7.184080016375876e-16	0.0067754539219761255	0.0	-1.0548396503189777e-6	0.0	-1.817044076165997e-11	-4.241518696093653e-5	-1.5063173761992048e-12	0.0	0.0	5.056804665929443e-6	0.0	0.007654826589222006	1.621395533537521e-8	1.8652779074476975e-15	0.0	-2.850977533550133e-7	0.6673759263094308	-5.994744522918294e-11	-5.795545379507597e-14	0.0	-1.33850580099874e-16	-3.6634980212208787e-13	-1.0175218674556783e-15	-2.073878287132282e-14	-0.08288413439525791	-1.3005486573451174e-16	-3.0353662148840295e-16	0.0	2.0957785297416977e-14	7.2939709260142435e-16	1.2207674395481784e-13	9.807837097052824e-16	-3.789666986196933e-11	1.4721635396105465e-13	4.42196571978124e-14	7.118522225690365e-5	-4.838249514073118e-16	7.716317687488702e-8	3.4052620483327675e-7	-0.45434314910621915	0.0	0.0	2.5959861504069943e-8	0.0	7.080210832210186e-8	-5.3774298475353664e-8	-3.742325003898864e-14	-0.4269572431910852	-0.07339113833949258	6.996337594274412e-15	1.2228241403281273e-15	0.21522295331092642	7.814206214605062e-6	1.118141085993755e-6	0.0	0.0	8.277314791848188e-7	0.0	0.0	7.269946033604695e-5	0.0	-4.411035720371002e-16	-1.2500141487220385e-13	0.0	-0.32742368854388393	0.0	-6.157814025690419e-10	-1.4709119675683943e-11	0.0	-1.895715141336393e-5	-3.389431577976627e-15	0.0	0.0	9.934538607623339e-9	0.0	0.0	0.0	0.0	0.0	5.71006228940859e-10	0.0	-3.0793046109114108e-18
5.6620765873505355e-6	0.0	0.0	-6.179794956474783e-8	3.524048114256797e-14	0.0	0.0	0.0	0.0	1.0839375929843639e-11	0.0	8.733228990579655e-9	-2.984910365607059e-5	0.0	-0.000369478521810168	4.078995867548221e-17	-2.185020220221713e-16	2.4686033921898034e-16	0.002434481199812818	0.0	-4.0186193493349955e-7	0.0	-7.286605531543092e-12	-1.7138068103031953e-5	-6.268106230479689e-13	0.0	0.0	2.509169804429646e-6	0.0	0.004272640240745077	9.591195116846346e-9	1.2337910920295704e-15	0.0	-2.7500476644915403e-7	0.6599576178446063	-6.072469611949263e-11	-9.584601908521088e-14	0.0	-2.8558917896284727e-16	-8.425776515576869e-13	-2.487913717871483e-15	-7.023773033173496e-14	-0.2820648655727115	-7.117350480245787e-16	-3.563700347409634e-15	0.0	-1.099894416662388e-13	-2.4053749485820606e-15	-2.9707719123170217e-13	-2.3587542103947116e-15	8.213371167755043e-11	-2.4572011010876933e-13	-7.176973815980674e-14	-0.00010328995646779684	6.804637070147335e-16	-1.0474232370723109e-7	-4.6187582826362795e-7	0.6139867343806117	0.0	0.0	-2.562393707956321e-8	0.0	-6.079950656317598e-8	4.014018358580129e-8	2.5032846754231827e-14	0.28242502323809265	0.047830635493384635	-4.440614240895096e-15	-7.285434638070391e-16	-0.1202160773944679	-4.064595725085372e-6	-5.813528990399154e-7	0.0	0.0	-3.480819241012722e-7	0.0	0.0	-2.9401319746201967e-5	0.0	1.6038691998273456e-16	4.343441406415476e-14	0.0	0.10671337350834027	0.0	1.8319800142650423e-10	4.365232672011469e-12	0.0	5.395586451145113e-6	9.636551412774283e-16	0.0	0.0	-2.634322885834646e-9	0.0	0.0	0.0	0.0	0.0	-1.4018734300496304e-10	0.0	6.929051650902371e-19
