1.7151359323245138e-8	0.0022169168979261264	-0.004137466514153345	0.017533031245887915	-0.0051362015767125	-7.385699566390666e-5	-0.0025483700161317165	-0.006950464529512473	0.12675007577149888	0.08476667112276504	-0.018689539204026433	0.011754954349956282	0.02495619767566805	0.02493673892191548	-0.014089330872972929	-0.03336658932541862	-0.14838841504902464	-0.045855181908582364	0.06411553584595509	-0.11114443519703997	0.05183046730089163	-0.08380828524933569	-0.13707102415583494	-0.13706669411502534	-0.09663200941619653	0.12905359976514413	-0.06480487595689352	-0.0617680012260999	0.0808483282096902	-0.09223986393606518	-0.11595279708089545	0.07113735833546338	-0.09757649358986376	0.10973409737015788	-0.1757354942562166	0.10408138843486123	-0.1240704097038208	0.12858609357133693	0.18688845890969677	0.1935268924077645	-0.19078217664357303	-0.1273276803713772	0.1262827648168217	-0.17125160221265576	0.07574531908564935	0.2123533156406509	-0.11314062170775305	0.17188581540537298	-0.14873099874949047	0.10537021686735346	0.15155983770480497	0.09967950575412036	0.12403425721984107	-0.09703797554941332	0.0706459114976674	0.17696133360350638	0.07557704258067718	-0.12647348948129744	0.12927957731142933	-0.11096580353790707	0.08500051002001928	-0.0826174923876963	-0.10560883073457272	0.11944542729750297	0.15532817907776128	0.09020606547211019	0.15819656320123862	-0.12950025901882517	-0.15345713525406413	0.12144633234946055	0.13970708187559286	0.0848178366992429	-0.15775250136388547	-0.09810934454782541	0.0740451828652883	0.05465180981307419	-0.042365835166491415	0.049172380121388685	-0.04274275914175819	-0.11667266435321585	-0.0714587997606375	-0.07623447915233937	0.0986039013016065	-0.0319120561970871	0.020311887298049173	-0.06750416532451013	0.03907841565688414	-0.09205426457327454	-0.02414898447180525	0.027202983078681832	0.006511916076868167	-0.0053233891091408764	0.0011134330720009285	0.002223731825063617	0.00033514261394441795	-0.005249517076623784	0.04302209601641411	-0.012744214985302699	-4.083343398619446e-7	2.2564829134093127e-6
3.368050097391935e-8	0.004265689683732498	-0.007891949584021717	0.03324215628748699	-0.00973378547641277	-0.00013918113527675287	-0.004722290672935358	-0.012859684264432137	0.22919550423917254	0.15247601479243453	-0.03345469804253509	0.0206726707375604	0.043377987857997506	0.04293308097329478	-0.023596453704815733	-0.05504555585484018	-0.24291118910987736	-0.07294872398136014	0.09874260661088727	-0.16794733339647616	0.07649475947573972	-0.12087509161124463	-0.19395350791216787	-0.18641689016220236	-0.12793701859345566	0.16600083888790224	-0.07969662674449483	-0.07356523837308446	0.09275402514922503	-0.09962129412209722	-0.1200724816306806	0.07062278941287363	-0.09186061464414075	0.09333203355243645	-0.14118611094932165	0.08022771699583948	-0.08755217584442208	0.0813918057179947	0.11055713806890173	0.10152279487793761	-0.09389322923737178	-0.055079944093823524	0.045119384812615064	-0.053033236236363024	0.017360470408638962	0.03527239635465767	-0.01241500535611707	0.0074852556743395604	0.0021746793197935112	-0.007103807179621489	-0.019551656392590024	-0.019583476287020528	-0.032862312595509	0.03079169642661839	-0.027875039390017713	-0.07918248173155781	-0.03790179550353552	0.07253363018949156	-0.07835147193598323	0.07563099091561425	-0.06421867155286634	0.06602642999416089	0.09413308332122682	-0.11232808435407357	-0.15046248798542286	-0.09363855235117807	-0.1763943042365547	0.1502132687362619	0.18298614974119704	-0.1510704860810655	-0.18187750100512373	-0.1138705422724882	0.21913935176696572	0.14083616852477515	-0.10969756725840295	-0.08365258020172182	0.06659204363754176	-0.07921037812565163	0.07105226805547885	0.1974243462316192	0.12368314425274297	0.13518393773733575	-0.17758125483376275	0.057812656893166635	-0.038117947417818696	0.1283670606208019	-0.0750803722837988	0.17971584884524505	0.04750561426654182	-0.053805114542214316	-0.013025985609571293	0.010806899959014658	-0.0022678288896664507	-0.004624060161408634	-0.0006996006381176876	0.01099641078310059	-0.09080071297637278	0.02729032610130358	8.757312483810155e-7	-4.889676347753897e-6
5.27444090148074e-8	0.006466710390253283	-0.011796162510531841	0.04920094131582381	-0.01439629641653932	-0.00020394925646529232	-0.006729044102063013	-0.018276735872830973	0.31325594128258105	0.20650984359817515	-0.04492657070535749	0.026906493850870596	0.0552801594947974	0.05376891736776789	-0.02806129328746802	-0.0635828355360312	-0.2763497782790898	-0.07833180480101753	0.09896876227511824	-0.16136858882500957	0.06959746306076421	-0.10400962404103585	-0.15900340384948078	-0.13726110862619836	-0.0870213599343108	0.10298751129903917	-0.042094670651522594	-0.03405292141425181	0.03591014730534717	-0.02646503470503085	-0.02177828613298865	0.0068516527167134505	0.0008510545196274744	-0.01994250093082194	0.04655889607739514	-0.03329211475417154	0.05252255736522939	-0.06798888628415331	-0.10915521530833479	-0.1289452067457664	0.13410014341595805	0.09735750329314573	-0.10512963562412095	0.14891307833386988	-0.0698300427031133	-0.20256030133169875	0.1103935788682569	-0.17072496421545713	0.14894175919423688	-0.10568363402189916	-0.1512183546957412	-0.09801633562747654	-0.11899290734332257	0.09070169917118232	-0.06275624984733359	-0.1503624177762649	-0.060796798234565345	0.09296502918784108	-0.09053281176509238	0.06785363908219426	-0.04364548070772435	0.037214747645499834	0.03220384928957634	-0.026339348284227855	-0.02636112846272404	-0.0034485968474363697	0.018814285679444008	-0.0279846083380031	-0.04433039098024846	0.04962448668908619	0.07678382202779542	0.055356050315513564	-0.12221921646799187	-0.08835279640323612	0.0762358532539632	0.06406031194758556	-0.05487828685506093	0.0695904441821254	-0.06744408305160585	-0.19537319493537453	-0.12882061490276053	-0.148404435000808	0.201405149339302	-0.0663744965556302	0.04696992160075319	-0.16228310169828333	0.09679735115554523	-0.23875668085336477	-0.06400488935690082	0.07321754218978546	0.01809148075541408	-0.015410099175372399	0.0032527099083769044	0.006875851100541389	0.0010472222452733166	-0.016558673843264503	0.13849059493698906	-0.042651111719153374	-1.3721196471078436e-6	7.793800265645438e-6
6.706274036397462e-8	0.007830027213601166	-0.013975071531994206	0.05739966049544138	-0.016776102318819923	-0.00023420362269241162	-0.007385736988370292	-0.019974390968923426	0.3204284706789928	0.2078998001138135	-0.04455254614607523	0.025201278096983217	0.04973977709250157	0.04675265670713336	-0.02189313580785196	-0.0464342866379079	-0.1946335826791443	-0.04745941192371829	0.048362382161485105	-0.06722766032446603	0.02248464433466522	-0.023551205091022265	-0.022496304992434442	0.007105827799804507	0.017396740915891492	-0.0390585649321302	0.03018914180589757	0.03483693053076652	-0.05348395862082801	0.07245945466119157	0.09868982109644857	-0.06418859756812008	0.09261611831222646	-0.10922289586439689	0.17609160333477009	-0.10410222796835925	0.12179531840170696	-0.12077641748249118	-0.16926872237088533	-0.1622427912981606	0.15268994872132588	0.09196764805267064	-0.07703605927842275	0.09115277991774377	-0.029615660600427373	-0.058041666604953454	0.018600988334851312	-0.005752875514713244	-0.012349873560327308	0.019903430833206708	0.047178935645506966	0.04410318959001171	0.07077827102421462	-0.06444302245320355	0.056006722638042156	0.15453682386356488	0.07165580266456202	-0.13084163189226133	0.13808115451485106	-0.12552141661024174	0.09953678163942552	-0.09776604144401406	-0.12456676022673266	0.13851225358117766	0.1774133097780636	0.09740354642902717	0.15440553108263771	-0.11625000801771802	-0.12774515400158562	0.08667661190542195	0.07779366201130923	0.036581004954146144	-0.04279792624554816	-0.009261438516969958	-0.007338954162841707	-0.01784080803320715	0.02261418375410812	-0.036627535801987035	0.04468298935100713	0.143661445916081	0.1062006663787752	0.135945042235914	-0.19595494717460168	0.06599697589814231	-0.05254938468396304	0.18894702294926752	-0.1160914692654715	0.2992244798524456	0.08184083870417742	-0.094944180600055	-0.024134381386180164	0.021304263220253368	-0.004531911168361573	-0.010042883273424308	-0.0015426765373957423	0.024578942183350355	-0.20892824828377254	0.06633246284620743	2.1406511086779247e-6	-1.2417555404836061e-5
9.800299516164508e-8	0.010824248072684372	-0.01883117978113029	0.0759364883774456	-0.022163316842270016	-0.00030394523947554347	-0.00905573482259099	-0.024355105489527754	0.35720276628931374	0.2265262160124395	-0.0474824036621141	0.024573897316745953	0.045308556432376024	0.04000822541523304	-0.014825366736764656	-0.026214347992225683	-0.09756663525257345	-0.01065385791687928	-0.010745748553962396	0.04068101205328144	-0.030024509357665184	0.06335046371162761	0.12077948610620053	0.14894436489862614	0.11499697932021577	-0.16432617922994117	0.08779885855767305	0.0854418198656487	-0.11246676503441183	0.12531122625049912	0.15201562399562057	-0.08881413034085045	0.11265517644660819	-0.10398871739472669	0.14494698653667734	-0.07653068455389649	0.0680303992088193	-0.042776317142818446	-0.039073717648479424	-0.0022649270794252983	-0.015569501143790368	-0.031442582994707396	0.055716943785191625	-0.0947852282819478	0.05462744630499323	0.17642780974660222	-0.10306729873055333	0.16883984938038682	-0.152270208061422	0.10999704085045969	0.15853729205949024	0.10188285915560379	0.12035106419885168	-0.088563377200788	0.056570887374035136	0.1251231464511005	0.04522137469940613	-0.05510283387472769	0.04608063515585266	-0.01796692134408661	-0.0032736597911243613	0.013139442627636446	0.043433447104772246	-0.06456334654134446	-0.09508545300551469	-0.06998561894728382	-0.14710955085852234	0.1297976849603445	0.16036014099258106	-0.1328161432711121	-0.15595555829164298	-0.09407324925724109	0.16951090689443274	0.09901611788200561	-0.06744847841702797	-0.041821534885489134	0.025758019158093493	-0.020995337368929175	0.005862497975614674	-0.006900302515313874	-0.02481959048599221	-0.0540355013990829	0.09582349176436103	-0.03443522175699504	0.036714875217642086	-0.14333540811423784	0.09326068037835641	-0.2603938186765632	-0.07373770685529017	0.08759681642534956	0.023327856368033407	-0.021785963301189062	0.004690167947342513	0.011153937712856008	0.001734743587642111	-0.027944272780671752	0.24310130713338088	-0.08054518584541992	-2.6105795488234918e-6	1.558611620297465e-5
1.2671754503304262e-7	0.013144351356041091	-0.02219967631517104	0.08760414683743213	-0.02552703229637518	-0.0003426951794295112	-0.009517975175015589	-0.025417633577517768	0.33032886232269765	0.20264286727033917	-0.04108624624681922	0.018348636005076094	0.029628689146925746	0.022671508808177563	-0.003137154615322994	0.0028322698933585908	0.03359369453173554	0.030366174467290983	-0.06505741202716307	0.12925156921023087	-0.06720411548452264	0.11577987556515222	0.19503619381297094	0.19748602707786264	0.13641499954456182	-0.17454266099052923	0.07897654667476452	0.0680828812364838	-0.07707051154429297	0.06457986903639007	0.06078922844552087	-0.025188081667379014	0.014968337792062782	0.01936661214143651	-0.057674455012641956	0.044072738604092734	-0.0728656306270731	0.09311970456491715	0.1456238499644236	0.16102389778531956	-0.16056369938633577	-0.10599580891178502	0.09769902212200848	-0.1217918861681841	0.04287716959396327	0.0897404269016081	-0.03130900162127525	0.015396213479487638	0.012510382026584749	-0.025826787177130828	-0.06547975576878295	-0.06273725503632237	-0.10103188039163566	0.0913440138588067	-0.0775606004324417	-0.20882637384992705	-0.09372072832538182	0.1616959740202476	-0.16538369102127493	0.13752337030987538	-0.09710791662768668	0.08744350150458716	0.08644219297846703	-0.07867197568474303	-0.0865964984218459	-0.025704388269184777	0.0076304918042808655	-0.03254723405173677	-0.06129663405199787	0.07673512224460403	0.12312097854556094	0.08843887717432787	-0.19037559350482305	-0.13153300802073026	0.1063484324651512	0.08128736589335495	-0.06275203316104885	0.07016346980480369	-0.054348814892809495	-0.1320789139105653	-0.06357887516520812	-0.04085890035059657	0.024681167831095755	-0.004080489347147501	-0.015852815101086246	0.08167731231060772	-0.06182260841352259	0.20560470438914266	0.06221472671495032	-0.07712617302072286	-0.022212546041193684	0.022627381269692073	-0.0049573404242846605	-0.012999445760590294	-0.0020550151136362535	0.03357811003267484	-0.3008533685256277	0.10505334601001656	3.4226902540991396e-6	-2.114525088025176e-5
1.5516108166437037e-7	0.014916248363758641	-0.02427114778464889	0.09314936683031204	-0.02708528181785473	-0.00035355219538472525	-0.008906611816685435	-0.023540102399642382	0.25139076682104594	0.14490042881987739	-0.02746556321077133	0.008321060790886702	0.00720249556613226	-0.00020115561094442857	0.009464239497003379	0.03098349426341574	0.15370623274252693	0.05999857228668517	-0.09166843190772864	0.15904007970596384	-0.07145397825013292	0.10758928905923906	0.16185229768588763	0.1263875835009807	0.07026828467923253	-0.06614572246988565	0.012022204782236343	-0.0020313022975336744	0.021415741729935767	-0.05335868588286592	-0.08699131342073844	0.06294834158171339	-0.09805265169504558	0.12112174586392184	-0.19325168084354719	0.11200731967804227	-0.12193672519845243	0.10489782222217012	0.13019155334995783	0.09223413453018274	-0.06893327459655448	-0.018028155086717703	-0.017474824591158712	0.05291079639386387	-0.04333640358348027	-0.15845803196161642	0.09856287047601393	-0.16764376131961192	0.1525143826780503	-0.1091375697650773	-0.15232564891060402	-0.09169902791071084	-0.09703228639782721	0.0626968880334058	-0.02861535766195888	-0.03881163869266799	-0.001420104592434446	-0.03211100259802604	0.04850609065906067	-0.07106996285808594	0.07332439085647219	-0.08003747162766181	-0.11753151487330851	0.1358617215885542	0.176012950601618	0.09579057050020127	0.13886180454872005	-0.09315580115517987	-0.08936111741341206	0.03998286553116391	-0.0001260771120437678	-0.021639407638630242	0.0884469958111306	0.08530934184545623	-0.08647552811088971	-0.07982556033294244	0.07073542397552819	-0.08963365254054645	0.08262735098645625	0.22588481360577956	0.13269337321789867	0.12509426646270377	-0.13943058256833823	0.041688230339712556	-0.0075061718280019386	-0.009195140293019741	0.023406952815891734	-0.1339852622103255	-0.04652644470936682	0.06231895398865607	0.02034626008334901	-0.023376922804394757	0.005237651192987204	0.015433505832133508	0.0024848849732700784	-0.0412470427210964	0.3815968352084122	-0.1408284795885424	-4.613019696641056e-6	2.9512613558077925e-5
2.2663015175429078e-7	0.020234155628011563	-0.03170676683070405	0.11821376541133716	-0.03429641984689431	-0.0004344273311724655	-0.00977942077693649	-0.02551760590735627	0.20307745210937642	0.10343713794294719	-0.016690218456377425	-0.0011056617780736907	-0.014851048888048219	-0.023080911529961584	0.0219553616415682	0.05799746116729237	0.26622100939930765	0.0838965537747926	-0.10486349851008443	0.16094039593329823	-0.06065839814733321	0.07313130260615369	0.08473512031404591	0.014038644363620527	-0.021348222634793947	0.06871825612131888	-0.06042186500818001	-0.0711391109218722	0.10835534672778943	-0.13894044005609865	-0.17814946415332025	0.10742004928158602	-0.13802397516414727	0.1216315710330921	-0.15818287441089607	0.07738699952769566	-0.051417058696127775	0.006171237710821898	-0.027782078932098907	-0.08371632236663501	0.10502258827448832	0.09254395388851241	-0.10942222646568536	0.1547687613546597	-0.06639883641692405	-0.1657489979064268	0.07303112793172646	-0.07526545316646813	0.03308415696379862	-0.0010381185093371423	0.037364848721713695	0.05199842505152522	0.09631334632105315	-0.09157862503600052	0.07987844565661853	0.21402257125773172	0.09398760125665201	-0.15334921271285523	0.15119622682454442	-0.11136988658827532	0.06470327991829103	-0.048576644261496084	-0.018536798602662895	-0.006491515757436097	-0.02870972980864711	-0.04369374108156826	-0.11892246794266842	0.11139167267125503	0.13983176068583208	-0.1139333407748146	-0.12299637970275508	-0.06617286449040105	0.09524554462479463	0.035822057273079695	-0.00535184389314797	0.015866101463392974	-0.026251497428097265	0.046118034252440536	-0.05709473945810162	-0.17931408604726512	-0.12448181493453697	-0.14174008757753997	0.18270533157657637	-0.05837057929036095	0.027585401004576723	-0.0670750347203425	0.024191232219027192	0.013957972678587716	0.014722097993262623	-0.026593651428934995	-0.012106645398943757	0.017499222686877838	-0.0040682620298980125	-0.014253664402824513	-0.0023529161289387	0.03989001587938391	-0.38487080370037585	0.15235511627882709	5.0240658150079495e-6	-3.355259863041387e-5
3.4308690944895467e-7	0.02876806308944653	-0.043651734485863854	0.15873558888694084	-0.045963286394981095	-0.0005671092203508067	-0.01151133522684559	-0.02966348654126554	0.16350308461263097	0.06544502073629244	-0.006328920222189594	-0.010525108893087411	-0.036502873215846623	-0.0449558390701946	0.03246083485255198	0.07831306302402913	0.34460112888254757	0.09316593618471147	-0.09444940038920717	0.12193898418815463	-0.03231130178614326	0.015056734971476582	-0.02205878892433618	-0.10399832891517731	-0.1035447451491508	0.17067160915701377	-0.10051478655433761	-0.09939726322251252	0.1283361979298404	-0.1293215115015451	-0.13931446081070115	0.06891531755890395	-0.06429206817997125	0.010886715926479025	0.029028382675178842	-0.03418677974968067	0.07358153421849814	-0.09954266720094827	-0.15314934671665767	-0.15580645195711462	0.14527776073174883	0.07978915065223986	-0.04731119247561872	0.031355430385929584	0.012528644916955198	0.09201132825206797	-0.07340248862630543	0.14669490589385933	-0.1452304572758625	0.10896382245623713	0.1562781857009865	0.09369164340140552	0.09412744267323661	-0.05513882803858802	0.015851670000214476	-0.006704818322117794	-0.023647674596858723	0.08405397873246367	-0.10464179393846237	0.12082837376170677	-0.10701695067336671	0.1074539887166077	0.129701889423946	-0.13128112420588292	-0.15494317676364697	-0.06069285158600253	-0.0341806163005628	-0.009899384647581755	-0.04454737759637445	0.07499214854265764	0.1313710515978402	0.09494210072321323	-0.19839357766873572	-0.1283214940684124	0.09314772475850702	0.059265298182918105	-0.03563589869467616	0.026171260368610654	-0.0011224517935059543	0.035436163802693786	0.05353720137786518	0.09297001553103884	-0.1467171284684061	0.050352787441847686	-0.03778484625862887	0.12099793955036123	-0.06420521473671194	0.11001249282734415	0.02102182629825609	-0.015962837363227993	0.001028574253773806	-0.00803932319793792	0.002093375211408249	0.010859222195258046	0.001874330598352591	-0.032946871460788126	0.3403341367021169	-0.14965242949401109	-4.98223037911338e-6	3.531640119884496e-5
4.759633024939396e-7	0.03754047632936678	-0.055228798574823976	0.19610011515124426	-0.05667731755103315	-0.0006819863972112544	-0.012520335057396664	-0.03186128257608337	0.10633317606094804	0.019789929794825762	0.004828814428194781	-0.018289706601516954	-0.05166819208933943	-0.05810108087775098	0.03514036386083961	0.07778621888479614	0.3268830942879354	0.07215515395727366	-0.048542122824456205	0.03357781463894184	0.010252724860152575	-0.050148438864068424	-0.11780393700459312	-0.1642311279733174	-0.1244528885532626	0.1651752917878907	-0.07164755330080615	-0.05560524838205367	0.0496773628390795	-0.011610602654383044	0.0221638619746604	-0.0332049292401104	0.0720887221234721	-0.1114561323530983	0.1839466610661289	-0.10661511329133366	0.10953188777140424	-0.07755445388424924	-0.0757015575266085	-0.011127625133828145	-0.02130113275194235	-0.051315241763280034	0.08853787811561306	-0.1424204660047438	0.07032446002540552	0.1887738182498806	-0.08726147166295012	0.09399610526349833	-0.04317985341493453	0.0028598812320202254	-0.044376475264167624	-0.06252260601316768	-0.1133324242811165	0.10443586227466839	-0.08479939725765268	-0.21158657778078546	-0.0841179552352167	0.11221554888708514	-0.09658098691423235	0.03918294598676091	0.007144977138628197	-0.02825786177287314	-0.08615865309530667	0.11890450510745511	0.16576288848145268	0.10158956566581973	0.1541591250990389	-0.10074182426565133	-0.09046041013920819	0.026958093965600803	-0.03697576049391919	-0.05330170955563849	0.16365755014141586	0.1375871845987089	-0.12480891345467927	-0.10159392085030097	0.07926691847506234	-0.08607460760065755	0.05886617755484157	0.12233326183192525	0.03632237480239879	-0.015298213840461013	0.0691814365742672	-0.028613243904721933	0.0401437813818808	-0.15283633874451996	0.09376261756932602	-0.21947726679178123	-0.05430729706440345	0.056823685257391725	0.01013569745607705	-0.0018551632849106313	-1.9373399688764445e-5	-0.007413501796989332	-0.0014019957362926684	0.02635331153589371	-0.30479024951906597	0.15551775880772922	5.24185027141421e-6	-4.0004730542754036e-5
6.921052430858959e-7	0.05139486479811956	-0.07335900388682443	0.2544850609481633	-0.07341910721126989	-0.0008621208174768695	-0.014334171286925278	-0.03601567247638507	0.05123321500826722	-0.025667413655372038	0.015992545367036475	-0.025502940195457627	-0.06421827826841599	-0.0673476819635288	0.0338136722072164	0.06644241763383643	0.2595490408689109	0.03686265286338771	0.009437961174300472	-0.0641081843033224	0.04960850875555442	-0.09797718248221157	-0.16951451759693656	-0.1540521759749631	-0.08751286725915447	0.07668052060205909	-0.0027302565850118483	0.021426925375711968	-0.06085055358561521	0.11432939695902507	0.16694721419266853	-0.10889357723194162	0.14738446365390548	-0.1292250593428228	0.1576076464827584	-0.0705131289998863	0.02684654386083082	0.03407163723964341	0.09237714735476182	0.14761861356773967	-0.1602602958437726	-0.11282607556756567	0.09764565683279611	-0.10554216289193252	0.0184432625503204	-0.020782898338957103	0.045395928264392885	-0.12274780158329789	0.13674140233691712	-0.10855256711350657	-0.1599266535732878	-0.09461414735196748	-0.08803850999351463	0.04405851792666684	-0.00030328953224673555	0.056689450879763764	0.04806540476205349	-0.12470848532870968	0.14277613087203098	-0.1392581158058044	0.10312801032901042	-0.09083940979467092	-0.07110383085764994	0.04457663843081871	0.029385144885556356	-0.02330470022227159	-0.10515045453555448	0.10547582848296792	0.13330767641001878	-0.10283200925016185	-0.09104418965409397	-0.03464126553501301	0.005618930363423345	-0.04012414840582375	0.06539402273444207	0.07478046051212335	-0.07221581707196408	0.0943032534333106	-0.08429848040823468	-0.21659980266433848	-0.10873313219522976	-0.06907350322038548	0.0367368722090432	-0.004560004058945925	-0.029071142480158855	0.1373562618943542	-0.09613407246540293	0.27211114034928796	0.07434014489195136	-0.08442717773996049	-0.019162467620916997	0.011413605051152426	-0.002058007705556078	0.002990647282466758	0.0007561671306372425	-0.016690328038483526	0.2385664218417167	-0.15052331293300714	-5.152486235653185e-6	4.292191970541469e-5
9.704325424571964e-7	0.06783347362521387	-0.09395134902828521	0.3184943169089285	-0.0917218371342616	-0.0010513898203186578	-0.015849724871483235	-0.03931714739736416	-0.007228921576732445	-0.06919715465405274	0.02581530513081302	-0.029777274105815144	-0.06805346564412175	-0.06634446831682547	0.025754753653052975	0.04020544159466186	0.13073385501810253	-0.008862798083865552	0.06426765962274289	-0.1385357604786481	0.06921972691859161	-0.10351981077691917	-0.14343710358088776	-0.06471701670974833	-0.0024485295223874064	-0.05687008662544491	0.06794554027908689	0.08382708688787814	-0.12716368278824663	0.14950922259088265	0.1717714692977836	-0.08863545765172644	0.08525143929387488	-0.014752377590855414	-0.037445809594933675	0.043368733299075576	-0.08720112448426508	0.10341832873196849	0.14200018418093874	0.10718605484513018	-0.07778403579389134	-0.011722020192011172	-0.04133439062629788	0.09642436367119799	-0.06377114650335454	-0.1948472049111727	0.09796848083417528	-0.1148233933686906	0.05842734681374135	-0.009233003359462328	0.04483630863998589	0.06917746343067561	0.12555374053216867	-0.11285933678981284	0.08488081423594043	0.19337062491180815	0.06607558741514082	-0.05642334676418072	0.028057775302597357	0.03816695023144838	-0.07205185350148546	0.08939774432851592	0.1405679890198691	-0.15520262987485978	-0.19052125885504348	-0.08033744997232858	-0.05017532970599253	-0.008300995511988502	-0.051685239359521115	0.08798756007885178	0.14401834628234736	0.09543944900994412	-0.17075429469356795	-0.08504964885265007	0.03617598828610156	-0.0034366196098200167	0.025135921656060618	-0.0539415572765753	0.0706327525292481	0.21686074758202684	0.1381621095984212	0.12907176741413937	-0.13070938091731485	0.03629911571823421	0.010745395116951549	-0.09103823132598005	0.0788121853541924	-0.27743958386128675	-0.08255746628201323	0.0995172691115434	0.025778658490688854	-0.019875784900534484	0.003951530478600155	0.0015719097175359513	-8.11080078807954e-5	0.0065035939055115835	-0.1686286743784334	0.1478261132163511	5.158520791149831e-6	-4.759110733460652e-5
1.4085911468697622e-6	0.09276030285256433	-0.12472937448593034	0.41338232152704363	-0.11884015543280828	-0.0013304969352576006	-0.01822183446702335	-0.04463047109249541	-0.06575775659722495	-0.11270975681595317	0.03540577263664568	-0.032849018452102384	-0.06774719656020113	-0.060210106353554636	0.014495903598277276	0.00796578986024111	-0.019263512381664995	-0.052743274213855613	0.10245538587557264	-0.1730722332763354	0.0664621668777293	-0.0721327886510268	-0.062274765393963975	0.05302734229287087	0.08377900614417673	-0.16126185851673894	0.09994488844981028	0.09525801843599713	-0.11059645641053335	0.07719243034118262	0.04544960163558521	0.003085382513291252	-0.049993160203122965	0.11371281408304318	-0.19521748216064114	0.11265870203730817	-0.10590695325505256	0.05217452437397937	0.020164620691221265	-0.0698474310142932	0.10634600359308882	0.10539943322433394	-0.12072131108126809	0.1547821677089425	-0.04587597893351945	-0.050741913858605506	-0.014956152665188608	0.09467038461718238	-0.12585302364037979	0.10731939300536163	0.16315380296277723	0.0949264639633273	0.08000729951842878	-0.03092882340409411	-0.01612919954790934	-0.10435091391151434	-0.06792241750318924	0.14572784279492337	-0.15414186195209145	0.1209154185258896	-0.06317308782462677	0.03736140451468574	-0.025938418986769168	0.07018550907207058	0.11687719349418936	0.09055296897331011	0.15101338180974624	-0.0975154513316867	-0.08206455112696821	0.011065488670788392	-0.06750124304228187	-0.07430777840126097	0.19726360298724213	0.1451198915892825	-0.11171794916944383	-0.07021090090864807	0.0377581264119718	-0.018251472072674198	-0.01892025321970218	-0.1067704867717728	-0.1026345029357356	-0.13386421898239995	0.17239506961160464	-0.0539049916053019	0.011065585230146585	0.017466790927274264	-0.03944618232274409	0.21376949220628133	0.07147365836164973	-0.09240835707143355	-0.02722240170963825	0.024941188610489697	-0.005196253253700044	-0.005943378056524777	-0.0006031574972220531	0.004374030113714089	0.08344366003449136	-0.13631998537009007	-4.873942508066046e-6	5.064061451576164e-5
1.571310458099853e-6	0.09587823074017424	-0.12409691569853853	0.3994303894069161	-0.11456907033935453	-0.001243988160136048	-0.015014397015360855	-0.036149688026527516	-0.10120450852290186	-0.11559148588296003	0.03192295120803014	-0.022760471997344545	-0.03891262226657592	-0.027728734535118513	-0.003786063097265652	-0.028332778947207697	-0.15920014988499126	-0.06664372483534298	0.07720362382532572	-0.09542474573447113	0.01828438757890834	0.010972247778507627	0.06523736597066218	0.12839122968063846	0.10002566224032747	-0.1248767673074651	0.03904839283745408	0.014453309935905916	0.01789490433454503	-0.07843352546609549	-0.13194559147646837	0.09120713071207018	-0.12435394934185659	0.09335802642897593	-0.08830096663288378	0.025528007708476103	0.029333471827435766	-0.07870269208125885	-0.13328295540420365	-0.13270330072752728	0.11318497104225263	0.040529777384377345	0.017428652018027433	-0.07314266885576796	0.06056299667351748	0.19450022950993037	-0.09722764859119908	0.10386846561196215	-0.03654327775873044	-0.015094367187346443	-0.09186820623864872	-0.10294553877867318	-0.1594936222918878	0.12759940476843953	-0.07594784490080839	-0.13005875870408945	-0.021194956689712083	-0.050362071890703734	0.08991109408931033	-0.13983681967353798	0.1298409271755876	-0.12520665431605874	-0.11331704459012988	0.07802118405439112	0.05869089886710673	-0.028083066893348548	-0.14226054386973905	0.1369443601516181	0.16261103355849948	-0.10351456859810969	-0.045391389677073395	0.01615559912770252	-0.1346883305952848	-0.14638268475944113	0.1471262812421204	0.1220867563966482	-0.09049893769673684	0.08624913969455643	-0.036167859961529644	-0.0191873574469954	0.055826943475508775	0.129624773340492	-0.20722288732036925	0.06994162174311318	-0.033273785126258656	0.055041249461526304	0.0032571387652522888	-0.17394452852240885	-0.06942792784211908	0.0979757139657723	0.033010705654423246	-0.034729038558186036	0.00745972200893127	0.011733404996495216	0.0014362435564777526	-0.016362708006203784	-0.02077377410569501	0.16579896553612564	6.070589617528501e-6	-7.020960867441941e-5
1.5775616659902767e-6	0.08565508805055343	-0.10412211832528163	0.31864300111993477	-0.09103125015647032	-0.00093501426081161	-0.008650379778640869	-0.019965065217554628	-0.11083878901688608	-0.08789616043591121	0.01971630766740993	-0.005737598441248077	0.0025738120003503304	0.014225333273697977	-0.020597047957470124	-0.05291349758529035	-0.2312690609397703	-0.04905835523152843	0.01155683803453486	0.034918887002426464	-0.040634286624536116	0.08726330846984692	0.15045516151194652	0.11346335248680643	0.04231944651438674	0.008538359653289524	-0.05439518731609105	-0.07895912720210566	0.12999380971685318	-0.1569376968125114	-0.17373092181418326	0.08168858886118095	-0.05920471643203918	-0.04021867241861743	0.1298658338609327	-0.09459720078404067	0.124749754337784	-0.09700949013215839	-0.09057366643955853	0.008632374828694115	-0.05780676518080047	-0.0904324287051174	0.1258451340620021	-0.17280307137576809	0.055923091382416204	0.0707369939884198	0.010441805530186395	-0.09672201731837513	0.12870053497179712	-0.10534629268023987	-0.1454872765441026	-0.06818486988040064	-0.0276542339007952	-0.017637551306511817	0.050903746911795875	0.1707792650954519	0.07989330463921107	-0.11365684088458404	0.09395876425306408	-0.016755123096619376	-0.04314187179231213	0.07062711435339389	0.13411509576815023	-0.1484964240515987	-0.17744472366206343	-0.059623636158595776	0.016616844057617985	-0.07000115636765271	-0.12213022506047912	0.12425165358963489	0.12946724813154617	0.05159574165383757	-0.0016376942854543731	0.07427878973945926	-0.11556200105531175	-0.12438881677667508	0.1102197334935202	-0.12614437112376528	0.08133234330213741	0.1404523913500484	0.0024736198044231455	-0.10420011721477833	0.21392138429068333	-0.07723025952398646	0.05348331315226468	-0.1256182745501091	0.03298214686740645	0.13682991250840623	0.06949898264928703	-0.1075808799694853	-0.04089950562525066	0.047759850256951425	-0.01046983170594263	-0.01919795942744012	-0.0024858742209845405	0.030937465730397545	-0.038284383226917504	-0.2292152358506061	-8.529571681248507e-6	0.00010594407984780007
1.6159243937963344e-6	0.07378627758848542	-0.08040605442263966	0.22275395391516337	-0.06310265332840419	-0.0005709690200594128	-0.0015052020105224468	-0.0019201738275930955	-0.10549660676435375	-0.047491611044462305	0.004486283177274918	0.012345193674672317	0.043532095255439954	0.053025830338731116	-0.0318758266911178	-0.061956378300866845	-0.23248380213807843	-0.014179099534473879	-0.058750748727330576	0.15016729449868585	-0.08055634831273252	0.11982795818965307	0.15617525886175856	0.0323498431294018	-0.04159967694054009	0.13634316058638554	-0.10902382373284371	-0.11296476170889966	0.13860371418837913	-0.0999508837726335	-0.05779675044141065	-0.005483146579547635	0.06526440049685014	-0.1298428862442958	0.19999005385863525	-0.10380249244036052	0.06576307148800954	0.011804134916402408	0.07457304173920426	0.13772066053582596	-0.14490828616519727	-0.0847708958304778	0.034661384772413185	0.009842582678836172	-0.04457858397731699	-0.17874458250629752	0.09896478859397145	-0.11355817755664202	0.041950197997759564	0.01623046397269428	0.10239707493712433	0.11247991243801207	0.16525433813664045	-0.12300159953699043	0.05874539221505854	0.06331425909250057	-0.014346825655009892	0.10910849385437779	-0.1415347691459192	0.1503077169714746	-0.09969010616535964	0.07276256048748408	0.001370632588150142	0.05321702046306561	0.10314606561279377	0.08659880175805414	0.12467328826053173	-0.059711209122508345	-0.02389650511020951	-0.04400876641949108	-0.11582325141851564	-0.08250242991515422	0.13687055942460172	0.043961972745229276	0.017533598337810243	0.06126396584715999	-0.07650604788922928	0.10980925395626073	-0.09442664747371975	-0.2105209125387732	-0.05996827364373036	0.049248467165620334	-0.16592498982640996	0.06559679752891477	-0.06406580635247264	0.17672241789480378	-0.06475701944497725	-0.08543687927950654	-0.06335374991496699	0.10871718133237551	0.04648556103171039	-0.0595224331125253	0.013272182158527067	0.027099868021139912	0.0036121648991670097	-0.04669137163332708	0.09940709312954987	0.3120589049079793	1.1739236831786552e-5	-0.00015336552635701576
1.8837482696181932e-6	0.0694755462108908	-0.06358185420942485	0.14340463408795834	-0.03980648787410248	-0.00024274970799457006	0.005592800984609212	0.01607005293079237	-0.09873290414144344	-0.005997183760799417	-0.010885953831087258	0.02964916056945568	0.08085296320484611	0.08652150766470082	-0.038470535023467915	-0.060342684460218586	-0.19075265008202263	0.02397371127758588	-0.11251124479695816	0.2187663477661209	-0.09261740992607348	0.10692495527649616	0.09837316857527467	-0.06369884154461704	-0.1048121051330865	0.19114597720729612	-0.0991181674605489	-0.07572020704593566	0.053730627981484494	0.031169273590236364	0.10357682466098055	-0.08810959756674722	0.1322812346646034	-0.09336459524193091	0.06646024008994914	-0.003921235692677758	-0.06661893383019825	0.10658563172662026	0.14798338442194606	0.08816743756585418	-0.03934363613143873	0.03864909471125737	-0.1072816572625398	0.1776058403094097	-0.07408767219510039	-0.13229311968134477	0.01806091630174312	0.07153188318148461	-0.12183511633471793	0.10714560786072344	0.1505329007243468	0.0661392592020356	0.013332055642512377	0.034739444418182344	-0.06361014181243027	-0.1878220983274743	-0.07525611182073137	0.0705338249520644	-0.03341241399938023	-0.05889359159445293	0.10068611968074274	-0.11580569677530884	-0.13509243804041798	0.10793784534002573	0.09591840323309724	-0.014831731956247542	-0.13340510798124758	0.12861772374344027	0.14636479875400732	-0.07735371280759087	0.0006683823909272748	0.044457930677104296	-0.16409283842972897	-0.12954884210386167	0.09271191726679076	0.041537380912909004	-0.0036042986979819844	-0.031167639020703825	0.058801046051346645	0.17824337117039454	0.09063033757181486	0.025649448050763017	0.055321396617053514	-0.029912030066772826	0.05532313816486538	-0.1789343460276544	0.07988912808447324	0.014735423530785302	0.04383523341583761	-0.08807029103371107	-0.04379963766308489	0.06246384751522163	-0.014196673095725398	-0.03232258923087436	-0.004410447463283738	0.058545107778661856	-0.15379815220715573	-0.3833911491493321	-1.4554049253709148e-5	0.00019904902110209465
2.6773339621551798e-6	0.0818067223224617	-0.06092479673709599	0.09436463677510458	-0.02489019259215714	3.6956079245980935e-5	0.013632885037194899	0.036721042236087034	-0.10417550955748824	0.03481263324056055	-0.027405621955833948	0.049147664129704394	0.12250326909818218	0.12322384203140538	-0.04468656744392708	-0.05662320563467187	-0.13993742895910502	0.0598785619292573	-0.15000881736206836	0.24939957706580831	-0.08534429629783298	0.06811008405404378	0.014046483303811134	-0.13907261773417667	-0.1302233330716941	0.16981073747472689	-0.044131169016303776	-0.0010982507661042233	-0.0600150534915346	0.14344468789479756	0.1977198317567882	-0.1097773051441516	0.10098714081058327	0.020988065897119833	-0.1256354447909048	0.09954324920570179	-0.1337841577232725	0.08927712620996468	0.059640431154286126	-0.06366223375214126	0.11313708172609836	0.11367911709335843	-0.10682660729444228	0.10117214061952873	0.004232111856900321	0.11504749365030299	-0.09128686075141226	0.13923311286391724	-0.0785933948290525	0.010337844406840888	-0.07434086925415599	-0.10461478434746346	-0.1645819137986743	0.12293441944668763	-0.05370798546942176	-0.03850778880616434	0.028353243240468555	-0.12731514027070923	0.15124709435064407	-0.1287415821165197	0.05537541255743726	-0.016735753324639915	0.07643654928522235	-0.12068155447205664	-0.1658088540602196	-0.07588036133846718	-0.017995846296856594	-0.04891463718679312	-0.10447172467656142	0.11583523372202918	0.11516391443571963	0.036837533100911105	0.0393244236296006	0.10114827252661412	-0.1256461587156848	-0.11174284949935939	0.08103467438609777	-0.06943191319033183	0.01522511920633914	-0.03487379134703161	-0.06831438554727565	-0.08664235991793913	0.0837409860200795	-0.020841155834341873	-0.02230746339173396	0.10710946384067534	-0.06353634113718616	0.06131647174799969	-0.009053586292088035	0.037702335201565004	0.02731457634447558	-0.04758412616314178	0.011166077056103176	0.02991822565006312	0.004203542021577714	-0.057481744565007445	0.17668794171899044	0.3880161039231403	1.4883911400616042e-5	-0.00021518642863899826
3.8046794665463265e-6	0.10109910802268599	-0.06243344603514367	0.050695160478964406	-0.01136954930449002	0.0003183399372041633	0.02186386334519484	0.05778073349624034	-0.10640813068651757	0.07421993544601901	-0.04258137098049472	0.06469341783805718	0.15179351386164203	0.14546205650446534	-0.043561218406516354	-0.042182693361054215	-0.06084574255250931	0.0809209226578683	-0.14265559994126653	0.19823276230967732	-0.047074479027648414	0.002270508916464507	-0.07623696765906436	-0.14782844410897947	-0.08855656948948082	0.054609733324439344	0.03774349564816078	0.0742354467016183	-0.13224225786541077	0.14684036120556632	0.13298868096870067	-0.03854112024261948	-0.020956964109277224	0.11459335871518073	-0.18761558976120718	0.09667129743305353	-0.049319024192629034	-0.0357072290841787	-0.10310355492459826	-0.13180993553399634	0.11323212302999296	0.028822133197381562	0.05192113588722999	-0.129992255305271	0.07573876539346001	0.16991844736267364	-0.042769534933198065	-0.043060503303755805	0.11033550899050218	-0.10617879514973605	-0.15290708105115888	-0.062422805746216274	0.0037854773134086647	-0.05396351667563376	0.07615819086174928	0.1988552386553883	0.06560014554071915	-0.018007509542452633	-0.0339111403118534	0.12592044516901776	-0.13361067630441104	0.1264871727560368	0.07926333968034746	-0.013869694495649234	0.03801129034890215	0.08138733219030049	0.1505748220965614	-0.07975168776765709	-0.03860369083167016	-0.048094530241579	-0.13205999057284618	-0.08798484001190537	0.11579479234728783	0.000629017647986413	0.0732108330516409	0.11151756196515272	-0.11072706285014722	0.13183919538751077	-0.08165979069368046	-0.1248452356844439	0.01661588645096046	0.1140462607387273	-0.19265798482373886	0.06431421379822452	-0.017050375231898153	-0.00750869757288868	0.03195614439251373	-0.12457421473820292	-0.027482196712680578	0.019566166084834975	-0.006442559192365135	0.02647752780451208	-0.006749215855736537	-0.02507478436795033	-0.003687811410549614	0.0526135398043598	-0.19067630938406527	-0.3850553614723913	-1.4971216029196347e-5	0.00023261637163015378
6.069876164291545e-6	0.1466265461065973	-0.07909965974650945	0.018752357925958977	-0.0004693296572796345	0.0006696987814850849	0.034214156871857686	0.08956076733621238	-0.12392008199037009	0.12358142716207098	-0.06309541478804105	0.08631899371569271	0.1922419817619942	0.1759951186574602	-0.04287666087108035	-0.027112185257291758	0.01992894161668273	0.09599087036978728	-0.11752996220727994	0.11662078222325115	8.257491209334528e-5	-0.06407397016113935	-0.147486316153194	-0.11155416146824254	-0.016719056583481058	-0.08125351699717519	0.10320494676509638	0.11440655817186413	-0.136047838596003	0.06438854525120781	-0.015409205030226657	0.05859042611558944	-0.12774427668575547	0.11490513793066992	-0.08801096451910015	0.0073908094786818606	0.08244258379761563	-0.12385313103919385	-0.15520833071495072	-0.049686004224112054	-0.019438277439291246	-0.09154577981574633	0.14278889018766838	-0.18502033208149712	0.03852541832279141	-0.029842451347649675	0.07225120862239635	-0.15554839822590097	0.11398049945458576	-0.038785976567061085	0.042789808727120716	0.09594551374625428	0.16484840696211253	-0.12390729214266594	0.04919715777874337	0.016213706168523176	-0.039253003278955596	0.13160388598578662	-0.14206673921547502	0.0851446534887116	0.0007631130371790267	-0.041933794655070154	-0.12050640774234636	0.12907367875657577	0.14173514500542034	0.01868888577155157	-0.09940556365223192	0.11467799215004368	0.13755821010788	-0.07213732944687966	0.012472667082827918	0.05177959513142938	-0.16134777687176258	-0.101840291199876	0.041735510716093764	-0.02155429646928751	0.05587815724647441	-0.09873254864533075	0.09313567843776248	0.20426098697605607	0.0451271277554104	-0.07734712736862981	0.1986207500789271	-0.07410463376883111	0.04858700550702351	-0.09534879653914778	0.012856118890257251	0.14011222760619796	0.05390026118471484	-0.06984109365577337	-0.016587802821874283	0.0027117429159739643	0.0003173445958165645	0.013813958558618894	0.002257972542069049	-0.03508666677616406	0.16180363105698847	0.30741122854505676	1.220348561926668e-5	-0.00021087408903605248
9.399308056473921e-6	0.2120604059699645	-0.10518220876079551	-0.011173032121823792	0.010380792926471625	0.001085399964309811	0.04877714343009912	0.1268755924467615	-0.14389260763326062	0.17422592248655686	-0.08371238560499944	0.10537600773811422	0.22303482822879897	0.1947872855180686	-0.037320597836354	-0.008282015462134588	0.0976864699171453	0.09209866986977579	-0.06321948179508312	0.002667698247347631	0.0472138219962948	-0.10824178152674442	-0.16366340967117288	-0.027496077453123973	0.06288329219116746	-0.17631957276600074	0.11101635646737763	0.08623134768289936	-0.052628840115315594	-0.06367399380508425	-0.15220608064205343	0.10910597699681686	-0.1263360478267366	0.007451717764483909	0.09828359050413389	-0.08941037556002428	0.12494145528441598	-0.06889712460632505	-0.021556076711664898	0.09523103140974559	-0.12691195690811233	-0.08779527239085333	0.029311064886558293	0.033543210011210904	-0.05875660859004445	-0.18119027159727705	0.06598669613598596	0.0033713178524525014	-0.08788282038903734	0.10058620387753354	0.15644176657834208	0.06387582816248223	-0.012577961928813839	0.06706141881220593	-0.08515956494537412	-0.20267920456429755	-0.05422108748436157	-0.0296199243194398	0.08994987530121458	-0.16593516178081041	0.13319561867768265	-0.10184798447782467	0.0026483086271051723	-0.08019981794898122	-0.14531416429876226	-0.09683263015325304	-0.060769469833843764	-0.02900169934758697	-0.09631567120157454	0.12256328587342455	0.11846178796819906	0.02942615946260407	0.07419629085300014	0.12401264445011026	-0.12621018724689204	-0.08308663779116683	0.034720199504016266	0.006313575224682732	-0.053453465331078386	-0.17756581635796898	-0.0851740510794555	0.006743374790808739	-0.12301930873316388	0.05425435980089074	-0.06384814597246478	0.16864894748404013	-0.053935814511921434	-0.11931535056009716	-0.0671440366053522	0.10379441073976456	0.0361135275143388	-0.03140875160721809	0.006170004553129695	-0.0007270077778630321	-0.0005478352482915884	0.013459511676856589	-0.1165809042390451	-0.20818088612452068	-8.618536630362967e-6	0.0001797135817821426
1.1373131584263474e-5	0.23851922607450887	-0.1101745723891404	-0.038730039971838215	0.019021746152901163	0.0012585377385899218	0.05090766322977861	0.13148752111072687	-0.12074069709797496	0.17100445774492157	-0.07771521275837125	0.08762396794888824	0.17135356753871858	0.1383396723453989	-0.015598311063678675	0.0143431846054163	0.12943849762507226	0.04058260978752556	0.026991649226415716	-0.11287766392996872	0.0645020862417747	-0.08035679452840407	-0.06642818225423007	0.07712635317152138	0.09318607284036153	-0.12651221374895935	0.02133846897736795	-0.021014002045480314	0.08134997871187517	-0.12628463776608634	-0.12577452915452628	0.037948758333576	0.022446298240481076	-0.1093716206421117	0.1563627778522529	-0.06665834514423977	-0.007762700912146458	0.08768014631791733	0.14478335364260497	0.0893636768628299	-0.029321628691975687	0.06304410022404745	-0.13548040163988959	0.19178713801281583	-0.045649601683429956	0.01930511897385594	-0.07213345425082537	0.15533129076488103	-0.1032088959838978	0.021146794177238432	-0.0798585475512397	-0.11538999636482287	-0.16015818950819435	0.09538860739707765	-0.006402753881898851	0.09635485839908849	0.07229777530435648	-0.11141924624639357	0.0778417648283212	0.04586389267172272	-0.1157716003756114	0.13432299813091642	0.11785999670727268	-0.04499542432087114	0.014713136289333687	0.0922811005179815	0.1737253309595147	-0.07790697144809984	-0.012312066068783463	-0.09355281144996827	-0.1794795109504071	-0.09446155811527353	0.050269981801558776	-0.08956681622720171	0.15886816344060978	0.15769942519313782	-0.11420044855383171	0.08788066456080557	0.0014913422421112552	0.11536954380291548	0.11148902406005262	0.06466141459863875	0.03621104219924476	-0.030040437358292628	0.07812466585945044	-0.2435619084383523	0.0965915663353861	0.1057045811091317	0.08543268839119669	-0.1466593626618492	-0.05954951404373133	0.06444095775045491	-0.01355037439124003	-0.01222373030510552	-0.0010552453504072547	0.005439489845422833	0.09683182634794282	0.16085744416847622	7.2105343509356395e-6	-0.0001979549205347894
1.3874954964086759e-5	0.26661364615759336	-0.11408045055898158	-0.06546118287522316	0.02724110722264936	0.0013903591072132202	0.04976820177806085	0.1272758286752065	-0.08442209886515943	0.1475149317998273	-0.06182690299246936	0.055969329227599514	0.08897742946652296	0.05483047929349496	0.009906911650261382	0.03313049293952987	0.12490876919726253	-0.02418150509696063	0.10702088907181977	-0.1825694142392886	0.05331706425089871	-0.014301057575319503	0.06417467133610731	0.13876999746610688	0.068198230063781	0.0031247336788533006	-0.08300968184273201	-0.1129967965725822	0.15268629492865338	-0.08316063108990203	0.011560950571466512	-0.06829323430125807	0.1493238583371268	-0.10952084101969964	0.04027016372231511	0.03251612066379634	-0.13106132397777304	0.13164791261169428	0.11917925449709207	-0.040960833912665195	0.11005635750214839	0.12028110565524505	-0.08892132722861837	0.041710892206886084	0.044518565207249394	0.18599349404169965	-0.07986762413011163	0.016239424066542853	0.08085618610160997	-0.10026296174216551	-0.15274434361338352	-0.05074892525830247	0.041765546027632924	-0.08944079816554283	0.08715639666174065	0.16753346460291246	0.023943100346341097	0.08430508505263921	-0.13068906504683567	0.1384687890210778	-0.05530378943121689	0.005608380507193626	-0.09795390954444808	0.11879285232624606	0.13227874434817277	0.00867202971291408	-0.11857226803001539	0.11292639751379019	0.10997864093380606	-0.013927449805047695	0.10034986737558906	0.08957909773690459	-0.1398705380588936	-0.0028467584426121223	-0.096013289741424	-0.14525312185903416	0.1353391574704409	-0.14061000446735397	0.05109771177061335	-0.00811205700693355	-0.09857416505537199	-0.11605749352764745	0.06079959735488494	-0.002316814405548831	-0.07630197692767264	0.2743691328830086	-0.12365468564812758	-0.0783076497266155	-0.09385264035947172	0.17415574152811772	0.07808025591628699	-0.09408200207429115	0.020308597164056252	0.0251342675786822	0.002663357586898379	-0.02440400397184882	-0.0797801655528507	-0.12297409912960727	-6.249148497246887e-6	0.00023287250527097034
1.753264918237187e-5	0.3063693180070167	-0.12106873591239056	-0.09321073513312522	0.035861386235942976	0.0015278144679309405	0.04726745587605955	0.11921721583753035	-0.042010908735931704	0.11198191770800577	-0.04034987034164344	0.01749869104953741	-0.0060558141377651436	-0.0373822755588775	0.03337486646556533	0.04427476544529878	0.08997374312095992	-0.08194349003401151	0.15062635382650283	-0.18483045123646655	0.020562573881354303	0.058020469728490384	0.1649086940366208	0.12820182153966003	0.005261167454375895	0.1309052082899475	-0.13334990686446863	-0.1270770020029102	0.11207973338835568	0.026524428587620188	0.13912873685891686	-0.11391479621377977	0.13598719250156005	0.0031239930296502044	-0.11919399912955037	0.09561074593682543	-0.10039559883091675	0.011392740335163477	-0.060028810694335466	-0.11574970456462573	0.09664675284877254	0.003371340560302867	0.09307623433487583	-0.17388213067531452	0.06117676930080526	0.03383075224456137	0.05381860475921345	-0.15268211854730923	0.11169578399887024	-0.02637718350276541	0.08129718089244574	0.11929157905883114	0.15408710217333427	-0.07770333305279145	-0.01756435555597516	-0.15128440514613148	-0.08144199192914403	0.07315112327515952	-0.014264417926968644	-0.12368140508057487	0.15094065904961654	-0.1381344417061984	-0.04226378087806008	-0.0525132078681692	-0.1270297553545366	-0.10024607627113773	-0.055692785819695424	-0.03957729197071715	-0.10567751247001635	0.10921205085501247	0.06083942374279262	-0.015088867796375553	0.12730260554076678	0.09331291624434765	-0.028106639465560638	0.0472617059218057	-0.08234574746437673	0.12180921142643511	-0.08032175465234058	-0.10261303095565098	0.047338325569358214	0.12726062696027718	-0.13843774339052778	0.03396058000059488	0.05594158261266403	-0.2453728226368517	0.12619589488959324	0.0378096375549903	0.08796988049434414	-0.1769791237039173	-0.08729964457776936	0.11530219865976632	-0.025385375205527562	-0.03703516551929248	-0.004185941778876847	0.042762391113338225	0.062008539703172716	0.08777220722846042	5.444356015953307e-6	-0.00027881929576586365
1.992167196850512e-5	0.31183356349796915	-0.11248186799729085	-0.10790059352594715	0.03942702442763825	0.0014336308466402889	0.03611585419803666	0.088997093819604	0.00997183670733206	0.04987455437260003	-0.008944354830842544	-0.025826919781527145	-0.09928492454939673	-0.11784194505438719	0.04478421986188205	0.03831296480589101	0.01913138139280363	-0.10322158640787395	0.119519722739906	-0.09005371460825114	-0.023711434847882348	0.09588935269290338	0.16321842182765764	0.030964427349675135	-0.061422485094684856	0.1605344342585529	-0.07617159636773906	-0.03376573249764999	-0.02814585240763666	0.11085059147133573	0.12749077966780614	-0.04068723692443962	-0.02620933764434946	0.11206516633958276	-0.13172995430011428	0.0377324080036584	0.06383816062323724	-0.124847668974353	-0.15252436001529562	-0.015584080653493936	-0.06597902271645092	-0.11894436325959482	0.11881797865232273	-0.08928465411847963	-0.03270454682230723	-0.18159482189199505	0.08383127176954386	-0.0173792520929612	-0.08651961270603835	0.10299300212787527	0.13932336949519367	0.02300803938283633	-0.08815006672063784	0.11690103262082799	-0.07959219339949795	-0.09438157369742073	0.019838588505080256	-0.12889735451869225	0.13984888576906798	-0.04970849157819746	-0.06417958664517205	0.10977043966257724	0.1371501728517769	-0.06751391991412406	-0.004644677920223219	0.09900569828065595	0.18268106577912585	-0.06559084132962902	0.01984699006548712	-0.12586511238670675	-0.18174883672213038	-0.06877738716952188	-0.04156322295063568	-0.134471087883286	0.13866729223583957	0.07120685629661223	-0.0029341058796660173	-0.06000414121140288	0.08532118912770013	0.18544832433032266	0.014931414455653177	-0.1142012068454315	0.1935158170323695	-0.06043237967051134	-0.03069832449298481	0.20108962771660058	-0.12335575732609137	0.003128324074852546	-0.0823749030192454	0.18227928638632362	0.09969788968741308	-0.14415094795321415	0.032312037853335196	0.05321351224814622	0.006225715489965673	-0.06671536445279042	-0.05332999648783548	-0.06814740782580868	-5.62349553823836e-6	0.0003813743076116499
2.458436617952794e-5	0.3405489508435523	-0.11040138631082956	-0.12759506808716822	0.04478823489897149	0.001389447194777927	0.025089638869038394	0.058830299653709894	0.06154230717121029	-0.014767345372124796	0.02299396501528444	-0.06680339924449089	-0.1814510664574604	-0.1832282678330674	0.04836453956091377	0.02469352788194524	-0.055778230995918526	-0.09779200170178029	0.05141953901184356	0.035207879843249995	-0.05912384815849059	0.09470149747948786	0.09059245454138351	-0.08143148696049107	-0.09582061597220169	0.09973498929755964	0.02821769675660683	0.08178360494646336	-0.14860371231413363	0.10986978468749317	0.012067368608147036	0.06740215864378533	-0.16460333752688805	0.10904624605376238	-0.006451324000548541	-0.06085068122316407	0.1550457777511344	-0.10919637801928903	-0.05314061740977954	0.10523043001915158	-0.1390420649672066	-0.07271504809445183	-0.032752687356709366	0.13280325909930552	-0.07359154220750518	-0.09130751007266044	-0.032010792927556604	0.14931130087401984	-0.12344402525253327	0.03492467474321075	-0.07831486591391244	-0.1203512333928807	-0.143990670031936	0.05819169157345671	0.03699801547518782	0.17932024509139105	0.07447685791233963	-0.018614655156230505	-0.049458239083379596	0.1500846501509873	-0.11210554887646329	0.06691827648749042	-0.059354710937735235	0.10584953152737607	0.1308303382054885	0.012364358386185997	-0.12052573208540578	0.10579368039041791	0.08499661988362842	0.0284238849993499	0.1484335001963635	0.09707990565435004	-0.07581718820133646	0.07949500377954713	-0.15647150689505646	-0.14554408074988823	0.08651635897137283	-0.034175398058436994	-0.04867657351964572	-0.18329508029590882	-0.07093627560157413	0.058071539600428324	-0.18096922261425383	0.0664306392578565	-0.00294940153663218	-0.10677700140420494	0.09225063819048972	-0.04344648033482845	0.06168722151754547	-0.15613694637247547	-0.0971336852681336	0.15565405966860735	-0.03556743903236474	-0.06561401310865317	-0.007873660465876375	0.08695486255484196	0.04252632559874284	0.047907969784763756	5.770210423875889e-6	-0.0004902362158944568
2.7225878206287295e-5	0.32779160159834875	-0.09303022304061037	-0.1281550099858764	0.043395244509389586	0.001120911980146062	0.009224312201777713	0.01714774085362812	0.09848487190299755	-0.07575930513231789	0.04904781967113688	-0.08858717008128135	-0.2077718055354264	-0.1892016821687663	0.03399380558157249	0.0012901372719345357	-0.10787786886726265	-0.0478586542472848	-0.04269189071290628	0.14163807208332882	-0.06083145003710076	0.036346594883876385	-0.03919287765890911	-0.1379742808896713	-0.06103865593796718	-0.03682737602054163	0.10957733084625969	0.12741258987172024	-0.13551491817408035	0.002764457324994792	-0.11554899747173814	0.10450565356932445	-0.1211905594987845	-0.024327328221578296	0.12684330129605018	-0.0818419131547871	0.0384500593893143	0.060745126355395744	0.12352916999156521	0.06595332171449726	0.003936678552745506	0.09082922641869942	-0.1290156082143134	0.12431073629457244	0.019218219475065523	0.17062273470960215	-0.08587338951391131	0.01702265943496181	0.09399509259148152	-0.10695184282081685	-0.12562304725660983	0.006165160709837762	0.1329141082307016	-0.1380392825857128	0.06329419461239998	0.005906311394514487	-0.06060981821142657	0.14042810322588015	-0.10760219593105247	-0.05947904323111993	0.15402605610481424	-0.16632429945235683	-0.08151858562709835	-0.03689071479646597	-0.128097203620352	-0.11240851077982254	-0.042754480707944305	-0.061983831230716914	-0.12510351070156406	0.08920216558141537	-0.018307596056727958	-0.06601482912016449	0.1503661963704783	0.016704154843973282	0.10033214978413502	0.15825535069355687	-0.13702943804282683	0.11662619474929092	-0.0021689940918340404	0.13312911600247312	0.11110586348779852	0.008557395738887136	0.14071474807983725	-0.06296654523286987	0.03636875117884266	0.0068642388453287306	-0.058120695584466045	0.08368720230778996	-0.04180918421772107	0.13371821916530888	0.09906354393418956	-0.1789892143529896	0.04176518069551454	0.08623926790770764	0.0105720110940322	-0.11942744974528445	-0.03837785632531558	-0.036642912622729146	-7.016604837092113e-6	0.0007034605734723128
2.6140972730510463e-5	0.2571992559384497	-0.05768961079238779	-0.10249197025592664	0.03308629698984788	0.0006101202060422432	-0.008924301041876763	-0.02882864256865218	0.10663588535470699	-0.1138856517741042	0.05986890474269462	-0.08007787814768955	-0.15879033999137676	-0.12348420767310438	0.005147905124933003	-0.02269493959833339	-0.10996567824901086	0.026470269624143408	-0.11287368872117824	0.16456984735784713	-0.024535963723455644	-0.04593568749777646	-0.14210730198932783	-0.0923406000703001	0.02114783577107565	-0.143401259308693	0.09551716680221292	0.057147122697872706	0.0067646829520520355	-0.1071621869689232	-0.12009835469837031	0.0258350848892478	0.06270277968583697	-0.12729020053203463	0.0955979170354309	0.00599820601925171	-0.13178069045070817	0.14153603811398735	0.11379036551242543	-0.07726620094110626	0.1405834969099339	0.10286960870478358	-0.000365123238802369	-0.1068113947579807	0.07606306105255192	0.10248500861684241	0.031226050565886097	-0.1502823507824029	0.11261447967870244	-0.016955697091968217	0.10715732354433942	0.11851983044440231	0.09540553401274257	-0.0005039260813120547	-0.06833917262750826	-0.1825571918955536	-0.03798422111651063	-0.07604806356717705	0.12549583002956666	-0.10356236467205265	-0.01975640968524682	0.0827361025236364	0.1402154107847258	-0.06744608275708133	0.0061397942578570236	0.11562891856736951	0.1724991414333842	-0.027660700348227422	0.07676441506293319	-0.14835800978210478	-0.12275817293261544	-0.0018123875022354608	-0.14818729115223708	-0.10515416365391257	-0.0022627204170007353	-0.1126081397920361	0.14265523543717087	-0.16542610438082062	0.05250032639594013	-0.05536736015760049	-0.13254566081168978	-0.07410687926585953	-0.0866066326050951	0.053975040025229314	-0.06895979760737365	0.0930333587472196	0.025261684657898353	-0.128352801978067	0.024765027302901352	-0.12179699734705042	-0.1109912006240371	0.22571312158827056	-0.05370070538564762	-0.1223881832233762	-0.015258574676286942	0.17522893608310947	0.042332961203460424	0.03424477065608359	9.983716720895702e-6	-0.0011048875515208441
2.7818410767753843e-5	0.20360858965221826	-0.025197962175030363	-0.0807156522792255	0.024004260205944105	0.00011544593961917842	-0.02702840218338758	-0.07457842382464627	0.10947606292422773	-0.1452611133335274	0.06661720965956894	-0.06360754615725416	-0.09077213722399874	-0.04092705844809782	-0.024641484415201226	-0.041951976320717996	-0.08774499303989865	0.09372631731924871	-0.1471641463727039	0.1303994852173624	0.02113682896728445	-0.10911928902608521	-0.18205888935470652	-0.0007207649258421808	0.09203948280234439	-0.1679844428423957	0.021447649855486306	-0.0512388032510237	0.1442360064485893	-0.13371379548529755	-0.02586417877399403	-0.07519017938728491	0.1891209092199529	-0.10200540581122483	-0.03646978260220706	0.08731687285306651	-0.15014925861534675	0.04893458159541479	-0.04006205177510474	-0.11745447187440713	0.08520702449548967	-0.03172721282571601	0.1288333249613855	-0.1725498919915898	0.009012156552148713	-0.1390520768436604	0.09373235627199279	-0.044899570618573206	-0.0796561715580437	0.10568810982633475	0.12701032556450587	-0.012626310941648377	-0.14464864408408548	0.1381276545261067	-0.04603001627903835	0.04986624963822206	0.07426703438802808	-0.1076088387586829	0.04935792655975459	0.11536348925093504	-0.14190430979570887	0.11194739102425817	-0.02355718417916218	0.09074400841713702	0.1230212779110708	0.008793141871962415	-0.12510157020170587	0.09014233104244716	0.04446432765088994	0.07428522670543232	0.1606947715075798	0.06819074810648194	0.034450749441359015	0.11931833061736975	-0.09730113188363515	-0.0018767598842299078	-0.06695107791088065	0.12637189518282532	-0.07765112920137605	-0.04730015003760186	0.09949361332193851	0.1123343409984145	0.0029662268911794334	-0.02715424293818282	0.08325466574421339	-0.1705720461468077	0.013171931950760737	0.14867405330825434	-0.0033929301152093054	0.08989658840333466	0.10720046398123755	-0.24718646610830264	0.059989091881260184	0.150883604136532	0.019113887442251048	-0.22275927540347115	-0.04495927190662789	-0.031827460878681324	-1.2977720747469617e-5	0.001533933193206952
3.33105886228316e-5	0.16988241615540972	0.005256598612254639	-0.0645394846290322	0.016567503081517814	-0.0003725467834466531	-0.04584797946602885	-0.12208815877496378	0.11030796265064712	-0.17259559408607753	0.07092937022567797	-0.04281462279599284	-0.014727228551576403	0.04592383313176156	-0.0506898702224834	-0.053788919264350116	-0.04888818392202479	0.13888715901935222	-0.13928929393982067	0.05508559280373375	0.059396361368660715	-0.13036714855826972	-0.14707386403037698	0.0912353407794821	0.11666924634500776	-0.10180593939947694	-0.06542178682924762	-0.12705738565642388	0.1837231569877902	-0.06043901339166569	0.08883019047188835	-0.11351996407551833	0.14813481507614013	0.02284308184007971	-0.1312219399375061	0.0764485864601041	-0.00021151726521256796	-0.10207601069538935	-0.14443685672015089	-0.004717111930277195	-0.08387337111520335	-0.12209605506928778	0.06873653345234025	0.023454558409937775	-0.0724347364519288	-0.14969464657548398	-0.0046867808356518235	0.14054112322483653	-0.1252628058837001	0.028157630507948103	-0.10151740536976227	-0.11822871392267505	-0.08216477693703608	-0.01937372912381701	0.07851944321615896	0.16889142981532088	0.013617896959213041	0.11910241279119736	-0.14685074295591308	0.044939003130331945	0.10235907444590144	-0.1527898835643761	-0.12330302141479328	-0.0021550574852744007	-0.10397451864948916	-0.12323185188109	-0.05470045196808351	-0.06126810049968201	-0.12207432459938891	0.06883419923251383	-0.05857635550167455	-0.07791095264922217	0.106304624587185	-0.04543678597610893	0.1295410571378078	0.11515534968425357	-0.049029138796747994	-0.01622885276429858	0.06311559199911183	0.12720274188828426	-0.02240802646665164	-0.10561199955092468	0.08177895718519387	-0.009490518434546626	-0.07284158045908977	0.20175075341585666	-0.04828446516465138	-0.1361195376986366	-0.018678854328288134	-0.04042177486946831	-0.08485575135282045	0.23323077961602634	-0.058081859213859166	-0.16519693227673768	-0.02132661713056597	0.25276715656147103	0.044759976622331256	0.028391075877700844	1.5598415302970428e-5	-0.0019530662489860378
4.4855016573904226e-5	0.16030054189442627	0.036370362062011156	-0.0557171172684897	0.011004573460005556	-0.0008987022253752543	-0.06792426286411328	-0.17791943911880362	0.11403180514041461	-0.20281979100370026	0.0758084084466569	-0.021020018246626426	0.061963697986267975	0.13000319239411892	-0.07130147005463842	-0.058509066410640076	-0.0029408849334602105	0.1574955103150569	-0.09771235663948494	-0.035154163960534515	0.07947076303119964	-0.10732282766111914	-0.05810611075833025	0.14469146922165765	0.08785639670116682	0.014841507775834742	-0.1161629049609705	-0.12778025214600464	0.10658820707160559	0.055264330037217105	0.13721268896556554	-0.062252534797940295	-0.017374726700297882	0.12641320518084576	-0.09755646723855833	-0.01172553147741022	0.14995389391682193	-0.135795621573488	-0.07686493007729053	0.11395172278529911	-0.14476704599544307	-0.04770283090667997	-0.08929208021064267	0.18492568389290154	-0.04140242152420153	0.0815585662926781	-0.0952682156061131	0.08165351344502109	0.05418423598741862	-0.10144892459034104	-0.13604198714761365	0.01008379099525455	0.14850841147992647	-0.13620294383579623	0.03216313114535814	-0.08862461788485382	-0.07812810683150187	0.06526327960516821	0.007633780120928105	-0.13619724423162088	0.08688224026490547	-0.02314397161064351	0.10658545850977527	-0.0891871002478345	-0.04496706067837141	0.09226709432388873	0.17417131904995456	-0.0324292395228949	0.07449168737482274	-0.1449062532394718	-0.09720507157537349	0.019424878179684364	-0.15895094242203978	-0.06399756396295131	-0.06637729328866919	-0.1492849724409001	0.1333298684513087	-0.10376669649210797	-0.013510090698929176	-0.1402160486123306	-0.06559336112563073	0.05192353049259925	-0.132421183481319	0.04227885316139209	0.037564965879756086	-0.16910507894780716	0.0690712490207959	0.08739970850258748	0.03606634421229803	-0.018756577866698307	0.044043132938571296	-0.175453220340715	0.045651359510930196	0.1566213937200882	0.02075626449887418	-0.2516284630910484	-0.03975303179975014	-0.022780497230242246	-1.7075327227950013e-5	0.002272546757510717
6.0668279717146305e-5	0.15963165678578906	0.06889831218055396	-0.048422558078532525	0.0057341535234789204	-0.001439160993999523	-0.08894845756921721	-0.23048381316189392	0.11087897541576465	-0.21889139487863057	0.07473423442874372	0.003085056773088743	0.130575339435308	0.19498866001814605	-0.07809643369363424	-0.05042558374452657	0.043687395636855315	0.13236701763095735	-0.024038930925589466	-0.11282702670827895	0.06833798241634072	-0.03852985428952157	0.057216648830126934	0.12457094347548885	0.011197720878101858	0.12284735965015053	-0.09270396194550304	-0.041924377299539725	-0.04742803631800654	0.12739019970029997	0.07129381292450837	0.043534779863562176	-0.16677562462104564	0.10129173750786322	0.04002138502376041	-0.08702812070474736	0.1257398575556596	-0.001729264725077511	0.08886234673499258	0.07947404169813954	-0.006402854607070645	0.09519013786848544	-0.11237680600239976	0.058121320047466736	0.05750324477666123	0.1739624036800447	-0.01828985650350055	-0.1262521255263127	0.1315929391088126	-0.034653411731965886	0.10118481266597595	0.11757309855707819	0.06233923239982562	0.04468953529874148	-0.08698240980136664	-0.14088527622750974	0.015293496942932975	-0.14795275726375504	0.14322763954887613	0.029986177451954216	-0.1565789429628032	0.16824391286570403	0.04230984307075125	0.07430436851325589	0.14162216062122313	0.03958213932819959	-0.11661181044559224	0.0946215096494903	0.04304032042332453	0.0923711492455179	0.1723452844314808	0.054385813930898974	0.0936057920301373	0.12889309202423377	-0.039928570085092645	0.09372395185955118	-0.1430173297476079	0.1697437607636305	-0.04243332850083931	0.09162880332258329	0.12731699036791702	0.020363044343428227	0.1392992682224954	-0.06154542334900546	0.007283772471377235	0.09759385230722067	-0.07534112535882906	-0.023020819243471928	-0.04752962102657861	0.07505513237069181	0.00254428764567327	0.09989018646200182	-0.02889958995806401	-0.13989634549076027	-0.01927312989961836	0.24125486806587879	0.03391573711240366	0.017396394848439477	1.8777548153977544e-5	-0.002672698613897653
7.549025768369125e-5	0.15003819397637388	0.09642244546721258	-0.037056230541135673	-2.325843793417245e-5	-0.0018420452929853452	-0.09867635808569988	-0.25311507587780724	0.08867559433478425	-0.1952805695703223	0.05945765866248141	0.026507017906515627	0.16760126958488938	0.2095926572269293	-0.0610495888330488	-0.025684482980938946	0.07532802713120003	0.05571979630705514	0.06021134500281653	-0.13758530149026585	0.022749420249559938	0.050983721939631445	0.14020765794421378	0.027214407231467303	-0.07280778322514411	0.14562568850095586	0.0003077707561368824	0.07701271125680301	-0.16194612865899732	0.08486016389541083	-0.06196438028334422	0.10634043064503279	-0.14295671539878527	-0.038242027452367	0.13050766757938725	-0.0570924541744237	-0.058716569103645165	0.13466656079263659	0.13120479765146528	-0.07067561901596153	0.14148822444663492	0.09077854032777634	0.046900498129228384	-0.16576780172616304	0.0557284290302749	-0.04919442467438675	0.09289658165478848	-0.08966881213124002	-0.05348455018964674	0.10309423368773606	0.1250063385895865	-0.030838477771055396	-0.16378195023708944	0.1229132890302	0.0004235574994953256	0.14885558056347623	0.07076336763010872	0.016638922821874513	-0.09158288642389363	0.11635744026294324	0.028292633399904586	-0.10795902086028716	-0.1434541977561459	0.020791799585203795	-0.08939500439647594	-0.1325661854234657	-0.04647044139158892	-0.07543995269879501	-0.12495588448569099	0.03184495186914203	-0.12372611027262298	-0.09135512089126162	0.03078633004782968	-0.11845878945888343	0.12473514964527797	0.007695495002572871	0.08861801090470134	-0.1662842096018788	0.08320192363453631	-0.013004086385806423	-0.1522323775779537	-0.0876265946605842	-0.11567318961868342	0.06799120211982136	-0.051088701591690995	-0.014535153019885418	0.07417755374974155	-0.04291558927223493	0.05648572437519868	-0.12819939602717423	-0.04908182005996437	-0.02534006928670143	0.012634806880846531	0.1314917547920783	0.019091564540066587	-0.24892919114807227	-0.031151932185566066	-0.014125097346640775	-2.2821405598374305e-5	0.003465756598584333
8.021514382651224e-5	0.1144398921770523	0.10562243215507182	-0.01822298371408212	-0.005775964229717198	-0.001852559822190456	-0.08428653845571585	-0.2131547977725734	0.04082474285643437	-0.11333897849192408	0.025900652692589163	0.04094731919653866	0.14440628776642028	0.14543263835789622	-0.0181970265976122	0.01055696713407223	0.07228161683108528	-0.04915648717550164	0.11089966542602155	-0.08166317961830491	-0.03698042701015693	0.10709303855599392	0.12750833367138267	-0.09021086032638026	-0.10049541375089077	0.05027511132647068	0.09305245635610367	0.12613909865486847	-0.12258043766985499	-0.04401095090823955	-0.12941971320337187	0.0516708514887893	0.04612787335196477	-0.13009002924438504	0.05210732978401712	0.04858539669190011	-0.16145067051096743	0.07384316003886682	-0.024035110863043923	-0.10966081158494823	0.06224448129386944	-0.06476946157139857	0.12456216534887786	-0.09329802628820295	-0.05016270980639524	-0.1773384629826717	0.019428324027921298	0.13108775815981788	-0.12559747629935916	0.01765388015661605	-0.12949605094968877	-0.10850843774706234	-0.0029812157917365046	-0.09567291991440854	0.08677399853309219	0.059769116093442494	-0.0576789374887432	0.1367883044915817	-0.07879561806356117	-0.12063395147496939	0.132445757115032	-0.07144162073107958	0.09953949996401021	-0.09588394795735607	-0.04631364939081958	0.11095036416251956	0.17295759257995685	0.0002382890217303922	0.11814036254014718	-0.1350880784020791	0.0007876763546794339	0.07716612189793222	-0.1393730416305739	0.05270158110614386	-0.15702455448075406	-0.10625315386744803	-0.004913526399331763	0.11432735019935238	-0.10398528802131575	-0.06835672636789747	0.15101054241213488	0.14356358301838537	0.08029832433301207	-0.06825657039166297	0.09357084284449035	-0.06853673805555677	-0.07440483063710888	0.11098735550751972	-0.06909444540824314	0.19100833342095178	0.10041986030373971	-0.045977809386586514	0.0019335622606725018	-0.14634674302464967	-0.02244092649669541	0.3044533448472128	0.03486883473598749	0.014227789459069192	3.2390740803300003e-5	-0.005175234844400056
0.00010691578763798621	0.10566542266088004	0.1378136259781083	-0.003147523646487717	-0.012714887427995604	-0.0022237790833365754	-0.0836608318682359	-0.2073907023386121	-0.0021889594946673035	-0.04375263167722115	-0.005059531186490012	0.05820778352116334	0.1282010308717074	0.08591455306431663	0.024928256934776977	0.0463757060583999	0.06542118700685673	-0.14917062482965843	0.144987555094944	-0.011148750185751835	-0.08880027168968198	0.1366988820590013	0.07977274398309163	-0.17789210803902503	-0.09142175346837718	-0.06535986449384264	0.14299598287301868	0.11235120711377454	-0.016714602307869024	-0.14604694050450315	-0.11220442842596495	-0.03901306349210083	0.20069312045287094	-0.1127622195941717	-0.07247888838583366	0.10961595853583965	-0.10530173084435916	-0.06501670063086482	-0.15287979875336605	-0.020872620277662065	-0.09154405556109102	-0.1388907510550952	0.036248084239707525	0.10793063083747698	-0.08278787711406643	-0.03527909463677909	-0.08473728785282524	0.13604583712607604	0.01635584022149471	-0.09880750706418374	-0.1484756024119767	0.01849305736749332	0.163646922642442	-0.12223614563626851	-0.007741707254613754	-0.15705698833435133	-0.059731662749027664	-0.05265122379950013	0.11489252170867197	-0.07156219313843858	-0.08726688825634157	0.14288996976771082	0.08561189509415833	0.039631885002275866	0.11988960254393491	0.051815026890136964	-0.092724829239259	0.07523747674120887	0.02073400242902972	0.09428539442248315	0.12294504206510606	0.011697122494594378	0.11958264228823763	0.05915560619415772	0.05918091793920772	0.12197668947468417	-0.08241912879077297	0.01758627406579696	0.05739499002543865	0.10746511480233005	-0.0622921855029215	-0.12241077546197628	-0.004028921123141259	0.03448826148284365	-0.09548012678651895	0.12360305379666053	0.04569134240016719	-0.13933046223069243	0.05800036213896929	-0.19034024319729242	-0.12063702726477483	0.10441457537783745	-0.01597320139457931	0.12742142480924235	0.020791195086794587	-0.29437050394984116	-0.0316231878181647	-0.011928134831724013	-3.659631250019447e-5	0.006143141419974861
0.00014301383093199074	0.10199749394504293	0.17436092310493623	0.011864524781795716	-0.01989928997701453	-0.002614214570698958	-0.08113071769142863	-0.19630993810833766	-0.04505473382677144	0.02920500588269896	-0.03558558707233889	0.06864676642988189	0.0943474045749285	0.013153016926836526	0.06304166441364693	0.07170862704654409	0.042936151145479204	-0.20667464726012125	0.1303953502284304	0.0634322284352249	-0.10510339316354098	0.10703951420528716	-0.004725408706574398	-0.1738198993380404	-0.031895576772156216	-0.1424630517472336	0.10055939359997575	0.021621397457970756	0.1013289401545612	-0.13185843519045284	-0.0007040269867779007	-0.09524609960656844	0.16772969958484968	0.020180424143691318	-0.11933690574945224	0.04951984561520156	0.07406722734946046	-0.12307046117798277	-0.08538721027287033	0.09611936359982738	-0.11866511778918812	-0.012559018085871244	-0.10711009313813834	0.14012412033873028	0.0209080678889995	0.1670977961699196	-0.03924872553020222	-0.10826998487289333	0.12738928832318666	-0.023261777068751596	0.13021311495701882	0.10717155536345035	-0.02005570121211073	0.11928192222557442	-0.08468063613176184	-0.008995257904458131	0.08021721180967478	-0.1131302567083156	0.02343019001641602	0.1605224943635678	-0.0773510401616453	-0.025010370565350475	-0.16521785170744283	0.06353481596722375	-0.05493328669762961	-0.15830298980890922	-0.08108035271325503	-0.07816718507225186	-0.1402894976708959	0.029511577839692115	-0.14557703424631502	-0.09141739571207315	-0.011894283224816343	-0.13027402559690698	0.07669701570812312	-0.06530373403157738	0.12422842150260122	-0.14047282810453435	0.015703210586931107	-0.1001430191927843	-0.05092829431793701	0.05830300773753743	-0.0735427007509362	0.010059321303661706	0.07375417430858942	-0.15116070739343537	-0.007707142314347662	0.14372381094455694	-0.03780112244519254	0.16183278177757587	0.1259141810334591	-0.15302650740274792	0.02861704167298481	-0.1027928642826523	-0.01837838671694795	0.27562544090033986	0.027947041020218354	0.00983383450396092	4.1550984750195755e-5	-0.007373805510019592
0.00019907067723565875	0.10852836244261868	0.22542757961582016	0.02772856151189943	-0.028495938412377565	-0.0031622988534774268	-0.08094526340496053	-0.19033857337911347	-0.08720341983336682	0.10142112168307527	-0.06489672308978467	0.0745874159509092	0.05238004586144734	-0.060956487193715464	0.09173735364461662	0.08453250668058963	0.012414851782214492	-0.2159587381923787	0.07875907875189415	0.11815317220638055	-0.08479914318603222	0.03650363116691868	-0.08729002840592119	-0.08907469825525689	0.04358484207782744	-0.14293968580960575	-0.0016466555775852087	-0.08279844785443877	0.15078254249728584	-0.019548910673330536	0.11135159437463299	-0.07229182698789019	-0.013295746993837032	0.1334747127808213	-0.04438032209385095	-0.06273781256064703	0.17059212749022942	-0.03452413682586407	0.08735330456885376	0.08819743775240438	0.012277484467146797	0.1312495832251837	-0.0933511666227746	-0.03989801306134242	0.09125631115466938	0.0924163469549329	0.07352913370160055	-0.15979858577780914	0.004181227552998846	0.09628548871385047	0.154573964875233	-0.020703774063487255	-0.1618597818772493	0.10536021673832155	0.02626452974149091	0.15950027860623495	0.03360794891898866	0.09763995713833237	-0.12497279076543492	-0.009619436210680126	0.1321051714894983	-0.12729986485291306	0.03260158469567885	-0.08820913406219252	-0.07633639551806191	0.084676190236414	0.16887516231542102	0.0016875623244454229	0.12188269810705452	-0.12580645547139632	0.04097648037056929	0.09495900671208336	-0.10515134011451038	0.10494608865258732	-0.15932102060495865	-0.033502568748171625	-0.09100337752558452	0.1839971165508618	-0.08073759786222219	0.0443802533461053	0.14148542588082622	0.029275891369213144	0.12354456713132943	-0.05094317578218647	-0.029960669737116058	0.1372671165681182	-0.032239002290095214	-0.11598698762426785	0.009714766003109826	-0.1012946803278252	-0.10909265380270655	0.17933365079304187	-0.03728176816192038	0.06825279917280604	0.014341569634195759	-0.23453005739017255	-0.022446605407527125	-0.007400785615305253	-4.520951888001763e-5	0.008538911222820328
0.0002723524694083827	0.1201556034184509	0.28331118884163836	0.04411328415331512	-0.03760374405858262	-0.003733381568057066	-0.07880643923090241	-0.1792271997006765	-0.12333963039314363	0.16568359097988017	-0.08855064628265405	0.07168494672434796	0.0031302770745298535	-0.1255863234708282	0.10186351642337643	0.07812740566330743	-0.021088489160329783	-0.16340412323237444	0.0005713764891840625	0.12961559640667705	-0.03046241666687217	-0.04990820107587093	-0.1295083500057579	0.04173548687353877	0.09495263980485538	-0.058953055847432254	-0.1027866574677942	-0.13040179302512633	0.09017461121165175	0.10834443615942839	0.12968634286060357	0.014599407225280171	-0.1818793843118229	0.10973503026263136	0.07823158305900044	-0.10558373221131102	0.06726324404182321	0.09697780889981504	0.1477899933333371	-0.03902056080724919	0.12621520199963904	0.08545359744085096	0.06229281738362488	-0.15737941484253729	0.011214164112508147	-0.14039804546251228	0.05634686491788764	0.08168706466382232	-0.1269369494803452	0.028594762988941303	-0.13117117384946722	-0.10564652373642995	0.04306255253276612	-0.1397756555300247	0.0775427467179322	-0.04278675927783961	-0.0929443393072299	0.06912356222628466	0.036963839544915465	-0.15514748595499672	-0.006232486459542141	0.11111312010899717	0.14016247718555178	0.008585731415036095	0.11950394934988141	0.0808033780686149	-0.08648225160260535	0.0764169452035236	0.00992128466697042	0.11153294755307612	0.0972639607146093	-0.02440655361354159	0.14505048543211904	-0.007488417354625732	0.1397708877632398	0.11247003355678095	0.007638092140510793	-0.13332712101946398	0.10859378207753254	0.030496339019132186	-0.1765840500130764	-0.10662170211006565	-0.13378371868324043	0.07597450678594304	-0.021208323164535768	-0.09301169515620229	0.06568801755180154	0.0684716916097826	0.019883362703105898	0.02607973587997672	0.07891009874347449	-0.1890119174038568	0.042739694607875967	-0.030751221750703325	-0.009798016495823304	0.18685429911690926	0.016671314015489307	0.005105276734241918	4.985533144915153e-5	-0.010080933473301185
0.0003012657751252452	0.10745419223158002	0.2790943972172069	0.050322962201409846	-0.03800638747027334	-0.0034003795533475135	-0.05510876579599028	-0.11857031714729097	-0.12020662158521057	0.17562551683055214	-0.08239774297446555	0.04240273372787963	-0.04733549589952488	-0.13935992261055247	0.06596207100464896	0.03446260183269223	-0.04426617511453586	-0.0233008271316524	-0.0779514708118458	0.061292169560961784	0.043698201098823324	-0.10216538769664905	-0.07956272509180237	0.1405518670837128	0.0701048758916539	0.07457398124420034	-0.1117438213505422	-0.055996318014927174	-0.05874768660015667	0.1228438463377637	0.006520152257590984	0.08493690282911377	-0.13489798660270808	-0.0540376648531139	0.09732518325889822	-0.005277837764765804	-0.13164435834840926	0.08362835447295641	-0.018640238177432947	-0.1037261540119084	0.03385651425632336	-0.10510472035290372	0.10771951872820348	0.011089720529439785	-0.09010613044530567	-0.09795815422099753	-0.07448136994975732	0.15301182388681378	0.013748851907624166	-0.1018342422464568	-0.12104226072353863	0.054837607373642294	0.14499753068321314	-0.04330734094753044	-0.06668014171037796	-0.13493696934095975	0.024773093855913333	-0.14603604948007676	0.09788966103257489	0.13500971930315372	-0.12660724873153115	0.02442994917681931	-0.17528243535804544	0.07904778321840547	-0.05455688517847007	-0.17878642317221477	-0.06149337101184458	-0.10000376959288948	-0.13496942279575275	-0.027055944147308893	-0.17991601765535592	-0.05910185229056328	-0.11471099590205946	-0.09324818945010638	-0.06544807752942455	-0.15289136417342986	0.07803035373290713	0.04765897472314171	-0.1135315972090423	-0.09984553048835687	0.1865127069496478	0.17329418432535856	0.13433505072568785	-0.09631476198426371	0.07244651400206652	0.051383591733247726	-0.10228381848386339	-0.026359627849676884	-0.05134693251536233	0.046408765618166196	-0.05874604778703577	0.2283100909796787	-0.05518213694160272	-0.0004142270889705573	0.007352235765968358	-0.18054386245620757	-0.014850295713986935	-0.004178082245856952	-6.802554745841427e-5	0.014582477575813943
0.0003757580363483765	0.1067579533111605	0.3013929212777897	0.06073675599769397	-0.04155225893393762	-0.0033123321187638597	-0.03365031272998217	-0.06239067010371308	-0.11657079166527788	0.18316887861655795	-0.07439848580806091	0.010839434445262025	-0.09428587432946636	-0.1404865258819283	0.020980561919682884	-0.014809600365037857	-0.059678033388632576	0.12196547266791637	-0.13524365574220454	-0.02550212098812874	0.10315150320834546	-0.11660610546515848	0.0020047050235651423	0.17578464674864835	0.011013026957439548	0.168864910241017	-0.055594926223501824	0.0532073828484501	-0.16859273922164628	0.0473716679009743	-0.12171155420058453	0.08565468521341818	0.029580756467693824	-0.16583145268590802	0.0182148293174866	0.10052552278709306	-0.18485256569212977	-0.028357003084159303	-0.16231329354555732	-0.03484929069142138	-0.1032023061158793	-0.15063468536810506	-0.003600965672589258	0.1628937760166676	-0.04876723149142185	0.10575299326352514	-0.0784901988491282	-0.04632337105797777	0.12931478581926148	-0.04083034606487889	0.12408213197505892	0.1051587505283452	-0.05428186707066043	0.14539462653421736	-0.06373966134455389	0.07785510308904782	0.08516734083099613	-0.012762552782149692	-0.07792994809379754	0.08845259000555715	0.07813776886822099	-0.1260547861810668	-0.01680436377848733	-0.06809637122152397	-0.07688928178668317	0.07125126851316298	0.14351507269155492	0.02082433503310617	0.1257034971594742	-0.08295217403006265	0.10321272920101619	0.09266689154659416	-0.007217839448711152	0.12385586636409396	-0.055085955634532946	0.09287477368157815	-0.11565270615572446	0.06549401688467281	0.05883732278541579	0.1197264674280252	-0.11125392017514182	-0.16817010614637173	-0.08295058673237284	0.08044594086780354	-0.10115839774682515	0.004937786829695705	0.11164196750400215	-0.021954538248575153	0.0714946319368057	-0.10916733229900555	0.027582453891515552	-0.23165156139903292	0.05930421866396839	0.03153487516834545	-0.004170510177018091	0.15747490534789374	0.011885662085196973	0.0030579430231857194	8.32756386432996e-5	-0.018783277393841325
0.0003932637200539499	0.08564686843811627	0.26101849729868226	0.05782451292930116	-0.035946389546336444	-0.002459428333361538	-0.0033648303546081515	0.010334295403910294	-0.07713232623305868	0.13271979742242543	-0.04219316220133267	-0.024590777715081686	-0.10567023853875257	-0.08630361888503876	-0.033245087372476584	-0.057185581527135314	-0.04654087781030687	0.20325729237464407	-0.11472927457250161	-0.09688530644909212	0.09663788653528696	-0.05255940841606444	0.08216805150761189	0.07824122335384559	-0.05679473561348855	0.12315233122287882	0.04978805307461906	0.11322687571113046	-0.11521979796617723	-0.07714701828995224	-0.11851296297438368	-0.00978460054770077	0.15933293251481392	-0.06787322979377819	-0.08479298688909756	0.0711660377067854	0.022528543245406256	-0.09830581384663627	-0.058651387438973426	0.0894653678617448	-0.07273996964350551	0.057322704089592065	-0.10859062451054756	0.020560642936662977	0.0845556544649085	0.10332224232395266	0.07492474948453824	-0.14968433439386394	-0.030559924534767562	0.10929791532048784	0.09071876053794799	-0.08763073518934665	-0.12435277649649149	-0.019604265920824464	0.09918441121833482	0.09111731410807505	-0.07731098630886186	0.15482802115775834	-0.04166773461991155	-0.20550199826462637	0.05855793685059126	0.09085494436364676	0.1921996713474672	-0.007152108702300874	0.13790904725390407	0.09660298543117551	-0.11508930673667486	0.07344596818594487	-0.029426210067206096	0.13981346005155995	0.033640003247198076	-0.07599815554790047	0.1255703330120372	-0.09883760547208716	0.15341344036870952	1.7098428193679523e-5	0.11710042022506885	-0.16071808348505956	0.008936340229039148	-0.11656021444323507	0.018885519888038747	0.1443193879876657	0.024626084288902735	-0.0587048811116182	0.1290622365220392	-0.06134309042928564	-0.12509227778229093	0.0717541752720459	-0.09754553628505307	0.182110326002247	0.00038956605576763025	0.26868872340915884	-0.07245057544940188	-0.0687983304039893	0.0018347769666727032	-0.16749563420958632	-0.01160646967831098	-0.002722988594583416	-0.0001201792505643048	0.028287075033800693
0.0004986602657852193	0.08028821356993703	0.2642874657464133	0.06391797952684539	-0.035908688129886124	-0.00196126463600899	0.026540991054075137	0.08419561543331139	-0.04294012471138521	0.09004041443068478	-0.012088702067912816	-0.060473549865638354	-0.11683627509355038	-0.03051967520118505	-0.08529463135819101	-0.09438567964950603	-0.028599055210430813	0.254186356369235	-0.07125090573524409	-0.14606642377283527	0.06457646771323881	0.027147371367898042	0.13560660154687126	-0.049048412372436075	-0.10096055397324986	0.021536313924647513	0.12975734873024725	0.1110578243371575	0.0064751891329976954	-0.15073272093286808	-0.031798039773669684	-0.09791024456716395	0.16180844759055202	0.0904719447965189	-0.10836420269449423	-0.027182795994059657	0.20660239136423447	-0.05940493385335736	0.11238123046888994	0.10502249298761411	0.048507828988934486	0.19032223994896216	-0.06340569119727525	-0.15118553494996295	0.09011192172261888	-0.061751011345328455	0.10617487035780185	0.0009216015105946072	-0.13680647112884778	0.061853946118793336	-0.11221919789788648	-0.11070617185854091	0.054925581383241016	-0.14426645977728592	0.05036910119732977	-0.09495668087910539	-0.0664789673467669	-0.03581313392678659	0.09235920611510703	-0.0017715763910537243	-0.10716729881777944	0.07704642341243054	-0.10458285586166932	0.07296441464797841	-0.020875246146696974	-0.14643569918699972	-0.04508338583166056	-0.08693868903595703	-0.09825895907914196	-0.054646501542473414	-0.13826830017925115	-0.0103790012665247	-0.13459689852677825	-0.007649217437489676	-0.1323432410072864	-0.0928965036837034	-0.037990618478249895	0.1516525728548957	-0.07137102234325755	0.04722887691252223	0.08347213817111986	-0.05025672713329497	0.044997192406224545	0.010655544520515108	-0.10751762721125152	0.09577824036736358	0.09619957607721842	-0.09949031354363584	0.09505656432605296	-0.2037243138098639	-0.02826051767040955	-0.24401076532529292	0.06944195022268818	0.09365370028914832	0.00081708370448314	0.14987592941062214	0.00959548773530431	0.0020656878713483304	0.00014324707389058434	-0.03516517984651101
0.0005917056046434403	0.06976408262573974	0.24613449047710034	0.06409790783893214	-0.032518635266817225	-0.0012590845568040156	0.05285243101977132	0.1464126713813536	-0.001008254727254486	0.03027878372033337	0.020414979997118523	-0.08245611179042366	-0.09875517743096761	0.0334072502043434	-0.11058587399817203	-0.0996107448636735	-0.0006048048932298748	0.20404061235758061	0.004177632319607014	-0.12551281024805372	-0.0005885271979643517	0.09202599053399156	0.1112740509845366	-0.1455137886675463	-0.0780350884780192	-0.09520243822488535	0.11128012478679492	0.02032037512631879	0.12272304583773917	-0.08738280423915656	0.08521919946949123	-0.08854428883102847	-0.005140676554756259	0.14586350863565126	-0.0035141375616371635	-0.09243185626693873	0.12564142363865374	0.06002025846937717	0.12642589530665949	-0.03316260386034426	0.09717133109375693	0.027198159497579304	0.08520674517490938	-0.06911984802269701	-0.06286530507994982	-0.11428994208669338	-0.06205210732902809	0.14973507509642084	0.03098570774505341	-0.11275606695185893	-0.07753371984503374	0.10810641319731286	0.11043264605871152	0.0637219133787309	-0.11847903764613092	-0.049721220172897464	0.10988498452516134	-0.134701064486217	-0.013244708067916028	0.2066890625067763	0.021174532637037037	-0.15154232802520237	-0.10018474865352268	-0.060624840734196744	-0.11792798159873069	0.05371946309012981	0.1648398693925075	0.026397590658011415	0.14546177784278694	-0.07246609059056439	0.14477305601813745	0.08981282787925661	0.05985367488041839	0.10973003622870345	0.04112923536328726	0.1411054039666355	-0.05782273304099905	-0.08182929207888126	0.10888391834399858	0.037186776630649544	-0.16240102679815727	-0.05577930768329462	-0.10514614867556328	0.03952367499291598	0.07147138673278775	-0.1196880922816363	-0.05862635057029056	0.12133387567104097	-0.088354651717258	0.21849378236176414	0.0558155573118639	0.2238640023028286	-0.06818884055208535	-0.12486864572861782	-0.0035310118448637112	-0.14473157676978735	-0.008534945532714385	-0.0016766788568236236	-0.000185385868812736	0.04750924136972319
0.0007941500794737601	0.06937806079137693	0.2596346802889206	0.0717861982827638	-0.032910463645643095	-0.0006899062235921334	0.0830870545931268	0.21907721390983112	0.04089395916603288	-0.02887911827473383	0.05314707393980161	-0.10277310389583723	-0.07665778174221827	0.09542480663512094	-0.12436959870857246	-0.0919747282879177	0.027475230064999516	0.11553849582756566	0.07860871401133795	-0.07135171387629342	-0.06557521635669437	0.12593296342771668	0.04645458070250688	-0.18103958386039312	-0.01961355952495402	-0.16505014048507136	0.03170560513329195	-0.08236223355355726	0.16146215306365436	0.03703107982865514	0.1388925644753399	-0.009576533235978417	-0.167784933263437	0.06584922361130748	0.10476373316914236	-0.06450802925332295	-0.09015401723509431	0.1106706973774614	-0.009630693208770016	-0.12975378730456635	0.020805907087147985	-0.17254144237499383	0.11269390445361772	0.11449353644990354	-0.11842401026224755	0.01749014850168067	-0.12670769981389976	0.038715317819857285	0.14320639115301656	-0.0791899905392451	0.10507346283637892	0.11337655149755381	-0.059760282328600235	0.13813959009332155	-0.029823867614887065	0.10620812481081286	0.035674583020222354	0.08327407765627866	-0.08726136520537381	-0.09338898468565604	0.09585282640329304	0.010547525834835205	0.17172381086785757	-0.029360142591663987	0.10902746785054362	0.10255303257651209	-0.10226147578923896	0.062157161990034134	-0.043022152062229535	0.12876207409484222	-0.0181854818358791	-0.09033394194438976	0.06468971509718943	-0.1255999448817998	0.08050686600195474	-0.09187824204591528	0.11608992159641243	-0.037933953423156655	-0.08554780943642323	-0.10192898440196788	0.1616991246308322	0.13683174788057295	0.12111162582810524	-0.07351630913948462	-0.010800870687640534	0.10535174195623473	0.003471604639777263	-0.11055267593249654	0.0592126971359619	-0.18011386718791003	-0.07104456141619994	-0.16093975900363966	0.054363329569906936	0.13838329370789518	0.005772863583070428	0.12129044664572518	0.00653038829451753	0.0011539103047970248	0.00021333835304781514	-0.0572773546258889
0.000945184026591424	0.061755600188491945	0.24171304394512502	0.06996386828022748	-0.028914490374460103	-2.1387857854024057e-5	0.09874859845898504	0.25268732539821753	0.07379087229088942	-0.08140391080113465	0.07320699881223847	-0.09535946755179052	-0.03230712570300394	0.12816806981926018	-0.09416580062637486	-0.04950441299562436	0.04479973298284864	-0.023524228878590726	0.11464844074328856	0.01972573865718315	-0.0943254505141565	0.0860208577751462	-0.04686352186762189	-0.0955561010268799	0.05262567171871811	-0.11240344649615334	-0.07319106602876808	-0.11606928811975106	0.057920997421284356	0.12632342115356798	0.05465540193386537	0.07930956080101709	-0.14804076912402994	-0.09173080363448773	0.08470003010304536	0.04454376417016743	-0.18669433197624546	0.006882023997039388	-0.13184902530386391	-0.03121268741753737	-0.0875238327257686	-0.09692659237014675	-0.048149604019075434	0.10131791878516547	0.039093249432909545	0.11669735440594119	0.05175428747464198	-0.14915088660133075	-0.03715504786654041	0.12034849449666905	0.060988706729210564	-0.13360739830570725	-0.09289874288555057	-0.11148705288476776	0.13109550273637893	-0.0008248092778264849	-0.12879098993642749	0.08457281182995637	0.06861385531881393	-0.14038019799426618	-0.09632005732849226	0.14281276626687658	-0.05776608053757964	0.08907105886470387	0.009213066092185014	-0.16309331019198456	-0.04790479541683116	-0.10026542313872243	-0.09293673514928451	-0.09136902663234994	-0.12058077622912727	0.03403402310028327	-0.15155732517587392	0.07414333247927332	-0.1626908585036982	0.00214238701234448	-0.12795505264422077	0.1440155541093689	0.03575872817501866	0.13819021501025058	-0.12207463234391713	-0.19075367541178528	-0.11641717548633775	0.09575242200335267	-0.05089474541016453	-0.08364871176133526	0.05185764765848919	0.09764224509375097	-0.029813013577274138	0.14288141967779117	0.08831888127993158	0.10743651244403543	-0.044084922021044026	-0.16682576035692412	-0.008683963109095126	-0.1127929814149026	-0.005433675543817851	-0.0008271309250847206	-0.00027821995568836575	0.07823771377187866
0.0011628999570531726	0.056046409628107	0.22723884511470824	0.06833746399000498	-0.024975198698549868	0.0006473166867302612	0.11044937907701954	0.2754363957449783	0.10042107480636421	-0.12624420897210062	0.08571561232047625	-0.07511635491780085	0.017051387264448783	0.138931418649215	-0.04339636696554338	0.005017849272119487	0.050647569757568144	-0.15547504792899952	0.11020583290366559	0.10326598743013596	-0.0837129187716808	0.00732265061120531	-0.11777208428803385	0.040870978739938335	0.09490975570603886	0.008458539154305337	-0.12953431536729088	-0.06827480325513302	-0.08882418893602101	0.11289606727431098	-0.07645662586234538	0.09678483375014511	0.012601374165213803	-0.1536682825614913	-0.027667354540125307	0.10360161327501752	-0.061533725135088216	-0.1055793593343927	-0.08245197297990897	0.1100454739468807	-0.07323059083555665	0.12025812808312517	-0.13504089578552098	-0.07229386550340104	0.13156022306427365	0.01436001957144542	0.1379155045899508	-0.061143894830258186	-0.14663229777623912	0.08393288195558828	-0.10642592645952079	-0.1014003617784869	0.07444926515591103	-0.11467282584651287	-0.0078984369494201	-0.10592717072151016	0.01515555609894091	-0.12274262958506023	0.053006926587739485	0.17407152207148396	-0.0333717385390936	-0.1094246533235448	-0.1264057435372029	-0.044888261819319715	-0.1169677260484705	0.04932343315593905	0.15055934070724064	0.04343420560166604	0.1439140783609325	-0.024866290383204235	0.16228211207338358	0.0482779849899122	0.12965325570087385	0.02708756457804507	0.1431390091370736	0.08882787099787322	0.07136504495563785	-0.17867179107904257	0.029925262532955754	-0.11714319607324289	0.03655060226680586	0.1810473888572054	0.07611401994319462	-0.08972213915149886	0.10087465749814192	0.04478009933409472	-0.09756458272708109	-0.06964163252069892	-0.003749709780012264	-0.08722942027688474	-0.09618754493818643	-0.04568769238959134	0.030718909881956805	0.19069507196109275	0.011426977619151986	0.10293296296265216	0.004357245119925836	0.0005289389218404182	0.00035362256378798906	-0.10390161729408279
0.0013197799717346401	0.04518757080168138	0.18808635837157192	0.05850627279981189	-0.018016334050928215	0.0012308550280950685	0.10414992142867648	0.25250563016840183	0.1061849367976288	-0.14365634300622757	0.07885135676819593	-0.03553820063908628	0.06167181432640484	0.10879945946179374	0.022182568056280633	0.05770199732626127	0.037297937044248865	-0.22132009016882276	0.053309335213436074	0.13466072006321064	-0.027881080310295993	-0.07557696397851298	-0.11789368117316816	0.1504870724237961	0.07150918347248647	0.1231479719787597	-0.08403221239667398	0.03584934625793597	-0.15840102700498246	-0.0062033193950291644	-0.13260240031575615	0.015223148987933888	0.1597018996278248	-0.036504314725031795	-0.1064843447088925	0.03365278532680521	0.14425887158865341	-0.07201807437913525	0.08439531229222225	0.08717705773324562	0.05265780239657184	0.14701990841589355	0.0020665462028795147	-0.12254660034256375	-0.011049956891852853	-0.11454239694472539	-0.03883231949019429	0.14746870159909164	0.041650426688343144	-0.12735299011553272	-0.04555281603570998	0.15515501103843746	0.07197988505595658	0.1497134542270316	-0.1278523261204607	0.04992124109768782	0.1209474633807307	-0.012210569113612051	-0.10158936824234951	0.018946827098036557	0.12206786145688538	-0.0536078037320426	0.172463260746507	-0.04613770927650757	0.10596630560096425	0.11110209322836231	-0.12238811736155425	0.04918759503623794	-0.08097783000640586	0.12269965419725798	-0.0932883465816693	-0.09962287842908663	-0.030627522102880434	-0.11346196225829716	-0.0516642336798948	-0.13953086022655994	0.014636671272021225	0.14666688335366337	-0.08598405740150544	0.06190882866146116	0.05822557419869671	-0.13319459613961948	-0.02188135943283031	0.06822916498505888	-0.1400275324872674	-0.0022239719634513364	0.1371552583301037	0.03943460271331367	0.03724953114211052	0.031049527881724936	0.10563047438373659	-0.01395424688756372	-0.01897564022563824	-0.23276630745471885	-0.015352768678835916	-0.10447617256677925	-0.0038324240080100836	-0.0003140152724478232	-0.00048584475118163044	0.14857762696240848
0.0013734940559003382	0.029008486381771552	0.12364458432944786	0.0401379714634994	-0.008413429572630879	0.0016206283186704664	0.07818406233201888	0.18116943902896684	0.0871393757252855	-0.12614306055840926	0.05212693823803104	0.014106372474329056	0.08756090430313736	0.0438287005111429	0.07961791892269655	0.08775714058022567	0.008846542869864374	-0.18734073560407224	-0.03033874561247722	0.09457509234842718	0.043732181570048566	-0.11315986997107362	-0.04410707777227687	0.1574941777588869	-0.0032299717942798458	0.14478713599897275	0.029712225185699888	0.10946934790101807	-0.08626734137128068	-0.11933593968857556	-0.05530215534460886	-0.08230951365935567	0.13105536485861677	0.12414950600608166	-0.053421562573556756	-0.07907121872251294	0.15728904854495204	0.0630106148540231	0.12884209275196537	-0.0679649599845617	0.09694017987146057	-0.06281844796032415	0.13569267937782672	0.0394772052003521	-0.13362992740624893	-0.028587491653331746	-0.14054987948752573	0.06138822669531676	0.14427852553710385	-0.07001210492141723	0.11421062416029096	0.06441832404733043	-0.09653531780458492	0.060894714169215006	0.06370150149868194	0.08149834108688286	-0.08087717290854382	0.13025700856865308	0.012818235007320539	-0.1877788173537735	-0.06396520459735536	0.15451274075490287	-0.03454184101911457	0.0902095381469236	0.009881805006878606	-0.1693073186798703	-0.008965655647715199	-0.10254966252346481	-0.043961833871563695	-0.132903248901692	-0.03692684520545828	0.08964208096665213	-0.08582450812780129	0.14054035365127435	-0.06443443952932115	0.13058958488612823	-0.09498460158928752	-0.06373371096425812	0.11660996467484029	0.009792501456742805	-0.13976838986812826	0.060721588510927814	-0.0357900296571759	-0.03674166291837432	0.16777145123055645	-0.040457792287418214	-0.1716939193082265	-0.008997772499297164	-0.0710875746030999	0.024515481743145082	-0.11953330140026915	0.0746004720457151	0.008725385116973733	0.3030733719551471	0.02126463149193299	0.12029481001981895	0.0038918595887441295	0.000156644448395619	0.0007086933421555836	-0.2242821242797872
0.0018252033933173098	0.020087341809733393	0.08807156691088602	0.03068108787740967	-0.0006714038140439234	0.002351567150726562	0.06622172609075154	0.14176202689237846	0.07979610723922312	-0.12437491431004802	0.031452847624662626	0.06494549021669667	0.11907240570939626	-0.019050274658080655	0.13711864498369228	0.11568568944412945	-0.01993180059938714	-0.13779274139624342	-0.10992506032794112	0.039085007379423296	0.10668258990748324	-0.12452673757393593	0.041101848750736254	0.1150625421431384	-0.07683866136944988	0.110298154516092	0.13025968597690124	0.13021994488307773	0.031302822362072845	-0.16159145978087877	0.05730434188939203	-0.12377400890251464	0.006406588591025074	0.18257558289941195	0.04614748276491533	-0.12038312886592939	0.018018086158092795	0.132446619801977	0.0338319949750995	-0.14499071656368243	0.026658201761249344	-0.19467591193872996	0.09065701581894138	0.14764331488844715	-0.06314696264607056	0.10047309437333196	-0.022416119935281673	-0.12477996086371916	0.0032815037127886647	0.10924583678582131	0.06805728970783918	-0.14680755091621814	-0.07787829350254434	-0.14918180955068078	0.12348702162866708	-0.059815947124572694	-0.10675737770929597	-0.02002310055412149	0.09800006045142619	0.047813003853782454	-0.09459718850890023	-0.019497691985411923	-0.15293707784321778	-0.009284048426426115	-0.11231663289240128	0.009445585216620705	0.12946189389937152	0.03632848708308846	0.119065425124722	-0.0007102280373870982	0.12932164832189194	0.008503126884530273	0.12186647804523391	-0.04246131847503699	0.12611490966855654	-0.017777303652594716	0.10369392148870582	-0.06478022772060044	-0.0698390889117696	-0.07528612201547613	0.1381189692360377	0.04531718638185474	0.07466840242447204	-0.013646565562002949	-0.12011652827525729	0.06596807153894339	0.1367357285524176	-0.024802109024403978	0.07941530217695912	-0.0715458135987981	0.09450224343465273	-0.11316737560583867	0.0040487478933904555	-0.2986328405595304	-0.022103283870526895	-0.10828933317557858	-0.003112651805883071	2.9651894090569405e-5	-0.0008029822489317758	0.26430319712758854
0.002691880935513907	0.014938331133590648	0.06756475998689897	0.026121080104407314	0.006964026107690483	0.003430774037260046	0.06198718244942158	0.11849041613383529	0.07818858386289824	-0.13036847425723566	0.012466364716720614	0.1172307653380452	0.150797937296078	-0.08164944682731391	0.1861738435335057	0.13359045750679002	-0.04672948482170392	-0.06819352079408578	-0.1679336961762433	-0.02521072092662708	0.14184189389956192	-0.09927196885799001	0.11310138137447143	0.029330302674781573	-0.11875859587970038	0.02616687332505333	0.16482100476607017	0.07995187008349579	0.13043224908003995	-0.09778752964130599	0.12974975113365936	-0.07320003759688554	-0.12333507903165021	0.07926918871834353	0.10266248466989279	-0.0454590688664606	-0.1398241576028378	0.05574204672603087	-0.09990896941407927	-0.046320382040282645	-0.07679240707684512	-0.07271818254086489	-0.07940182725060044	0.04516859297138427	0.10250934690852939	0.071764291134483	0.13218052322008328	-0.09971818205865815	-0.1434613950892239	0.09144777000450678	-0.10504809487310676	-0.0742791109997733	0.09663756543665225	-0.05288612717157211	-0.07987107174125861	-0.07050274254434057	0.10627115031623376	-0.12405232961304198	-0.0463763677748869	0.16779595973997496	0.11049535858640035	-0.14407075825153798	0.1305411632772925	-0.08392627154605267	0.06930616438340112	0.16199247725574065	-0.1012581916602354	0.06998796136982133	-0.06662525500561599	0.13359948218121043	-0.09733699687160428	-0.09881608818825918	-0.05133638218110324	-0.09078122767744651	-0.08915617322324842	-0.10806549985648026	-0.04066789764153713	0.15100814768183665	-0.018926702964181027	0.09775290727186284	-0.06287962354688784	-0.12913388655824193	-0.0789994323652725	0.057866434164068226	0.025976501773179946	-0.06759687630210526	-0.05496499272243535	0.05087983114645991	-0.06420086885291239	0.09813405778717357	-0.04458857053770967	0.12530362795546948	-0.015904450992435818	0.23917874774728462	0.019048197694818837	0.07799536710578496	0.0018569823659198943	-0.00021232349417084343	0.0008017244025974982	-0.2787696764932255
0.003972478760927357	0.011495252576744101	0.053644132606600316	0.023807938952311102	0.015192632998945974	0.004765615105274315	0.06042474643672495	0.09998624943613037	0.07644749128165905	-0.13490417751842912	-0.0067686120191102405	0.16349963350649524	0.17169756013868595	-0.13704093922223845	0.21006184734897596	0.13008936047310984	-0.06544483154084096	0.016347281937367685	-0.18061992369924332	-0.08197139423306263	0.1296130945500847	-0.03751739503192188	0.14042922792544582	-0.06959795192825731	-0.10296248238429491	-0.07166700555431106	0.10375942481677054	-0.01980345980260376	0.14312473126823394	0.03739459600566149	0.10171347721159023	0.03719221564837466	-0.14595601117117238	-0.10009018600192118	0.05584209592555577	0.07670326612407764	-0.14325990889934734	-0.08656983332151512	-0.11192201734900072	0.11188846091601783	-0.07904545072972788	0.14939950324716056	-0.1341162380675325	-0.12507146391851956	0.10612293222312456	-0.07491448350496799	0.062040533910472574	0.10148658434872737	-0.028447884778321116	-0.09803190484794655	-0.07446956679423124	0.14728443682516146	0.07064002169205406	0.15591271732026388	-0.10715101035996014	0.07796421116236849	0.07365874335141219	0.06759274518158025	-0.07870665566195426	-0.13028908458388433	0.03211592853185171	0.10725666217809736	0.06138947316999566	0.07225973781446833	0.058352736855809696	-0.14681640275531538	-0.03579925778519864	-0.10420991367949568	-0.05228153984313862	-0.14008808978681994	-0.021101927633538	0.10538106901323674	-0.06030955114173983	0.15552551132961456	-0.010974102348556367	0.1626501159905607	-0.04749945246809037	-0.14977624295988723	0.09770447027513095	-0.07154631672570273	-0.041234843462749214	0.1591302716385489	0.05259268658096059	-0.08018849149129172	0.0763048656633548	0.04972889344493983	-0.04157865708239713	-0.06486023179305404	0.034678929807758586	-0.10390493373653382	-0.013784157771420481	-0.11739564516726567	0.02532272315121852	-0.15326437005672125	-0.014039284892519394	-0.040268667934416	-0.0004537120240187207	0.0003846645174665726	-0.0007640670156184881	0.2867970353434078
0.00533968807059607	0.007847960804560723	0.03787365149689888	0.02040091964345829	0.02271043725382539	0.005826665817705515	0.05349321584206577	0.07231049788041011	0.06448753970866586	-0.1201289012326323	-0.024975460590407852	0.1798015744090337	0.15761309444128643	-0.16225064095052238	0.1778329915967535	0.08857637380908384	-0.06420451538664526	0.09514906223537767	-0.12072474567001933	-0.10341499764130392	0.056977550795391504	0.042982300629137	0.0937601948485591	-0.12802897151127132	-0.023539878188305285	-0.12251418032467663	-0.031191877251758728	-0.10468784925104994	0.04208179684882117	0.14034651441274767	-0.018514885536123002	0.11228338310916848	-0.02254831585970935	-0.17021212594401905	-0.05455551621777823	0.10903825649925392	0.030409951822863837	-0.11556665812085379	0.027199007880330594	0.11151483652929013	0.03329924673042051	0.14602330931503366	0.023694037705094307	-0.09116501887598369	-0.07202275308955845	-0.08855886911313716	-0.1217693975683997	0.11003213760467241	0.14222506824014758	-0.0905324774421843	0.11032962291634571	0.05389737514180307	-0.1112504806036537	0.012468090790338301	0.11592664448691169	0.04014539020366668	-0.13893275349002365	0.08921315976135247	0.08950614588173346	-0.08656210515898861	-0.13289391697826752	0.06458270776128407	-0.1816943295494568	0.02016915548852601	-0.12244180763190254	-0.018116704361002635	0.1390962725777864	0.04483727234476663	0.125930518814032	0.03252356169081096	0.12358289728821618	-0.03654059351592858	0.1316115915953771	-0.12344290310613339	0.10477686488286968	-0.13144739940763708	0.11257032159337958	0.08156296833751712	-0.13781491153530154	0.019156691349341847	0.13185523340608718	-0.14380383047295178	-0.012663032948010338	0.08274756530149951	-0.16474083419628704	-0.024080127283377314	0.13243408900422202	0.0719784653673726	-0.002004952875260608	0.10134589343827817	0.07136084786210493	0.10620034831516445	-0.03420184084072189	0.07061966731644902	0.009442994105964225	0.0040184678343306145	-0.0009257479493160585	-0.000589051333466688	0.0007925486056161209	-0.32604654135117006
0.008004559675487787	0.005797369854978007	0.02917552302723598	0.02056963671528957	0.03418969637626838	0.0078419380796543	0.05364222624797774	0.05399828858268412	0.058173319265686224	-0.11473248917148914	-0.04491367753644914	0.2029242637614962	0.14628135650773158	-0.18761934937529876	0.13743711495978064	0.04077631915627681	-0.05759001157647027	0.16159576779499654	-0.03902343951607136	-0.10318002111960341	-0.029608097246135043	0.11151491078272907	0.018427322632151535	-0.14028573914820242	0.06522190844799802	-0.12014044849284988	-0.15083089440284844	-0.13411833661986236	-0.08309253115284743	0.15338185262501583	-0.12605738813096032	0.10563973686900226	0.11843079241047666	-0.0922204386245702	-0.11490942847745698	0.037799691590702955	0.17321265919868908	-0.018858778391888924	0.13560875350168713	-0.02224248071241377	0.10473412154765743	-0.04544779238302454	0.14919959462968005	0.07137705566927524	-0.14274617411766868	0.03547013655147083	-0.10941259289943221	-0.06596292956979306	0.06609181587935699	0.07884965228351491	0.09105180782963031	-0.14281980815799974	-0.07223698904072938	-0.15638670158264437	0.09378770108792552	-0.08471490934861114	-0.04278807494966621	-0.09384000760431342	0.049459439593601766	0.16511043123097247	0.03116936340742154	-0.1408320529025157	0.0498141940380102	-0.08559383432201674	0.02605553705176815	0.1605624787262015	-0.08044799181437517	0.06472416947821834	-0.06270876637523265	0.10871495848695546	-0.10526760020849744	-0.06652999703377714	-0.08575743807996596	-0.012800588643422421	-0.11498810320232496	0.0018360558485079437	-0.09800145428294059	0.04116934408961181	0.09289668935562773	0.04448133060151038	-0.15015716580217575	0.05570760337061682	-0.03332391269379558	-0.046607601882354396	0.18684099396530365	-0.01066330007425559	-0.17587474926526692	-0.05555840672610657	-0.0312947924091812	-0.06824243066812043	-0.10903004075549938	-0.06853766844375596	0.03478665077699074	0.026140895122883395	-0.003035265986687982	0.032973352695295687	0.002148997027595419	0.0007122015994734894	-0.0007143075928741991	0.3286633239972184
0.011158544292770179	0.003871633458620136	0.02061795097750205	0.02060167836294319	0.04541305966530786	0.009714880793769259	0.05113302448782027	0.032855108642822525	0.04636927169941516	-0.09742174150028311	-0.059794837338207805	0.19682931864182224	0.11089325145043233	-0.179040623587109	0.0657271474399473	-0.01733593936423201	-0.03567833269598762	0.17766216627625508	0.05682560573442071	-0.06254543793077351	-0.10355840346079603	0.12871311136430866	-0.06589130526179915	-0.07642731844623749	0.11624260782527578	-0.04372128554512491	-0.168987268246507	-0.06810686739574448	-0.14550225044706958	0.04024629642240784	-0.12429695613142906	0.0028796579764333594	0.14557468445214158	0.08279532535746562	-0.04895300791917939	-0.07622058441458407	0.1086880551897381	0.10179300754286132	0.06622862062437912	-0.12534910430037743	0.028444784590437686	-0.17010911898328052	0.04414267315288317	0.12021994673457903	0.025405046074559734	0.09790470891277901	0.09910861750871465	-0.11932830489026555	-0.1367552581818441	0.09289518657926202	-0.1132087309322779	-0.03974649119440847	0.12335473558046897	0.02192659979248127	-0.14379956659338072	-0.010488897556869953	0.15622411858174287	-0.044533470460160506	-0.11466516942679636	-0.009893413590696796	0.11238052009804925	0.034253208671497476	0.14214410618565426	0.05198910839443041	0.09973981541342496	-0.13291948713639914	-0.05722836327971408	-0.11361080353730144	-0.05726173403948008	-0.1571702192700944	0.0032083997977155445	0.11938030453881361	-0.02083428465820148	0.1405716235259261	0.054379623293443875	0.12881584707301427	0.03192804734827196	-0.14387231806144243	-0.007562887288267186	-0.09009281978391646	0.11341886886217306	0.05044442087347183	0.06943276182978382	-0.002850857788053336	-0.16769603070223119	0.04331922166739407	0.1883425271972359	0.031076783423851635	0.060520161165578214	0.02698604139573374	0.1361176890193142	0.026262168523693334	-0.033263641931821075	-0.12243176172626442	-0.0034025443153744574	-0.06987828128656594	-0.0034005647628356883	-0.0008666937218592309	0.0006698249932226202	-0.3541430908937427
0.01734373749389232	0.002844430478492809	0.01650071076726706	0.024834408072393614	0.06585800872318565	0.013456918136970027	0.05685574548227668	0.016906904978610672	0.03995215655161422	-0.09050592552618797	-0.08053288773596824	0.20383569807395768	0.0806164476251993	-0.1757627529180479	-0.00711978399756778	-0.07471398491961323	-0.0118015907579109	0.17574512338191522	0.14403716799604224	-0.010590127294965395	-0.1551185430905746	0.11375981607059925	-0.13195228384270324	0.012807090761609666	0.12447303331427671	0.05043906150391453	-0.10902434671326255	0.03203160172316145	-0.12864042305236353	-0.09752194751995369	-0.04093011879559774	-0.10189418391243148	0.06344275078436619	0.18813519312701715	0.06050656211224177	-0.12002221054722541	-0.06304727380275633	0.11463605581690518	-0.0760364640508962	-0.08211313603999554	-0.0819761321641195	-0.08051994184515225	-0.11983519603589773	0.002871670487408797	0.15639179432911446	0.01093958848426196	0.15080608949989427	0.02402201565828337	-0.1062028967437286	-0.056507473301067146	-0.1113075961383051	0.13838955595567248	0.07753898412015175	0.1561808372244706	-0.08132792184514594	0.08617841744137691	0.012547515069930897	0.10566727019831056	-0.01527372684314327	-0.16141382541364707	-0.08146887316480907	0.12400499070300924	-0.1327425000633519	0.05271143611301458	-0.09195838313862302	-0.06351470798394253	0.1266373084430747	0.03207434334591923	0.11335665674372931	0.0383964918350696	0.10207870207603321	-0.056981280060690045	0.10828360796497698	-0.14570445118093966	0.051169926002241066	-0.15934163535494822	0.05764738880790604	0.14628825838655818	-0.08265354678589337	0.08022465931171546	-0.011227040926800567	-0.1296257255566696	-0.07034118110140763	0.050894428666411994	0.07622466398479878	-0.05837409907771977	-0.12798721121431889	0.004457158797706753	-0.06912399660956715	0.023176142418956398	-0.12133601935991249	0.023310228564412422	0.022721610538356127	0.19074542048113644	0.009090244345110214	0.09188655622363262	0.003980972583202097	0.0008768485734947017	-0.0005159703706071636	0.3296953162256896
0.02710318242470744	0.0022908685361862314	0.014855218387092925	0.032502588453047036	0.09535805479665478	0.01890568347913463	0.06800388961557716	0.002523465596497029	0.03555696582457659	-0.08731301217083128	-0.10387889870296478	0.21104507338405826	0.048769728010110446	-0.16616463319791777	-0.07937674012888445	-0.12402904308250946	0.013498932688990042	0.14451578697274436	0.19991116638786666	0.04397634894144731	-0.16297029732640453	0.06293146406272777	-0.15279936931728014	0.0969494813950052	0.07872227250377074	0.12082520509218395	0.008486547740189417	0.11401948758261722	-0.03325916034876068	-0.16920790241566608	0.07199276051968401	-0.12873198842667757	-0.07047225186371549	0.12281578026065444	0.11222849506315918	-0.04538331464364556	-0.16845853601572278	-0.0014479009122717137	-0.12963760779315117	0.06237211692268566	-0.08865707520885255	0.1157625562223123	-0.11600181379703171	-0.11863466572808466	0.04834251484742626	-0.09343628549969323	-0.04601101185594153	0.12619641555288452	0.1125686520046776	-0.10278080564465351	0.10059109282443368	0.046098121992378366	-0.1251058980499342	-0.03363309858056783	0.1561787191969657	-0.0071858850435259905	-0.15947565179460452	0.009542028552070276	0.12022024043177504	0.0807878320727028	-0.07057492424541326	-0.10330179636921441	-0.055997400609001956	-0.08878444568390219	-0.03294919116572563	0.18345753370432363	-0.05328438105314963	0.08417988222729676	-0.050434344104776034	0.11871356893034966	-0.1113595249764411	-0.056691241389025156	-0.10334240706136863	0.03327431853281901	-0.11778600905678333	0.07646158243888306	-0.10856866203686344	-0.056324652143818245	0.12492776200470913	-0.026213724217148297	-0.09670775112463194	0.14800010580355447	0.040200615970125565	-0.0770158933344419	0.043124249269256315	0.053538335883934	0.026536936587913524	-0.038698170406247796	0.058706825212722996	-0.0672094213248669	0.07718733530206645	-0.06793427765501506	-0.007508661763422449	-0.22797774481093017	-0.013369958972180549	-0.10033108458458363	-0.004036683376472901	-0.0007984664193234857	0.00031169589686934806	-0.28038347309801837
0.0377613105766182	0.0017226220403823748	0.012866142089485928	0.03904647264448321	0.12147946580213803	0.023482967836398007	0.07388166958314597	-0.012062793534468966	0.026812566518772597	-0.07261303571153928	-0.11262561477521255	0.18196959529807558	0.007539753106541668	-0.12185733686136623	-0.13132995984919957	-0.13851137173139144	0.03483659513938812	0.06419242290510375	0.17772163397008264	0.0800951290206787	-0.09671956059778938	-0.018625263507952176	-0.09486636373781147	0.1257803527536158	-0.014781658343961971	0.11336725003561611	0.12005032044141568	0.11168181957725427	0.08817415091422087	-0.09697579899146479	0.12047958981804593	-0.03484524720532513	-0.13468015127061314	-0.07514898608383234	0.03745063314938091	0.08188874354653262	-0.06752512787883082	-0.11565307744166438	-0.009654433553426219	0.11916395648638486	0.032187671705361284	0.1386350716218691	0.07033438836998133	-0.04784798477795749	-0.14195521219475868	-0.032947411553303614	-0.1590497277958958	-0.00976387451404892	0.11237327158049931	0.05630003217403173	0.1053156866698415	-0.1442453327638643	-0.05307958416926288	-0.14784386296887914	0.030548268898747892	-0.08346200547288586	0.05635599819422012	-0.11047714613808879	-0.04923962392961043	0.11196081696410916	0.12988844876094152	-0.04862088484844726	0.17876683917917197	0.024617822513714492	0.1215875769620198	-0.11418514538998155	-0.07092334181765597	-0.12387333105466773	-0.05671942910328242	-0.1778246351763736	0.03516221775993345	0.12915460046202099	0.028097164108702406	0.10024952941930283	0.11515087997969335	0.04761518928561652	0.10546592183425894	-0.05946744239150766	-0.11634226498256094	-0.037688021127026294	0.17189687799989903	-0.12254117131396439	0.0007330193859477061	0.08328176933320043	-0.1541586603025836	-0.03971782261399232	0.07884508140893201	0.06840552625527932	-0.04228705798012443	0.1050914521989607	-0.027704605584791035	0.10988463892151894	-0.00794941701785306	0.2674849667347946	0.017890808328669332	0.11131511650006917	0.004258399005803204	0.000777536680124628	-0.00013086306839051246	0.2584118198549776
0.05934151247847081	0.0015844658783067738	0.01387427360983815	0.05423879805229901	0.17440543108407425	0.03299133971716708	0.09295331380072762	-0.028768587445630427	0.02165475840829816	-0.06693820727437193	-0.1343851461675876	0.16820732162850735	-0.03321006939752293	-0.08330142482532553	-0.18332158703150253	-0.1495639671935785	0.054868354810762424	-0.021499481555973542	0.13164468764119808	0.10312561520246713	-0.011258634307823168	-0.09585718187480569	-0.012315850460718382	0.11506122311646455	-0.10310430610914774	0.06190144183924981	0.1782290976355239	0.05534716793012772	0.16312006494438885	0.03290433133558202	0.09198560128725869	0.08279604337593569	-0.10015933712878222	-0.21119450841231527	-0.06994976161889375	0.13516080725015137	0.0988277668609407	-0.10940476585217132	0.12078366839164142	0.038930417671764216	0.11497586206403264	-0.010663024987203664	0.16402658256417393	0.08824171824453365	-0.12708693412995323	0.07723867117194252	-0.023215157058274847	-0.129799926462986	-0.07763222065253729	0.1173118570950922	-0.07989498608942952	-0.06471347462737861	0.12189074131210897	0.03242049889448553	-0.15828826531327844	0.017363122526604435	0.14955806928050655	0.017855280317648655	-0.10640633872555624	-0.12065175191661205	0.014724006267765464	0.12633177736160928	-0.045152345504457715	0.0736470549593352	-0.0452507021717972	-0.10209675980714618	0.10927939728752586	0.019183477197601845	0.09960483297611776	0.04460237320963499	0.07702956190702871	-0.07466063771634006	0.07345781113680243	-0.1445497172289164	-0.015325777403055137	-0.13384399350956214	-0.02287518019855935	0.1327613380422976	0.030599169192940052	0.07771831929680804	-0.14486128711434926	0.029408534222048265	-0.04128214050448456	-0.04674968368106619	0.19599350642158317	0.00906088666650201	-0.15235451854977503	-0.07258146252816147	0.010714614459525686	-0.10644311161371185	-0.030787305567927872	-0.11937080068211978	0.021112274579232433	-0.24116324178346743	-0.018152815447515524	-0.09661087962299479	-0.0035647382115758823	-0.0006134402821148152	-7.36396392029522e-5	-0.19546329886987315
0.08393710622557064	0.0014641291262376941	0.01480647845815911	0.06851261021703961	0.22423139516515575	0.04156144166276324	0.10646220740050721	-0.04367009790785737	0.014230557169736854	-0.05362341513963603	-0.13963074145766102	0.12849519222646477	-0.06815667090274376	-0.028815955952769087	-0.1916582691904873	-0.12125327487959787	0.0597612708732075	-0.10026731492002845	0.0364860283856263	0.08471662485371448	0.07912279939880063	-0.12797613905977467	0.07636699919179572	0.04072904386689268	-0.13070401454419484	-0.02835267672724097	0.11465706918890685	-0.04094343768576637	0.1131734111406616	0.1353789883521446	-0.017214601508977346	0.12425328233338576	0.03166489055685469	-0.1228714745213968	-0.09974043890166681	0.03406697990053333	0.1458715800582479	0.03687426946889376	0.09162544686229242	-0.09535080613929853	0.034411072722452425	-0.1441763946475078	0.0025558732596264937	0.08285987002996234	0.10175919907054576	0.052503829800128236	0.15448045104881217	-0.00719319861364292	-0.1179993317012284	-0.05399196313961078	-0.10196723659053541	0.1513231862685773	0.0314009246166192	0.14037989590436484	0.01812248368598026	0.0772049584421919	-0.11833384122599008	0.10179204628232334	0.10446132247600556	-0.04023600363071511	-0.13973022493525777	-0.04133870589170845	-0.14245329143792138	-0.08746241498750347	-0.08169534870761123	0.21127501628237186	-0.04140934621086262	0.1032922712346421	-0.05337707176894335	0.12622701772206338	-0.12873438532026218	-0.03542277127969572	-0.12374229613714688	0.09466273153641644	-0.09378057393166266	0.1455958251777344	-0.0715021955468685	-0.14283150992987637	0.06814151511873065	-0.08705216996349524	0.0662173116513067	0.07295330056277376	0.07001893122470365	-0.0026604406213016213	-0.19657960517859138	0.023276620488775962	0.20060090729439173	0.06697264656892482	0.022142547140169885	0.0961733168892939	0.08660806237328567	0.12205123502477637	-0.03321312867588925	0.21298992276356637	0.01842170620421189	0.08264618709949102	0.0029547336569808636	0.0004826519089555727	0.00028238033927196425	0.1481232324904873
0.1218498730654773	0.0015181535797809272	0.01725442075210937	0.08901474922113653	0.29425336031955784	0.053431624931336456	0.12508105228448924	-0.060542231289693126	0.006851638678467927	-0.03997121309321304	-0.14277590376035842	0.08281694308236408	-0.09854356018336369	0.02807234705389918	-0.1750236462113349	-0.07410653959364114	0.0546101250502279	-0.15755636297341077	-0.06834115035691529	0.04140157451574663	0.14345695622978555	-0.11366734115041388	0.13526061574511508	-0.05172838516949669	-0.09542145631827366	-0.10389823057231395	-0.014873928320643251	-0.11209179606483755	-0.01121936208411507	0.13969831490656617	-0.11316754156785447	0.06477972288492366	0.13614193067584876	0.0827368520677444	-0.029624692015533385	-0.10226056234117414	0.03254415602307606	0.13993333436328131	-0.048720061721268484	-0.10753792618958523	-0.09133258325073561	-0.07981037542996411	-0.16261517019127678	-0.04642939826382572	0.17024605260671413	-0.058282845461102135	0.0702799986476711	0.12808447488241387	0.0563554019078356	-0.12419675051163306	0.07317211083706028	0.06448197816190639	-0.12408914670108141	-0.049600377943539546	0.15467030376318355	-0.03685905740524743	-0.11328115154966635	-0.05639109894687263	0.06345940088716073	0.140232025656126	0.06360521491694382	-0.10135296341658069	0.14435719248808518	-0.00844567634210391	0.1084616746673186	-0.07603280113000693	-0.07117874635142565	-0.1188616650639242	-0.04636170780244881	-0.17701367354417896	0.06546836036274364	0.11531166861434118	0.07431515503873785	0.027114211056062168	0.13598014845316564	-0.06063002552626741	0.12132648210517284	0.06947904454448947	-0.13058923202867673	0.052615065468659475	0.04315832128375829	-0.1445529497948152	-0.07116973776948131	0.05105079065265208	0.13459399769733324	-0.04878668240097295	-0.19395087573954048	-0.04511271805320831	-0.049956838789816244	-0.06503176623124032	-0.125574551562158	-0.10461082814911633	0.04006149201930836	-0.160211981668288	-0.01671094228001968	-0.06040138102082846	-0.002095424480005351	-0.00032601981080232305	-0.00047691958528172675	-0.0966373853599861
0.147048673635351	0.0013537018853171322	0.016930821322615024	0.09419833488517132	0.31339005537031583	0.05549201153890009	0.11680747015001379	-0.06422387262329747	-0.002307443274163478	-0.015555162503859861	-0.10622357226557019	0.011512772580260556	-0.09642110082733048	0.07523685658755938	-0.08955422183290529	0.004042104374880125	0.025918326282765122	-0.13965746231809445	-0.1370848727098378	-0.02497375505486517	0.12283612587107305	-0.028227536859913162	0.10581853720813135	-0.10756118306901707	0.010864410487871864	-0.09821932225383491	-0.13193656509139898	-0.0849277468518576	-0.12528130696766618	0.005990271971668535	-0.09227112266735417	-0.06435125572595936	0.0872358029404839	0.1876102330207056	0.07795627635897662	-0.1059309921732873	-0.1251213595784068	0.04217574795301091	-0.11713060873410068	0.0462565701967207	-0.07314391113933737	0.11508383569005182	-0.04958830185006613	-0.09407800367390916	-0.07432709618038377	-0.05821783379687278	-0.15155205541752276	0.00405316177548329	0.11333959896199378	0.07081823791663737	0.08754749537150411	-0.16838045028158333	0.009921834712483929	-0.12126494506684424	-0.08967871837024473	-0.05820339193407186	0.1828544791180171	-0.0656131092561068	-0.14724091966579678	-0.0648866136936678	0.08734672247208168	0.12923659768979404	0.003956938433575417	0.09597968220245794	-0.030750987255008758	-0.12717400842693796	0.12562061242003764	0.042670911081734555	0.11181546486245433	0.10601335315271553	0.03904849111943238	-0.12723515463408405	0.015450465933407648	-0.13543071788786107	-0.11692857799964385	-0.04866603897762247	-0.1274607150604533	0.02618074207950899	0.1578282785929044	-0.005560073205945512	-0.14385458854778418	0.1932161295324408	0.06299865119688344	-0.09329909294881197	-0.06516476016455476	0.07281753611751003	0.18523292473066807	0.024170599559863486	0.07953221389656485	0.03688008265146734	0.1731295730024105	0.0974371483210222	-0.05111041442542163	0.13106173176918307	0.01759930885290988	0.04799054298522728	0.0016104066253186057	0.00023767338869403287	0.0007729024244825852	0.06786220074579864
0.1706232252949221	0.0011207345446619982	0.015467230073185428	0.09195961196810122	0.3075700763415832	0.05254148355017266	0.0943179019174068	-0.0599046966826007	-0.011082289442013254	0.011598510105289856	-0.05004696790628893	-0.06227968691861756	-0.07148515102846838	0.10335983826784274	0.02278084224829452	0.08087687511396602	-0.011527956668325252	-0.06814162548328026	-0.14623854097084993	-0.07976888396938635	0.04093199975255232	0.07224305499519441	0.017141131058763966	-0.09727370332985459	0.11007964782552644	-0.024918977447784534	-0.15070989930801804	0.008800540309438172	-0.13567197293589178	-0.13307752679728538	0.015289899724820174	-0.13028923222154898	-0.051815097903978875	0.0815649476354871	0.0942218824150937	0.017934247686174083	-0.12399506079180138	-0.11217293806743497	-0.02352608387933698	0.1329709487273636	0.05348929613048514	0.13249766511184133	0.1436466071176228	0.014921487812211929	-0.18915692279782167	0.047143748569036324	-0.09073393903896619	-0.12780569751711424	-0.05515277550534222	0.12120926777942835	-0.08225695838465966	-0.03564985074334635	0.12171075323649193	0.08501987438017533	-0.12154822157830074	0.061433927473894194	0.026193705626546153	0.0923652043249146	0.022062523321331105	-0.09764448379105986	-0.12739250568277474	0.0013303212989093794	-0.1477843160679494	-0.07939310995982497	-0.07944988989448817	0.20483708318638713	-0.06572260763568168	0.07044241398545992	-0.08414849558660666	0.04781567107103014	-0.11531830631630413	0.052294975281851334	-0.09538806937875946	0.16387962685571317	0.03429856702193769	0.13389254871410672	0.07580441616292816	-0.110992249239542	-0.12778994877261302	-0.04334703888626769	0.20219994323660992	-0.1931951569655435	-0.04069843398934367	0.11561795604883884	-0.013947954489134166	-0.08784701384377815	-0.157258592543624	-0.0014652173950674972	-0.10449126248228412	-0.006983230094704183	-0.2163733756906117	-0.09073570019556625	0.06275003042168893	-0.10901268155098007	-0.019583039971436036	-0.0389157549509279	-0.001262800855045546	-0.000176934383786439	-0.0011611777626778044	-0.04870400573857391
0.20847308602836792	0.0009371891307207185	0.014427116118005224	0.0911845975719631	0.30638726876278516	0.04982274722210744	0.06928240247896053	-0.05379642755246259	-0.019061329669575355	0.03780941993096123	0.010635547664208208	-0.12851004930254636	-0.036406077691264443	0.11511305833746453	0.130439417214277	0.13908283089802	-0.04617224718711308	0.023081185462793672	-0.10567355317775164	-0.1051306131370423	-0.05751649396887347	0.14108741845179837	-0.07950811468569328	-0.03640281386602279	0.14808012071193244	0.0631773223412915	-0.07148222279088699	0.09646469566627838	-0.0466426755698133	-0.1656790482901366	0.10993818443447669	-0.08062291079500959	-0.14223054893846196	-0.10845367504969647	0.00904302260823279	0.12190611793194084	0.02274992552635321	-0.12663287350626093	0.10039153604715201	0.03944804946520955	0.10588431218768779	-0.04187517448921009	0.11814109750633753	0.10048863232221993	0.008285034627283723	0.07170312055062057	0.13071278565427316	-0.024948314883752685	-0.11914840857790206	-0.06445158497357982	-0.08680231627760043	0.17110840168337882	-0.02757010452853867	0.10448438403422447	0.12305953919329264	0.03808300177450418	-0.19284882023792077	0.023719499487357916	0.13651591826946594	0.11972634633629178	-0.00638043758836859	-0.1301402031125866	0.11004292424783493	-0.03084004034728502	0.09818257535046492	-0.06088853499023884	-0.06022078534238894	-0.11593116091491015	-0.021567765081711248	-0.1597574127507668	0.09724680389795147	0.06330000349520683	0.10561513726281092	-0.08016249524352399	0.07022932072788901	-0.14021649925848503	0.017401049886421643	0.13930066810933767	0.03927227949751949	0.07370933273850017	-0.18186683594252878	0.1261975442475023	0.005415902409919692	-0.10228955910117174	0.08966697497768045	0.08369713078682352	0.09804185319012917	-0.021485826199399545	0.11348876697715561	-0.023905460648038026	0.23373610350028165	0.07588030525299062	-0.06917172196566	0.08254543002422479	0.020930865245557272	0.028860422100547616	0.0009033452519471644	0.00011998984557108198	0.0015781329665795975	0.031835003917367224
0.22273450933045735	0.0006105194875102013	0.010942539656145006	0.07391452466748356	0.2495224089293465	0.03751798030221095	0.02874099081697677	-0.03549358737013324	-0.02192005668807869	0.053505629243425036	0.06826727836219301	-0.15384390698707942	0.011003938718544222	0.0859791897359016	0.18564883164115503	0.13787958646616294	-0.060506524383669665	0.10308606967896629	-0.008383261519106363	-0.07100967738752481	-0.12139724045082861	0.12039916931133354	-0.12353212502609694	0.05056253819783094	0.07458966549424005	0.10132709623477268	0.06829639211707071	0.09867291260711436	0.08574616161887971	-0.0331240295417439	0.09010326643995019	0.05644703194925461	-0.07115046520507566	-0.16547105015238145	-0.08765184920443675	0.06666208460586705	0.1383000930140021	0.04175181203473502	0.07519730012812899	-0.11530918361730506	-0.009517839772846978	-0.14739323630903114	-0.11051771902995651	0.008473237943657636	0.19041893846672317	-0.040745546836705934	0.09502918614312082	0.12863704326648612	0.0660539160435484	-0.11190966716499257	0.10012725028983172	-0.01112006076304692	-0.11228685000811994	-0.12620620799557433	0.06353247216540056	-0.08140187210924263	0.08534414137418755	-0.10779187177613188	-0.115293723409886	0.006839136240190888	0.1327034531067479	0.11267936384032053	0.041239898910702635	0.11076618934278151	-0.023204443121919622	-0.13695110506723393	0.13749994399347468	0.07294313096421973	0.11152436758431801	0.16319168008677448	-0.018757747750530573	-0.14214307445657604	-0.059444195747849156	-0.04264406202588214	-0.1437415208429036	0.09150781148539439	-0.10449359967079475	-0.12411132574577684	0.05948785645684676	-0.08704419961644692	0.1265611174958249	-0.04028741392010996	0.0305283104029393	0.07755535187257283	-0.16121675362090815	-0.07774670861507117	-0.03864327408454938	0.04506322847807054	-0.12748652554373627	0.056103760636418136	-0.269143551688517	-0.0691402687012937	0.08345548174943236	-0.06897879448177853	-0.025718510968341466	-0.023758047956260523	-0.0007132041131983341	-8.92342788751284e-5	-0.002344665498824396	-0.02272789934219788
0.22906865070466215	0.00023796404949145056	0.0064525910263853814	0.04900615847093663	0.1666624017274977	0.0209044679276635	-0.016003776169956376	-0.0118978701422767	-0.020590623470836737	0.058471846384792435	0.11161134645581328	-0.14215092498457	0.055540301375094865	0.03297467524895012	0.1806081330917081	0.08847475534236314	-0.05291825683278128	0.1409841588985365	0.0927569563767799	-0.002218985359785716	-0.1217328518729061	0.03264475982905883	-0.09537295334051397	0.10520490030968932	-0.04927504063825266	0.06722873213671658	0.15551963528983018	0.021121842193829232	0.14507472216109096	0.12988152489903354	-0.01657171140410791	0.13670043263608242	0.07519906420787467	-0.03239798497754477	-0.07952287001161855	-0.07047602330792978	0.07493869922374945	0.15308943096235014	-0.05585557297897437	-0.10001765928855871	-0.11057504787716892	-0.021986118119925277	-0.1577037727887691	-0.09785881421516325	0.03548896741011605	-0.07849905895435114	-0.12021984656729452	0.03063859442275411	0.11822799720107316	0.07191934881120371	0.07395443120797274	-0.16893134839893045	0.057242818353171354	-0.06452388615232628	-0.14808413348927732	-0.0017151617870964661	0.15010749495333683	0.038025975673316004	-0.06671998777176633	-0.12438299750853049	-0.09378703939963526	0.040166306725989746	-0.14677323689680113	-0.0732498405871838	-0.07572096557240224	0.20295672260713776	-0.09300161049204597	0.03137122476649953	-0.11134004470864801	-0.04312911339073041	-0.07283994446018738	0.12743372803063227	-0.023080045157897567	0.1413488251590062	0.14262422593103521	0.0002133182468493976	0.14677368192175397	0.06054140638800668	-0.13811941956614196	0.07352021867045636	-0.037102150055274084	-0.05478497126976384	-0.060375053413646664	-0.03815829688281022	0.21276681408610676	0.06409388649000707	-0.023824067580682774	-0.06645931382154126	0.13721368770246462	-0.08702429594683886	0.30445501733790137	0.06443237478883705	-0.10075217409812806	0.06084266389979929	0.032738115360843964	0.020890351152897658	0.0006014245910447948	7.10341556554351e-5	0.0034487251782468814	0.017399502609406335
0.262155176505384	-0.00011621586602321543	0.0023530302391236747	0.02650099575754608	0.09183531220400036	0.005075574159612335	-0.0608466280172784	0.011659104231115689	-0.018464603683465218	0.06062199211933923	0.14860342225483428	-0.11790606989274091	0.0940355791969778	-0.02416006508671558	0.1444739894359328	0.021621503570212038	-0.03422039982150764	0.1427784378907632	0.16543365237456376	0.06731697848331497	-0.07689710423034822	-0.06831946281031745	-0.026017543129319344	0.10862413259132099	-0.1473702179739865	-0.004560787511916866	0.14676538880076526	-0.07028392394833405	0.1028981731808573	0.193279634250178	-0.10980031389304577	0.10018872703645668	0.1534548803084777	0.13295660478910495	0.011590857092335496	-0.13177367003553545	-0.07394791563919428	0.07858273389185651	-0.11678921220920452	0.047531380051946515	-0.06182678653445952	0.13451706893116516	0.030032934995831595	-0.05375700306292336	-0.17685289181621636	0.01569115359114131	-0.1266225311221914	-0.12261308183268771	-0.04968594666252404	0.11806942031650798	-0.09834770099470702	0.018451470683232888	0.10588253566372396	0.13680427393051117	-0.027768920931265345	0.08190679984992481	-0.1376465648661898	0.09180412013468092	0.14551765013145512	0.058897848540498066	-0.07620205304740056	-0.13863147902321396	0.06711860907678141	-0.053093090966158614	0.0849631518772488	-0.042662743465709356	-0.04803548226670875	-0.10453019083551712	0.004197965364100186	-0.1161437573860026	0.10243504952223256	-0.009434877975896306	0.08797270702175447	-0.13862681885320402	-0.04572468273145636	-0.09180167453087137	-0.1037441951855115	0.03585371971280039	0.14896987892601518	-0.026107535920297083	-0.06802261140760986	0.12904999076659313	0.06896313638311088	-0.014267578638865084	-0.20550106594528866	-0.03432473472328011	0.08076920617981656	0.07451142925045898	-0.12143601362751384	0.10270223192370921	-0.29326555442684754	-0.051800152060787856	0.1063337988748456	-0.04822539904952612	-0.03761028870364725	-0.01680435945207079	-0.00046408108783538326	-5.200461434488448e-5	-0.004523736252560757	-0.01231261464763724
0.29204450744620847	-0.00046438001868541153	-0.0019076719313613833	0.0018772206616818558	0.009589334596041808	-0.011217480370247286	-0.09821419284437641	0.03375021261220611	-0.013242618277111195	0.05203327994439774	0.15797084314597645	-0.06804222292757531	0.11017363183151016	-0.07515240072228668	0.06483249265152384	-0.052284617574788084	-0.003924492090999352	0.0895933663187593	0.16600695836922766	0.10556098364387062	0.006391273054466751	-0.13282590307827763	0.057931947373376966	0.04514473361259322	-0.14938639402823592	-0.07320507853601223	0.028505949523404735	-0.10652207581241255	-0.02454578221457333	0.08351978023818991	-0.09977393177275679	-0.03482364854979917	0.07296220373401476	0.148683326107243	0.08911411243331525	-0.034270782235001206	-0.12890200365891397	-0.10145606352894902	-0.016045673522749077	0.1260969357790854	0.07865813909098032	0.0834155488990951	0.16915745630478538	0.07991674453137884	-0.08028182896432035	0.08148327523378414	0.10327610851787881	-0.03893092524953848	-0.11869805940927683	-0.0770359311264345	-0.0636357257447193	0.16575064343456852	-0.08274602748454454	0.024408261077785553	0.15837229002042041	-0.0329620620004828	-0.0843927449928744	-0.08846557765664706	-0.017968377952937348	0.08565836732342756	0.14952328011802993	0.0672869499196364	0.08856428701492866	0.12190069662031196	-0.0045345939578421875	-0.15969800657178843	0.1454059313861941	0.08736080084662111	0.10643538152763937	0.18480657788319604	-0.058048140646716644	-0.11499432840247532	-0.09700724806597368	0.054311819510552674	-0.07598448989282558	0.13809176909686682	0.013796539578565798	-0.11743369865222636	-0.10592909753438196	-0.029971818441481123	0.15319969510752762	-0.17094705619667114	-0.06216371189971894	0.06366219415609496	0.1679342372770743	0.00035199256480435945	-0.12941066435774384	-0.07721357882512885	0.09874944094854984	-0.11363841217810836	0.2751105849489215	0.039478558365752044	-0.11326664568474003	0.03827655423958899	0.044866548971158174	0.013905846016127177	0.0003668702616859587	3.9075584098052946e-5	0.006144130963725649	0.008984751755373615
0.37012263723493927	-0.0008707946524455876	-0.006375772946128901	-0.02256398316124301	-0.07173207682883759	-0.028472443832037782	-0.14091932697358828	0.05757856725757196	-0.008146841566522619	0.04344749222364892	0.1659648097368541	-0.015451089295203826	0.11964044650826601	-0.12035521130586808	-0.022844496463735556	-0.1184005295686869	0.027006089738412287	0.017784807669367395	0.12364356662329042	0.11344098679836813	0.0876162135637964	-0.14998840327352886	0.11965112444624747	-0.038138389020888445	-0.08048049680232457	-0.10433738688777254	-0.10597118866113225	-0.07802417563878793	-0.13599920801789145	-0.08626512871052577	-0.013601282255086526	-0.14176988945148572	-0.0700806359928851	0.023430306890509928	0.07794068755233355	0.0984590374924957	-0.04295953283194111	-0.16322328692248	0.10406739162749173	0.04399932402981983	0.116370847255464	-0.08164268588689157	0.06445360961176354	0.094591522969212	0.14229330564687478	0.01424461415665102	0.15874282315509144	0.11308158995716994	0.02752959355914498	-0.1283818676307666	0.09374810211952454	-0.0176527844804159	-0.10061472222567265	-0.13963643571214468	-0.0028430129552545797	-0.07379241758150284	0.1629825978153213	-0.05887497185361957	-0.1382444238964181	-0.10003846877978682	-0.006667670608818852	0.0984006663604546	-0.12823276866535288	-0.03700742116923784	-0.08148334189330317	0.17629302061434093	-0.08482910708101116	0.020780651358590432	-0.10969055755544714	-0.07654388214366849	-0.03854925067971051	0.1406718783310705	0.02725744051951064	0.07159413588294106	0.14300093595921068	-0.09177242647806223	0.08483533973694606	0.1296794508113995	0.005796758720043121	0.07079068189865928	-0.16630375496946048	0.139675710057477	0.030478453117433666	-0.08825028137050374	-0.07584746750206117	0.033726229845283506	0.14181606289517174	0.06068943916384875	-0.05294620497168914	0.09919109718265665	-0.2016715034366685	-0.020398073175365974	0.10156787327803757	-0.02366300169334152	-0.04701647679440622	-0.009525860760814247	-0.00023637584011235082	-2.3806173238624155e-5	-0.007416519933095261	-0.005348378156768818
0.3749615757693274	-0.001070442527510521	-0.009223376534078174	-0.04101158392813675	-0.1339392525011795	-0.03783677444546531	-0.14014564260737913	0.06347640811608711	-0.0001723567061677143	0.01909778332623642	0.11228998578964723	0.04336629909138273	0.07844728554235712	-0.1126113233031812	-0.09940020174447832	-0.12390965521029979	0.04376915562721188	-0.06417442930976457	0.004432345079538645	0.047524527684762695	0.10875961584640144	-0.05926136456161828	0.09203701769683482	-0.09085149516321403	0.0558390084755202	-0.044142514420122035	-0.1417036890190002	0.026204569717400213	-0.10950313196771881	-0.16274775874217534	0.0878873788826015	-0.08301072148301826	-0.12761258506384618	-0.13254151105571937	-0.03909169435912082	0.09425370110809805	0.10552922076128252	0.02451667925426823	0.06079125553069696	-0.11012550830420677	-0.04019190477659379	-0.10553941669104584	-0.15654463214459818	-0.06590962241385787	0.08990016713583372	-0.08141914213479164	-0.11151000095274721	0.025581383871084606	0.11384674776231946	0.10643765567321166	0.03639224413765853	-0.1594298070214342	0.12566279340288442	0.042465872584989885	-0.15679107977020196	0.07790581632408153	-0.023680840558692892	0.1317450819936448	0.12409342252155761	-0.0013088927149044747	-0.14340829683092904	-0.1618285726695824	0.04645678729441384	-0.08111801638556596	0.0966331703609706	-0.051792224843556584	-0.03711032766797713	-0.11482338411223648	0.04208840847013388	-0.07722200255228645	0.1144630016190265	-0.09659456907816756	0.0547382066109007	-0.16865497274409333	-0.15897965042893492	0.017209775148699463	-0.16085298022817532	-0.11241942946200253	0.09535625568051133	-0.10125441372432109	0.16151879797589153	-0.09930661278984858	0.002348046911188917	0.11047541857655623	-0.013339455337929627	-0.06993652400474305	-0.16597444769598232	-0.05107671937099367	0.013961859766933805	-0.0985821726044946	0.1608892557145201	0.005227471158578154	-0.11001912323013881	0.014752578431070675	0.06087687297173506	0.007587803769210342	0.0001702134880570776	1.5749782273381995e-5	0.01096016475788819	0.0034691928749326804
0.330334181803066	-0.001086518475350522	-0.010335044525908556	-0.05127029673876957	-0.16928991688620784	-0.039210817158037564	-0.1053750767040096	0.05379364208389623	0.007851663165763792	-0.010921532566979157	0.02429675129485523	0.08756876813997153	0.009210729462630563	-0.06275464637507765	-0.13412123647397137	-0.07416437820055932	0.04045749589236896	-0.11373870135669142	-0.11724136631602491	-0.04617348214217431	0.06249587979887422	0.07018496190891789	0.001776973647866427	-0.07673418998989918	0.14906840921517722	0.051779188098767345	-0.05474176381986238	0.10672727241213675	0.02084418619780944	-0.07394028171021222	0.09620516022525019	0.06729924082448124	-0.03785100777916938	-0.12348368201535838	-0.10560805016045095	-0.034821631359166084	0.10733441997667621	0.17639682145866312	-0.07391968281815219	-0.09123733046481339	-0.1323070642250263	0.04608239192748373	-0.10541239207359827	-0.10869845834480367	-0.13028717506215337	-0.019981138677536713	-0.16031344727479813	-0.11441432533606916	-0.040083162466192514	0.11102579230169153	-0.1019235682558256	0.06422384440124428	0.05530183064690039	0.12209965936422701	0.07970508780571264	0.031481605002756284	-0.14884171434807508	-0.029282812292344074	0.05116708246879641	0.10105576107884907	0.12873035216019119	0.04640805664542921	0.08238071237027249	0.1210504828315439	-0.021365319217271257	-0.1175763141858043	0.12975777054844512	0.12339060227012356	0.05547770491227129	0.1799884411593952	-0.12141216780292909	-0.0017518572342570605	-0.108531614482658	0.18664155168396684	0.10773233906155243	0.06378431008376709	0.18338367662633656	0.062166221704369584	-0.17343006355065113	0.11022865717576297	-0.1287066528041513	0.045919486369018644	-0.03493176209675435	-0.12245617158395679	0.10215658417565111	0.10595537284384746	0.19294119049424296	0.0439119698478797	0.024145197537862945	0.10522475435349343	-0.13554857854829747	0.00928590909141434	0.13304078751880663	-0.008424744222416094	-0.08588486854244483	-0.0070944101358211996	-0.0001391501194201325	-1.142664154659182e-5	-0.01713740968355507	-0.0025009884209976053
0.3077345144432231	-0.0011320556674313895	-0.011554160532573224	-0.061474372636670306	-0.20431796034704724	-0.040091943298565365	-0.06597057726456948	0.04159074156122029	0.015178523423397155	-0.03986763728588248	-0.06629662864145369	0.11965136127762653	-0.06148917078018811	-0.0018933804762545992	-0.13903192363265654	-0.006076913985722438	0.026625141132690447	-0.12847747602448534	-0.19706392101320133	-0.12205009782635035	-0.010089499472112363	0.16771412439746183	-0.08933966646598086	-0.02141111047786487	0.1568700239464502	0.11607700767272663	0.06874633643471818	0.1118956000171419	0.13556296819900485	0.07527747812631919	0.021641250955644842	0.15675236662559486	0.08808164527283106	0.014801029140623194	-0.05662747351248491	-0.12468008785679337	-0.018735770825660886	0.10530015842488663	-0.11213059637892603	0.05286916608770396	-0.03854535870279921	0.13021863005344703	0.10802860630279326	0.021056135028204196	-0.13317589755678275	0.07604294499925895	0.07741262161772068	-0.042344116279155096	-0.11738767975545435	-0.10249139971171656	-0.03373798231385134	0.15342467057026268	-0.13462081935671766	-0.06863851369565292	0.1335480562531517	-0.08875107831382083	0.08299985933475387	-0.11796613157172506	-0.14983563576468228	-0.05716288592572529	0.05940555619170587	0.12951830854565585	-0.11140376703716776	-0.02025598115171134	-0.07813692354334156	0.16173671015806335	-0.09421378405328598	-0.015598570443097103	-0.10252936897242707	-0.12813882303716737	0.03109654479631363	0.09876611772655514	0.08485219632327685	-0.08005252603631446	0.010466980703315715	-0.10827367247029367	-0.10851424340554906	0.0186783528584783	0.17508394652200995	-0.07391661369868256	0.04799894474861961	0.022607117625397754	0.056965891957424596	0.09876092517686756	-0.16785274431097177	-0.1206407100919334	-0.18485312904725965	-0.030130583322065387	-0.058974005980318406	-0.09870909553481025	0.09629648268220933	-0.023122511048502836	-0.14725892904412652	0.0018985349642435386	0.10956252919040964	0.006542742479136173	0.0001091441186941352	7.542605422554293e-6	0.02402896706781272	0.0016928089132659222
0.23507230519887587	-0.0009486359228515496	-0.010243289378786567	-0.057512923083123856	-0.19209342289747697	-0.03127342362172684	-0.008533698916291904	0.01789996709957207	0.017676253969854467	-0.05575191897015833	-0.13458912996916847	0.10772998899034207	-0.10831664039511903	0.05973418015426511	-0.08115186068875799	0.06490730650024992	-0.00023775107761344485	-0.0744097868390466	-0.16134200813689228	-0.12282561424996946	-0.07611127431011115	0.15050636849911878	-0.11689851024451721	0.05032054001845001	0.03879256844021274	0.08285747021820818	0.13059583694031524	0.012395640871139944	0.11754618464122137	0.14572649493775133	-0.07653053474957341	0.06850530962853496	0.10963919147086613	0.1342014936084628	0.06727134599753506	-0.0455239903775003	-0.1181873463484745	-0.1230546809090518	0.021760499848165065	0.11228929270587738	0.11820925559373424	-0.006211882089139647	0.13035464529777854	0.11255757047929389	0.11659770719158946	0.023000005357386045	0.15902281191464532	0.11792275002316271	0.0566376975646763	-0.09116085715581786	0.1105404443814552	-0.11375965775625266	-0.0026181935708762716	-0.09164345717767983	-0.14928054021445017	0.019449027562603485	0.09672596167749489	0.11184866181624788	0.05858230057167617	-0.054869683413809385	-0.1811208343696961	-0.16628827522513648	0.030999373512843837	-0.09944107114506544	0.1069313198942045	-0.07075873012834093	-0.012797446205810891	-0.10332540288593217	0.07974090508147878	-0.0043958591326869354	0.07699847368647135	-0.14332900374911967	-0.020065014556936055	-0.061607111717919896	-0.12456217530006311	0.11563047270934078	0.0008991742054450517	-0.0946156432119727	-0.1397471130310144	0.024190523152691646	0.03956135929958158	-0.08886550340662376	-0.07486193821580457	-0.06894518975143496	0.23405840242733178	0.13870637505341105	0.18557842709093725	0.018720007531344403	0.09932229839879902	0.10249029545584502	-0.06924838693529466	0.04057736555309598	0.185508622897969	0.00423692278358554	-0.1566728053128512	-0.007438002508030622	-0.0001050012206100725	-5.678420547350982e-6	-0.03743346967601773	-0.0013812128440433976
0.1745425505492181	-0.0007766412648674795	-0.008884529835582102	-0.05262337390793472	-0.176607657320129	-0.021590428159941468	0.04940707032678996	-0.006899168974909873	0.018338077482952617	-0.06531743467783313	-0.18644994734246592	0.0792746850155109	-0.1363029249593905	0.10998652960022093	-0.004011559294899843	0.11886052528019907	-0.027035234464205322	0.003562805656049962	-0.06559484050208601	-0.07434344471914711	-0.10892983842681779	0.06258628903267775	-0.08634419352363445	0.09427196938011902	-0.10210070923508548	-0.0022156495561640012	0.10333761730069653	-0.09604303403819689	0.009624117138269874	0.0949185239654511	-0.10761707749334085	-0.08272168114906851	0.02477120061384397	0.11113615371723312	0.11658580849908859	0.08558832986634565	-0.0750523732170117	-0.19400594695807835	0.12691592300052773	0.015906040886896768	0.10711127527886471	-0.13345175214936417	-0.049997564381420424	0.02369336237278526	0.17014727166609878	-0.07020112696107951	-0.04598647380488247	0.05784358337486647	0.1215374142160799	0.10062515241975063	0.029193304209059107	-0.1410732390288729	0.13508438579039997	0.08966393438348742	-0.08776604809697872	0.08175785414288238	-0.12300660371784672	0.06365030232024042	0.11947989109427129	0.08973795410278705	0.061514267311134394	-0.01123869169558667	0.08649739443008586	0.10503186182220695	-0.016046594463044867	-0.09450445400074203	0.10735858932948655	0.12636919643530184	0.01445270534974186	0.13322060462478744	-0.12456955066827426	0.08106032512681373	-0.05874271045162903	0.16307503733890305	0.16312353477034813	-0.05855294213878511	0.10717991925162104	0.12541954223766807	0.044938560711091	0.035109400732538286	-0.11299596006081404	0.1271646182533737	0.07127755224719022	0.02008228999791202	-0.2508175505378588	-0.13093482356523908	-0.1553835940401067	-0.004770848884116171	-0.1276823176842168	-0.09499988578328505	0.036136976510887736	-0.055686413539576415	-0.21427881956659112	-0.010336472006147655	0.203717564729912	0.008384268610812188	0.00010323873472716034	4.1180295473261805e-6	0.05296243563200977	0.001178810286936213
0.1583820867652103	-0.0007713413195191131	-0.00928416628670396	-0.057545687970686384	-0.19390281657599548	-0.01568466082414139	0.11443995379334412	-0.032668824589699205	0.020810397438158885	-0.08071282617938967	-0.25332072304690645	0.054713039661140314	-0.1681937800334065	0.1615764452338718	0.07326811993114785	0.16570613575129586	-0.05187204084817847	0.08111260535170232	0.04126708783511172	-0.011108125954286325	-0.11629651838910335	-0.04205920885619047	-0.03035864541628068	0.10527784011554786	-0.20362828250829196	-0.08635105122596275	0.02650576000859777	-0.1546809012779067	-0.10370919698491513	-0.015640123821831088	-0.06617081948186536	-0.17465773112855112	-0.07912347788974629	-0.0073939927142557885	0.060259835804225066	0.13635875295482525	0.04342418195532892	-0.05610137377504809	0.09018554130427138	-0.09932469187011977	-0.03438073871901552	-0.09028248121231656	-0.16274156113337845	-0.09833772506309184	-0.02817614807581709	-0.055052698077506804	-0.17742715427973427	-0.09860130598530582	-0.023110414515161586	0.11360667893933905	-0.10582635502913515	0.10049638774663208	0.006067691687704355	0.08923736046595847	0.1584163418853468	-0.03228297265319484	-0.07076942043625477	-0.12986343125590188	-0.09628787492619252	0.01977416348932509	0.15251498260622445	0.17200540755963442	-0.08297184384204763	0.031177492295141388	-0.0960486248109185	0.14140745216588557	-0.07572520076232435	-0.006548111018017334	-0.09277643356310444	-0.1226228747988644	0.04898712128281529	0.058049546841510404	0.08460284597057023	-0.12511719044235298	-0.06972018246358046	-0.043015175987643095	-0.1382344081291249	-0.07098706810507066	0.07809852658838917	-0.07340127631066978	0.12319239521546727	-0.09969212272187819	-0.03280097525666635	0.03839715523262206	0.1637761436088974	0.07224737464492025	0.0678201117214408	-0.0107918094681185	0.11476361057629764	0.05781545296532844	0.0074596006068353	0.056294584668155435	0.18868824955371313	0.014254334664493842	-0.20940564567861997	-0.0076894465295210485	-8.290139360668277e-5	-1.9436733224903814e-6	-0.060767430879696334	-0.0008307828681128599
0.11990845571215647	-0.0006268530078508294	-0.007853256926157754	-0.0504622043125084	-0.17058100238912227	-0.006326135321713859	0.15068653597126702	-0.05012709900328436	0.01711542343562285	-0.07142376028692503	-0.24050155593235964	0.011222371115157777	-0.13845189005442202	0.15129486266684009	0.11905501939853945	0.13717483112264334	-0.0524530553564897	0.11699050574223968	0.12483247268060192	0.05872021040736806	-0.05054302977280187	-0.11884792878764491	0.04656278243958345	0.03789817737351716	-0.1461949075261226	-0.09982451570843606	-0.07351360572539199	-0.07200057216762945	-0.11775711356783487	-0.11017422054162676	0.0460169987119043	-0.07240280015734189	-0.09098312815395526	-0.11665151894910554	-0.07447639348366418	0.0052556822123661405	0.10115297258084255	0.164363589410895	-0.08299884267934915	-0.05762130406374635	-0.12043535878308788	0.1038408712924842	0.008875263057836043	-0.043860107562536464	-0.17365777857826156	0.06681546552997294	0.045076822169066354	-0.05182338099990108	-0.11878206558528095	-0.12016793796261292	-0.004471555017318748	0.11081696555700372	-0.1373266970227788	-0.12731494265423146	0.008688120463065134	-0.06393570814786084	0.16590013627431605	0.024411703245046053	-0.05105136234768292	-0.10528388934280572	-0.1926944015581204	-0.14421739734981978	-0.0038623262459974933	-0.13761288007386624	0.11913352973015193	-0.06707554445836306	-0.015001384419118167	-0.11808878559567916	0.10588102071736395	0.032140240123934245	0.05567148274575745	-0.1650658248298839	-0.06763175653424834	0.029618689900411867	-0.052540434510507626	0.12889350697983604	0.12456142063944685	-0.0036429877977737835	-0.1829329376981702	0.09677254714437618	-0.11311572141903262	0.06004411877957902	-0.008773341724089534	-0.09366000019399642	-0.07366169482579397	-0.014009357436345501	0.017988282857005593	0.026968364968919255	-0.11008409884147782	-0.02540172805353626	-0.05183894750778225	-0.06448466574683422	-0.18977695989337726	-0.020795256194767263	0.2553153784628622	0.008527523070582485	8.040143155801956e-5	2.474474937586059e-7	0.0837184966476398	0.0007083543099792289
0.07955614391279076	-0.0004477401496500895	-0.005857271879040706	-0.03916934282214884	-0.1328866275789763	0.003632877808486286	0.16789743110371697	-0.06110900392489108	0.010491279690683211	-0.04923439163522142	-0.18213934007329932	-0.034745690580725144	-0.07531199192173468	0.10202312114508405	0.12857597762709685	0.06342126395132192	-0.03507446144827975	0.10741298337884946	0.15355688360168276	0.10104888677394773	0.0406601298465675	-0.13180239735215954	0.09720398432346149	-0.05295351135227875	0.007058778844756036	-0.0441100240155505	-0.11842747335361478	0.06744478409870537	-0.03381581129690914	-0.10562144737814717	0.11477118455472293	0.10128640178348534	-0.00840520025639796	-0.09422574459280206	-0.12162925063072179	-0.1321992612999498	0.03004075960746406	0.1635270478519828	-0.14099559945893478	0.06790937754791035	-0.027373607366535855	0.13734260580616484	0.16609551376236684	0.0838511417528189	-0.015204555496244011	0.06752800191934476	0.1833025197464088	0.095276408480253	0.022399046240506825	-0.10798195576531691	0.1063110379326025	-0.1199839951655789	0.027486032438675676	-0.05146231333598162	-0.1616653825156678	0.05957367325532531	-0.009010027022966199	0.11636624550900986	0.12617598895458987	0.04981425926259138	-0.010904091091670011	-0.05972180964796797	0.08633487490422696	0.09539925037626905	-0.01689762830629625	-0.07316202929908477	0.09214304671767257	0.14109083154970128	-0.03129650839159191	0.0833051557232996	-0.12031556366649802	0.1601543012509625	0.00795280314949181	0.08320995281214522	0.14647569276381434	-0.15161862089068204	-0.0549881570150418	0.07678036927660026	0.22222476458175058	-0.08835512773344194	0.07026050103893787	-0.005544480668286909	0.04842055255485318	0.12934920699633287	-0.02705841259108532	-0.04589568263467379	-0.10200979897347003	-0.04130220465934849	0.09952372827505458	-0.00809660298484974	0.09516701514394552	0.07328531966302251	0.19393610512794698	0.028559023403870957	-0.31829576203477383	-0.009997802098178145	-8.513354133394192e-5	1.418891892524956e-6	-0.11705335638610065	-0.0006895831089707396
0.05840194523886318	-0.00035895769959993975	-0.004945049615844437	-0.03467496539602153	-0.11814528035682911	0.014180639431574783	0.20704521842006143	-0.0798996579151815	0.004767715696888427	-0.030804881190435403	-0.13609264764637116	-0.0819725201441347	-0.013358879670375995	0.05267722616481141	0.13197259644921777	-0.014942134818839204	-0.014700121400087664	0.08370458370859085	0.15428270490133272	0.1220225100996957	0.12183886235717636	-0.10783562029986694	0.1179626198189572	-0.1246168836643627	0.15749992576098396	0.030841419540439348	-0.10500242757978138	0.1710490388975132	0.06957455429217198	-0.03321931686839506	0.10469160285868469	0.20107297960999335	0.08073706400192086	0.010353352280442792	-0.057004162455371876	-0.14385476884499065	-0.0716151385044464	-0.015461011042056265	-0.039549007645845645	0.11209725719013412	0.09936473883991107	-0.006303238911023129	0.09657576554632046	0.09310366543024952	0.16595228305319543	-0.03685357990909236	0.025920655619509635	0.0824205569939474	0.12467238214223965	0.09747275290604326	0.02026835814165243	-0.12055113488158763	0.137674336627148	0.12935916066399017	0.01022360507970109	0.05381634025981827	-0.16388274191110117	-0.05884625017351311	0.009606469614656239	0.08516007752050331	0.19790564040990413	0.17536762974749695	-0.049125178151558584	0.0743803379763617	-0.10745589224521998	0.12271221697873642	-0.06216281025063886	-0.0064030458244511545	-0.07724997816406587	-0.11264089631639608	0.0675623964294237	-0.005488463449688299	0.05879189287704092	-0.12596822363570706	-0.12380189651101842	0.0610926295139279	-0.05339353224902303	-0.09872659148435443	-0.12478827139774984	0.028208288018265283	0.011010476006255598	-0.051751395758168575	-0.0649887049446814	-0.10476569252757065	0.116929156194269	0.08854502767150393	0.14968332699974157	0.04219995404719909	-0.05807075301468167	0.039168535711779924	-0.1121088264870975	-0.06394680103751721	-0.15139471312156844	-0.030662996595721366	0.32076116053012466	0.009640021032236306	7.564550926958268e-5	-2.8919725567652015e-6	0.1348258963729472	0.000594511302083388
0.04523005614073379	-0.00030503397070260534	-0.004430370500144704	-0.0325707336104794	-0.11144843838835869	0.02554272056709784	0.2515803346508915	-0.10053978820824311	-0.0010454606499531826	-0.011504518341942957	-0.08500773665445792	-0.12359173905797859	0.04978154562848863	-0.0022189141019482396	0.11527394400498325	-0.09065595915220817	0.008467939774073355	0.04022575064425234	0.11073400050090486	0.10444064106173725	0.160230419990702	-0.04237777265561645	0.09011385442242027	-0.13808442072291843	0.2287056854277873	0.08911538459202509	-0.02886473934769851	0.165857478274715	0.12566928753734644	0.06399826902533574	0.011747135951244457	0.13310907834173355	0.09837684265600431	0.10482225448496102	0.06597277536208913	-0.0035671289900368517	-0.09296340386631849	-0.1759875721592911	0.11075941941924584	0.010284015808913019	0.09346166364046032	-0.1411594759006714	-0.11488665735515535	-0.03891585840055509	0.08194262448518987	-0.08002354995148593	-0.17597507130915235	-0.0774319699267278	-0.0026590061780317805	0.11826915880642144	-0.1054201628545957	0.12281785712640333	-0.04015049986768268	0.03278814507181699	0.15939965656032912	-0.074346233558641	0.06285237808842827	-0.09279527985795391	-0.13033660266963187	-0.09312781457112039	-0.10438631090060148	-0.050097843766241906	-0.05104431137520784	-0.1524829290004124	0.10240220523002251	-0.03299566543603396	-0.033580980035472316	-0.1347710968294378	0.11005041195762119	0.03732998570499529	0.04404491750564212	-0.15373513850664203	-0.07945415448556743	0.07583062514408341	0.015523807960844554	0.06867381497287009	0.12967912740953466	0.06518002583503452	-0.03636934997235206	0.0455020888538182	-0.08741344269697933	0.0883626628514457	0.05738098097930369	0.042326922630210935	-0.17215093894645228	-0.10716856636265785	-0.1596842343312814	-0.033785218104825765	0.004668677012829361	-0.06260085786277356	0.10969772000865975	0.04547169398407809	0.0882383149072262	0.02989867989883736	-0.29580615667136034	-0.008528296351474556	-6.143743077387786e-5	4.273760790209418e-6	-0.14878094893643737	-0.0004958658930756746
0.033897438761126844	-0.00025144484133743367	-0.0038464806972797133	-0.029584355723406376	-0.10163950163835152	0.03591912650203133	0.2785063471983057	-0.11385393284157987	-0.006738607997631272	0.009225671687267572	-0.02261386188556101	-0.14488970272831972	0.10371775099249689	-0.05666821544247727	0.06995478467860697	-0.1415902129444485	0.029213649348363683	-0.01661635751172282	0.024775930744408526	0.0438308628897087	0.12696815099768205	0.0434543003203138	0.016480791879861317	-0.07380876951269841	0.16289476554666868	0.0906439344399162	0.06728381830265662	0.03924755358436324	0.08427010236610478	0.10726321155086709	-0.0916232450335992	-0.05868494800345874	0.019446411172644965	0.0868663394118953	0.11508290421370711	0.14083069964735329	-0.0011387737544056348	-0.10947573951305455	0.11359282570153904	-0.1059110560895439	-0.04617648158052026	-0.06562133393762748	-0.14646315861356565	-0.10814943462628333	-0.14086652035452488	0.017404235822180526	-0.05877055584776635	-0.09175038835114017	-0.12483809483609798	-0.09634620963280079	-0.014780180737838138	0.10587175179174382	-0.13012593810568723	-0.13724054840426272	-0.06085390016128411	-0.026270053155612084	0.13719839138057666	0.10492520518138045	0.05935715579987827	-0.0288524487618358	-0.12707259725833692	-0.1391849952324268	0.09069537878161693	0.05728418561477335	0.016140577285079102	-0.09099979357885643	0.09702287696927113	0.1523605279085389	-0.04550931005293204	0.06907735957662192	-0.1215132792384858	0.20005377341475575	0.04546713968221762	0.022947827665587756	0.10199789886129007	-0.1609239783387264	-0.14046259707913855	-0.0012549074672956598	0.18244751388577485	-0.1017022991999537	0.1335616279842244	-0.09814015116371022	-0.03393684170333801	0.03134196445108787	0.19288910325792769	0.10700267277018612	0.14482739623983695	0.02115877533965905	0.04924580472026708	0.0798337819603196	-0.0988824347443434	-0.024865604173946957	-0.021538860633444224	-0.029208261734496362	0.2739655773114246	0.007568411768936601	4.9294700748491066e-5	-5.93097789992893e-6	0.17280844474893134	0.0004418499157867651
0.0319109471673819	-0.0002572343787663338	-0.004106628276869965	-0.03275060477411139	-0.11288303983383682	0.05335233567823441	0.3514023350385897	-0.14563363852499558	-0.013242027597308803	0.030977779941419092	0.03747298239235757	-0.17642129938456513	0.16285651512414434	-0.11302585562363923	0.023710152349045475	-0.18710390887879796	0.048469212733234776	-0.07184411951369524	-0.06484727191329409	-0.02453397121703328	0.06677092724872218	0.11860864034094226	-0.06165183556034122	0.014673137250517668	0.03778312464034819	0.05575986825316202	0.13260222213245632	-0.10686885687570374	-0.0026976813243695594	0.08531427654574571	-0.13521172859954658	-0.20967898841609459	-0.07400237342397914	-0.0038379798760981333	0.06239035283869689	0.15606043070795142	0.09180451818450075	0.07253617580281803	-0.008121111694012344	-0.09888798680715591	-0.13059423414878235	0.09229914268067624	0.016861159399917693	-0.02831805270462954	-0.1581783296111707	0.08834448377237758	0.1511899677723575	0.04481070346085174	-0.03446462675332859	-0.14183334085892108	0.10271549457129567	-0.11058634801846878	0.03402803004665697	-0.03205800552405288	-0.154374451173188	0.07790479090731145	-0.08885188427247158	0.06535599825805424	0.11288165411631185	0.10379094270199608	0.16074471744985702	0.11790688228116065	-0.0014992800465123992	0.11648453640409412	-0.11300138295305785	0.0990665955457238	-0.04433194820605028	0.005577001577154024	-0.06998267882649462	-0.10170539758623472	0.0762353706131448	-0.05242724031095626	0.030479764588338076	-0.10161265382590885	-0.13481026825769532	0.12743624215463842	0.047280963937035556	-0.06355005720830308	-0.20999447627037798	0.09485988801949087	-0.102088568837416	0.05504652299971109	-0.006850385518909926	-0.08932822632402419	-0.1296504279008295	-0.06292513895604591	-0.0733834428114924	-0.0009212211660801004	-0.0861799935485934	-0.07039555628268004	0.05724894548337502	-0.002750519326515594	-0.05108822175667592	0.02172454769461345	-0.19061305587694186	-0.004964299761805718	-2.722225118134336e-5	6.576331885551818e-6	-0.16791590700240844	-0.0003237436446186441
0.023984237616217916	-0.00020496155509996115	-0.0033711791349222845	-0.027601518819729397	-0.09537089508063595	0.05662562477293587	0.3199990811939548	-0.1337696819401369	-0.015221648309570672	0.041853632197981064	0.08407520455448722	-0.13893033865580473	0.1549461334079807	-0.12098673344039587	-0.033799106811408616	-0.13903739268056423	0.042866072171996436	-0.0869094641209816	-0.11492668635408998	-0.07722652892514613	-0.0384303730692618	0.10983658827324905	-0.09447737141973857	0.0915658087806036	-0.11853400466834083	-0.027277196707967216	0.07591622118814526	-0.15051095272523835	-0.08696073693114965	-0.027907925064145907	-0.028127991888809285	-0.11805236738531763	-0.07802297127489373	-0.08955544766039585	-0.07430897352685462	-0.0439257056457357	0.052163122164608514	0.14451821053451008	-0.11717988572502401	0.06885566166601302	0.0014770733145186166	0.0917154461934362	0.14996044519057683	0.10362397123587863	0.12831926461325038	-0.015970352262276506	0.05270163048677569	0.08698593640837063	0.13050729743662773	0.12716509255670752	-0.013864571468493203	-0.06757169299845685	0.11601052380336983	0.15221765585336838	0.14490242209464763	-0.020264676298165182	-0.07932288615437	-0.15220245204244687	-0.14468824319847148	-0.05744370680700367	-0.01846262526902862	0.027284994918923052	-0.08913431483515621	-0.18428555663035273	0.11025673296396367	-0.026683736284903267	-0.04094720607687377	-0.15966538222990653	0.13944684805975832	0.07267959813726642	0.010840818313437915	-0.12181123299305731	-0.0923756722364208	0.13814622090885062	0.11792709663895118	-0.05323491042540068	0.05905870522891366	0.11315023568435657	0.19810336856482344	-0.07302899808339434	0.05843668509600644	-0.007721846377465057	0.047300761996930805	0.1438750051238324	0.06984804489771623	0.022087538417972792	0.007160466997204512	-0.019222227105435474	0.13320247379339192	0.06995276332689888	-0.024214391185342216	0.030861600757750476	0.13325150308487685	-0.019221974629588492	0.15250125830158126	0.0035745494525131066	1.2239340483349025e-5	-9.137115846952573e-6	0.21247703496946985	0.0003082050861975267
0.015441804047518937	-0.00013931705716597133	-0.0023594324894919308	-0.01987387550252977	-0.06886900232847755	0.05395740677628171	0.24497009696864536	-0.10328453464929134	-0.014443920458100756	0.04475131131308389	0.11391523853929945	-0.06937991311848714	0.10810878201336839	-0.09655775225148965	-0.08067451216803748	-0.04374359943421401	0.02215699871557841	-0.06733757903644899	-0.11336713010968423	-0.09298000180445298	-0.12389655299114712	0.040971504378135466	-0.07303430049443013	0.11083164321765489	-0.19597470520500823	-0.09113565815126733	-0.03843576503033232	-0.073984909396478	-0.09799117023747572	-0.11575150541604788	0.10578605208602553	0.09122848293845277	-0.00027764622667798296	-0.07328135267003069	-0.12287839477883922	-0.19038499351058377	-0.05444157327119502	0.020473026177240283	-0.062441511236860606	0.1357394480950494	0.13133683994010065	-0.051651753807891845	0.03830847134924697	0.06150738528739919	0.18894945620500966	-0.09116657940958701	-0.14484802424825763	-0.04010008022237008	0.03394056815630348	0.134608889766849	-0.1010739726361387	0.12314511540764603	-0.06353408211398122	-0.01462866096857239	0.09873656050143509	-0.06905215912116543	0.12779091643610857	0.020319151670165327	-0.026726136440351933	-0.06524826941442817	-0.14699184808229485	-0.13942317982553265	0.08000265441552606	0.05486554202814432	0.0073678516887945075	-0.07165050786868794	0.08955512594229471	0.177932759427549	-0.09481827716653778	0.012068055340703682	-0.0902334994117346	0.21467061835824888	0.09686267842502584	-0.09523135386701542	-0.038647398268595756	-0.04651704351131807	-0.13948504454032676	-0.11752034259855466	-0.11721620681240687	0.027939517471107927	0.0015642914267400563	-0.04143554065546322	-0.0778345174721091	-0.16979329121364828	-0.0006878726658981029	0.021157363606576572	0.05970216254079851	0.038244550712641975	-0.1744416878843126	-0.06722295424238457	-0.009068973630447803	-0.05957364703173374	-0.21890378567043736	0.018042036260270043	-0.126111536890703	-0.002485565703783832	1.5201998713559287e-6	1.2892882230049909e-5	-0.2855178746545154	-0.00034085127007915753
0.010147718054764492	-9.746690120461585e-5	-0.0017112129073480363	-0.014980481424623687	-0.052130787719264174	0.05836335740392016	0.1943650859957012	-0.08280035481825297	-0.014458963621746132	0.049681230159736495	0.1479315522280383	-0.0001953539045304602	0.0596285669689582	-0.06906967827054318	-0.12120997232537205	0.056083804618170745	-0.0011303891971945431	-0.03682258560764539	-0.08762768917044293	-0.08620548668598767	-0.17498186211983194	-0.04063901167973231	-0.0268781851687526	0.08650559663770409	-0.18926381542818788	-0.1124276079078172	-0.1326640278030724	0.04414792665164357	-0.0496289906687363	-0.12565530987359227	0.16376344511956198	0.2311214243917174	0.07769311083682247	0.009153516089822376	-0.05471824233038675	-0.1497826090690273	-0.10400804516607215	-0.12650985325948158	0.06484102616606827	0.035830858088818716	0.09555294457837034	-0.12679849894526185	-0.1268249171144726	-0.06940625037169038	-0.03841069747267252	-0.021657839242117168	-0.10432103626525134	-0.09862243846800582	-0.1226325050909137	-0.1030403440249456	0.001974655905172556	0.0737504061940443	-0.11484741876968499	-0.15118374196029766	-0.15950904755299225	0.03413157466376007	0.04675407706144145	0.1455607328526076	0.15429424705844394	0.08582224030606236	0.09326245294479167	0.049752382842692636	0.03755671783466787	0.14622122793634662	-0.11557658789159324	0.08338887640307249	-0.036821910278835	-0.002841858890291461	-0.04976900162115189	-0.08471494030389332	0.08437448743319804	-0.11344456906071104	-0.01828947895485763	-0.024929147993576355	-0.07020311254408823	0.11296314070109614	0.12578617071291734	0.047174856299464954	-0.03216223051397911	0.03264289979440084	-0.060758395281872817	0.07097843615270578	0.07367875184418465	0.12184905878683877	-0.06872681670737707	-0.057102514388016036	-0.10713986122737791	-0.04600932141376177	0.16693321376416198	0.04642856430886907	0.040118577957578956	0.0753844388828141	0.25861931119651865	-0.013845033118760564	0.07964899330105367	0.0010190455425184723	-1.5072873386540066e-5	-1.5291681445178267e-5	0.32943703424542703	0.00034633406623663874
0.006854247151091106	-7.097571327253681e-5	-0.001304039178692174	-0.012025568172158682	-0.04209452644691019	0.06965006576889733	0.1605708060524562	-0.06923976801910295	-0.015076580769025917	0.05621090843574498	0.18541684938453662	0.06899075602733024	0.009454437770029798	-0.03848086949446676	-0.15061858889838028	0.14935770838886844	-0.02427130460250222	0.00016296580419561578	-0.04204060397651136	-0.057405478454155175	-0.17519855163085143	-0.10907063059019137	0.028727956839553093	0.027012640009984143	-0.09878255922688034	-0.079722943914659	-0.15568102303537878	0.13687009880880105	0.02946907037595055	-0.04929066150153121	0.10202259943224322	0.1921711842302446	0.09155530854170922	0.08320336419477906	0.0661449605941618	0.039966643294100754	-0.04323160605395069	-0.13008147637995177	0.11593502032506235	-0.10857894118445599	-0.06200590239268298	-0.03279750560839966	-0.11322595853911055	-0.0992024425475551	-0.2067191124496488	0.08251362936318989	0.10904942112497784	0.012784117012097503	-0.06077326371244955	-0.15171458599461463	0.10128017491659554	-0.12041908822906804	0.06715386111289132	0.027311259948920936	-0.07303220447749449	0.06174700871801375	-0.140324351745722	-0.06982163112943543	-0.030769293600500115	0.02678763684337836	0.09830120451631841	0.11127552488524974	-0.10471159237444032	-0.15824192300772114	0.0776095423981717	0.004553789676130685	-0.05709273944210928	-0.17529972486346532	0.14254664359434563	0.07353644636438625	8.598023530947018e-5	-0.08884887064546468	-0.07572540632851295	0.12519805412700874	0.12626563481399347	-0.10002086802091699	-0.028867960471475367	0.05253961754422446	0.1631726771272074	-0.07555553244753897	0.08941558732001187	-0.06785973522706179	-0.03765901631902442	-0.02250852981910257	0.11362013404821897	0.07410045638034687	0.12113357665579909	0.04083877034324574	-0.11498070889786823	-0.013770979424984202	-0.061816678078347474	-0.07586592667772768	-0.2474805282978737	0.007515717456891479	-0.021561213404027953	0.0005887960337310396	2.6773582995225693e-5	1.6283065525604883e-5	-0.3441072492701773	-0.00032879208224254595
0.0055097708652844316	-6.185800111394747e-5	-0.0011942669388088298	-0.011675388618610892	-0.0411405621255687	0.09522161031771688	0.15466601938595023	-0.06750651870627385	-0.017637176749422775	0.06945215121528879	0.24341835844904766	0.14364515663090405	-0.04016385142992126	-0.009520045840534718	-0.1793345277525384	0.23820274991966647	-0.046383654112948106	0.037134090940187235	0.009402757823776125	-0.018944088148359642	-0.13976080187822001	-0.15164241317317992	0.07673877094940178	-0.04110621891168773	0.026807246593400034	-0.015680804944800883	-0.10870697128039428	0.16274754191748284	0.0928862310179902	0.05661630570644059	-0.025404938087577947	0.02127487189660699	0.037854088333214034	0.08829056242538731	0.12906701160931938	0.19340394717096565	0.05963980491858979	0.0024639391334503363	0.040914203298637354	-0.1276038635845956	-0.14594981359432938	0.10209506651271492	0.0500673370177256	0.006878283024560253	-0.07524797460983199	0.06181960749922389	0.15125124509696147	0.10327808579246955	0.10403558634613742	0.06462486098648261	0.017433017069000852	-0.08870189039644287	0.1185866158517614	0.15127415746621345	0.16490959614136524	-0.04196294189795103	-0.02137328973430923	-0.12790409403907044	-0.14551159049345921	-0.09549107057007314	-0.1360119512800069	-0.10300392068873217	0.022203312379949526	-0.04814495144435457	0.06528185811595294	-0.08665587951543753	0.08217672332316003	0.1499742842889061	-0.07450297219388302	0.016818633287422797	-0.08445885316016047	0.20423959557471366	0.0992026382185547	-0.11465110594452237	-0.07637468422970481	0.008064071425015288	-0.08966637325261545	-0.11496382713183093	-0.18676596608582754	0.07098114985997599	-0.06533591657481437	0.02759723160135172	-0.01793101150669049	-0.08828888999797194	-0.1080667914770111	-0.06004959486842571	-0.08675238346266047	-0.02062546743329778	0.0223896988012881	-0.023606115770696975	0.06371515564368709	0.054304752460368456	0.16609763737484665	0.0006264795622734537	-0.041553672246632554	-0.002063640728817823	-3.2850058549773014e-5	-1.4355919201260866e-5	0.2982201529481505	0.00026072112721633485
0.004366179653966437	-5.254802817263552e-5	-0.0010608160904398034	-0.010959897420167683	-0.038864788512489576	0.11671821227830223	0.13728517129151643	-0.06057043695776516	-0.018098689412967245	0.07376955712275078	0.2680132419592543	0.194077038773726	-0.08218726744763684	0.021397930945505975	-0.16277072963156308	0.2609366687674292	-0.05503238130523995	0.06161286215839691	0.05720547373035018	0.02740163026278213	-0.04123538564866784	-0.12067046958540933	0.08543810060567816	-0.0859089299496668	0.13622421094748893	0.05841223484844325	0.014086768273164574	0.06879893744244113	0.08385189749435193	0.11455579420579934	-0.13017804900644075	-0.1695027152478482	-0.05316522963208732	-0.0016876157052087895	0.046935688150148556	0.12318021459193311	0.0896554132432055	0.13182031027193045	-0.08875549724701456	0.032357258337035906	-0.020439202956359353	0.08438839252400003	0.1347562335815635	0.10183282219649166	0.1839992569801356	-0.06774862006139619	-0.0814508217293065	-0.0007743562265666665	0.06681942343767935	0.15205840482156577	-0.10226104466224194	0.13139387102560635	-0.0899471132811487	-0.06430960810133352	0.0199583321255782	-0.046022714854087377	0.14948838408692466	0.13387225957689577	0.10837417929384936	0.03135042352994258	-0.005436130874127834	-0.03644890535073332	0.08653597394896266	0.20001612298885152	-0.13609797080115704	0.07909632612046752	-0.028559618956790694	0.012246501903637599	-0.05912660894059779	-0.09323426341264399	0.10372332553528363	-0.17049309460703738	-0.05486455988004383	0.03104437517281243	-0.018672251441569022	0.08826419147061086	0.16328644260990266	0.12429009851039628	0.13370771809038737	-0.0393901964465335	0.018917485093360387	0.020929891486634204	0.06864771031414865	0.17603288762643654	0.08132097330462779	0.035722990213533	0.03923140524043443	-0.0020723010103960364	0.07256451989136475	0.05874474837721729	-0.061000201575397615	-0.03042699636574471	-0.0787438293283681	-0.008772859370143807	0.10528079406533983	0.003583904701875703	4.0168993218704925e-5	1.3414328450374351e-5	-0.27377652987250894	-0.00021721220171320443
0.0027755944095484955	-3.5779159526590435e-5	-0.000759052820724644	-0.008379850534974524	-0.029944482628920212	0.11701522048340358	0.09065774450650736	-0.04055672498691997	-0.013893437778677856	0.058366498264883375	0.2186161554327245	0.18483727356845256	-0.09725872647526519	0.04494606288034065	-0.08251086957044297	0.17502239257324786	-0.04006656063638001	0.056810228192597345	0.0749166568556408	0.05853874182520543	0.08162854395691933	-0.014422175929346618	0.03850757631155861	-0.07005535811503695	0.1445440996717135	0.08695514085329378	0.12509967664295157	-0.08535601128659012	-0.0022288103921841314	0.05953477768794453	-0.10079364010052949	-0.1783476342133238	-0.08439084369720135	-0.0896143798051475	-0.09446119744192237	-0.10659654604965489	-0.0022991775610158977	0.07226193054690182	-0.08755247214388027	0.14243948125387468	0.13724168245185103	-0.07116792021577259	-0.01082765375512931	0.01792633998207254	0.10525767660878321	-0.06859473909592391	-0.1548051338532196	-0.10326062360489394	-0.1094292492698016	-0.084927094884285	0.0025182467934846435	0.05420274175665772	-0.08881017453296643	-0.1266169298916672	-0.17410384926787809	0.06559812930528101	-0.06347590099081231	0.04227846023315308	0.0726667285890029	0.07205134080928675	0.14047831812889225	0.134542452598541	-0.10505593985714277	-0.15317364822335705	0.0755486738703443	-0.0006783325157389021	-0.048444075082134865	-0.16498903601682088	0.14891520432936342	0.10532070998228762	-0.05742918526229568	0.03592192827418584	-0.01936195566614438	0.06803485638374315	0.10527173756214273	-0.14899943699379936	-0.17778572206098045	-0.09346691087892833	-0.044337307490824346	-0.0017245140365943674	0.03134252079042082	-0.06609490961358178	-0.11023797696198473	-0.2422520658403776	-0.04991797655028834	-0.010243079922445032	0.008784942048897371	0.02480815844231777	-0.1699342175675112	-0.09646877935205873	0.06233743721672277	0.009475627697004864	-0.0005081824375630313	0.018195803451708514	-0.18517587425018955	-0.005680623784845881	-5.4584117116889115e-5	-1.5256046717406722e-5	0.3070288722342344	0.00022432334241077298
0.001938927396531528	-2.7313065854745964e-5	-0.0006207419952302399	-0.00750824769427279	-0.027103959998826192	0.13982244329399196	0.0586230680616652	-0.026954735976496173	-0.011301903035382635	0.049189702199403905	0.19062699636244423	0.18789599127279238	-0.11681060739424176	0.069823787158615	-0.0008216504329340215	0.08169117219223748	-0.022892982167353207	0.04625568773343013	0.08123864397621937	0.07907887215450093	0.1868416762091976	0.09542902199085444	-0.019093875858953675	-0.030939710857709368	0.09965198200263262	0.08021129004399727	0.1782784765159815	-0.19673861880011986	-0.0870951771404474	-0.031925904666788685	-0.005231259886820958	-0.06246846067266255	-0.05226624807837904	-0.10212447020101761	-0.15191073088569768	-0.23816795871680796	-0.09198578453920278	-0.06383070149505958	0.010004710166446043	0.08622286925952043	0.13023954189775055	-0.13708726331146462	-0.14195868754291205	-0.09076183128162876	-0.12746563337368355	0.03523440462388045	0.01679911211692623	-0.035516583726514964	-0.09891289286457625	-0.17248205487401863	0.1027115570396367	-0.1253536431465908	0.08613212590898975	0.06550155941031591	-0.004868422216057385	0.03686821377634523	-0.13719965978348667	-0.14510169211794827	-0.1300405021122432	-0.05827371493251962	-0.057442968471469846	-0.029649125083318302	-0.025242647527827462	-0.1031320548074201	0.08617747205443693	-0.07860104196116922	0.06766030300704032	0.12833135020798025	-0.07259232368934027	-0.005348642496513383	-0.04664177476411851	0.13332724344254263	0.07579932255372943	-0.10776047800670516	-0.10487391083469062	0.0939239776516647	0.06142253326668607	-0.0025055883216535384	-0.07365634593022154	0.041777302560049835	-0.06351568051748688	0.07592314035337551	0.09594349422120894	0.18824692458790326	-0.0030131271035273503	-0.0193984423093146	-0.05340479023736255	-0.03872172664054058	0.20940508437924715	0.10235909594904535	-0.044501459584447886	0.014108290103548566	0.07962241958621796	-0.023461231717223387	0.22425251570946816	0.006566489615065749	5.822749409884039e-5	1.455743849575261e-5	-0.29015585502732216	-0.00019981471186091156
0.0013648444170327749	-2.1465191329665095e-5	-0.0005315571789542945	-0.007144792908620257	-0.026075027623327147	0.17048396519571263	0.02804040879703184	-0.013942951300894752	-0.008483798843902289	0.038560761778990635	0.15534218665650532	0.17786591548239533	-0.12583440085657244	0.08725727358733439	0.08099370837595157	-0.026227943725818173	-0.0013400026205563711	0.024717996968907058	0.06414590926147351	0.07453346931506862	0.22620624427896605	0.16844332336096068	-0.06880365694884148	0.022663436150979085	0.004502039381283009	0.029992860677222965	0.12475746327700275	-0.18273935167622335	-0.11264669425601506	-0.09949738412441188	0.09447828274532452	0.1056048575221059	0.026211868241879266	-0.014780779227814686	-0.053667978900597116	-0.11788214671269404	-0.07840645944432996	-0.12362526342142324	0.09518879736119187	-0.08240265184714142	-0.050781594535820845	-0.011672503724569717	-0.06426764736313571	-0.0616177915914987	-0.15635875096962848	0.08049719981967522	0.1595330131389086	0.09561556006686153	0.09389162148714483	0.0669393020669202	0.001867806184601685	-0.051099122095840804	0.08077921987276933	0.1170792196146339	0.17518886714527904	-0.07576457218815294	0.10872342707910994	0.0160238438809303	-0.016182759498149207	-0.04233962801556154	-0.10694289827306394	-0.11593831746886084	0.12322134989298972	0.23245207595279507	-0.14422946997550654	0.06877403947587599	-0.015381712753196022	0.0381668378769835	-0.07481879272656111	-0.09958577552103055	0.1101410754518405	-0.19202481186532586	-0.07291829367893679	0.06815246657259841	0.032091007379902683	0.021362330199828736	0.09178630720764289	0.09707286799094081	0.15413073891925322	-0.06179437285111662	0.06768642989903961	-0.05550052042994598	-0.046077976124839444	-0.06645760558175266	0.05505513821290186	0.043800665953391826	0.08465043490663979	0.044138823011030344	-0.20604913394788776	-0.08841291376582501	0.019039052564514228	-0.035694098751712255	-0.1479943247605791	0.026561398808911188	-0.24443945734925976	-0.006947008987988933	-5.8310518602902e-5	-1.3417504487107426e-5	0.265430396179806	0.0001743550369338201
0.0011275888285158246	-2.0065338819221206e-5	-0.000543634769211048	-0.00806053684239217	-0.029692645184872794	0.22970735290806799	0.0012748721944221709	-0.0027891594046727695	-0.006440381154616523	0.0310876087820122	0.13141114889037925	0.17525300329848767	-0.13752979727783782	0.10510488414034405	0.15939443536716946	-0.13238419937729226	0.020320094316829334	6.377047587641725e-5	0.03570827617647155	0.05464452936006823	0.2110394782360082	0.19519417597121413	-0.09773828621398857	0.06817825874236993	-0.0924170821223901	-0.03314169686557089	0.010462079242551532	-0.07262994121596332	-0.07402629774378569	-0.10369803011976673	0.12980986437596098	0.1972025917255451	0.08436235883336342	0.0853690502005068	0.09360222227549185	0.11393393415576479	0.014462855807627495	-0.04941515055779595	0.07325061595769863	-0.15277610111880136	-0.16960619636003535	0.12873383168673483	0.1008045973727504	0.054238107465157205	0.047369072688777616	0.0009224071367191147	0.045864962724690365	0.06674596416224117	0.12411759164929488	0.18691741899433273	-0.10242379670128851	0.12092837022253776	-0.08466834935516905	-0.06951149683308466	-0.014666508592064847	-0.024413257433547983	0.11345091560811443	0.14044768828422474	0.13526747019700652	0.07514623000721515	0.10796740167442538	0.08948675122875217	-0.049709335505295535	-0.049669683268209336	0.012707494118453004	0.026677642219892727	-0.05486323625471754	-0.16179906945997058	0.14062946649911817	0.10103680799902623	-0.0655680440148513	0.0701162186177347	0.004853251677163628	0.02921912729544982	0.06641512251421496	-0.12057519251943258	-0.17971373829574164	-0.12638826908885972	-0.13892951705977868	0.04529440031281335	-0.03447838915973286	0.006783673725763364	-0.02600221779503083	-0.08666260978056313	-0.08472088680990361	-0.05149515731169115	-0.08527027716847824	-0.03495547911793454	0.1376069480741519	0.04748718867554166	0.011806369856781582	0.048249755479838376	0.17991869506579652	-0.024252292445931755	0.21681533390263374	0.006019274299241035	4.833461670994809e-5	1.0376621084291202e-5	-0.20396313500120897	-0.00012864920579618323
0.0008667565256108216	-1.7451997814218854e-5	-0.000513746120464799	-0.008261651419943086	-0.030652834753742628	0.26592255014858757	-0.025658396455371085	0.008739607939722968	-0.0032609868015925107	0.017836582977211263	0.08190641085881274	0.13303357562384027	-0.11532877677055059	0.09531505254194395	0.18840579085172027	-0.19420364386909292	0.034916209549238256	-0.02461556760327258	-0.008603753554194097	0.00887822874562383	0.0885029631522553	0.11608146812540296	-0.07099674515370837	0.0711099095182541	-0.128279023324096	-0.0731321754450235	-0.1117304718945506	0.09512136713780876	0.02658159375864334	-0.014092750592502014	0.041938651087812646	0.09320209929323173	0.054505246428023756	0.08870167652765196	0.1303066982266906	0.20745543380940956	0.08883467481116428	0.09158723448522862	-0.05073031958413822	-9.060267536140215e-5	-0.03529659054266497	0.06933924649634078	0.10183324824330862	0.0792478509022765	0.1679435381398748	-0.08032980923243846	-0.1537953143288336	-0.0916830939395338	-0.09379884189677877	-0.07666807824060709	0.009771000196254147	0.029199557078973638	-0.05964799976036355	-0.09609044101462848	-0.16962725494642839	0.08631323136797978	-0.16387528857851072	-0.09441324589977035	-0.06371881249595578	-0.007722879075686096	0.027031886653424066	0.04579742655262241	-0.07967755463254153	-0.18650541564059284	0.13211534346689602	-0.0960567985215797	0.07571280530322252	0.1470245952634937	-0.09070997727371717	-0.024543890761207967	-0.02578911424074075	0.09896926329564944	0.0662510671017962	-0.10964751375015687	-0.12946393952328164	0.1613424903384254	0.18793175306194482	0.10457990239119407	0.07467976306440499	-0.014153131447792967	-0.008540047505506495	0.04357552766443263	0.0925071875997139	0.22212577242503606	0.10263274804078318	0.05333196181288962	0.07786666816378791	0.0235668830631635	-0.06253483584402168	-0.004782746179026057	-0.042474243606191134	-0.061515158174039505	-0.21569701651899517	0.023496434043974994	-0.2048241110135814	-0.005569337847282888	-4.2959729488017254e-5	-8.643402215688176e-6	0.16886292142260223	0.0001024436100610546
0.0007491187784178528	-1.7031316596779775e-5	-0.0005398150448724177	-0.009267934445916549	-0.034574654295901494	0.32499465912123215	-0.053991294379828365	0.020720003392446434	-0.00011333120821775702	0.0045901693401203935	0.031706125421593664	0.08550878316163003	-0.0861677034998863	0.07820171255761178	0.19410381616729327	-0.22712678616303109	0.04387269495928129	-0.04418312780649745	-0.05069221555111262	-0.039440045911276936	-0.0625890203485536	-0.004383367505213664	-0.017025884138611155	0.04286203588824724	-0.10326570075061958	-0.07566282875537521	-0.17037956563328996	0.20508436118846052	0.10987809079399588	0.08563803363939457	-0.0779311500694827	-0.085895803745754	-0.022067933618938138	0.007946391674806675	0.03734123516203347	0.08777550803143566	0.06612357628198874	0.12584108704452604	-0.11348244275130416	0.15271031650079755	0.14512327229974695	-0.08476792290635451	-0.04390283226654895	-0.013729329795444892	0.02496096569159279	-0.03045066507800416	-0.09372854791335423	-0.08921136923780773	-0.14164520304610292	-0.19719613927370078	0.10313202333056133	-0.120781759932827	0.08845361485056057	0.08064170483802571	0.047419597176598376	0.0031827050773411275	-0.06428613396346784	-0.10532377285622475	-0.10948831331751983	-0.07143859270596546	-0.12294371167786619	-0.11685972705763738	0.10467504316139975	0.18748376385988377	-0.11406498156550761	0.053680230909449685	-0.014303975275036523	0.020881831108204796	-0.05074134267111239	-0.07545121207480343	0.09394544229279697	-0.18304462305049174	-0.08353623418538733	0.10608773437494498	0.09929996175217501	-0.09387490736815023	-0.07781820379954715	-0.021005175882366073	0.029834517158044013	-0.024197228880150846	0.047539077855440905	-0.07527480164193441	-0.12196027857251723	-0.2709907408136208	-0.0872040616598037	-0.03917619033373652	-0.048643987761953625	-0.006305330767642905	-0.027188969160765113	-0.038990989740876614	0.06459822354580746	0.06423646372400964	0.21595094376563928	-0.019872344453226682	0.16948008278070678	0.004524939877904503	3.3678709838638686e-5	6.390748948862731e-6	-0.12416407876912955	-7.269966134774568e-5
0.0006323714113235649	-1.5956985092813868e-5	-0.0005361411777591353	-0.00965734141424457	-0.036166131115395336	0.35869589040004946	-0.07641375445734272	0.030372656198902	0.0030518097947008697	-0.009407931387466135	-0.02396380798955753	0.020548862572525868	-0.037673316095775976	0.042253213292262795	0.14394676503830464	-0.18900180590834378	0.0385469620879135	-0.04732856077189529	-0.07136522508606255	-0.06995269428594535	-0.1832208901091314	-0.12256774540226255	0.04626746430332409	-0.011209711123922711	-0.012309759919946933	-0.02702727792255599	-0.10418478522053128	0.15681642477416669	0.10359386620611485	0.10979247426708005	-0.1255584312730347	-0.18169480400029192	-0.07610728551038934	-0.08164531551265769	-0.09890765480652924	-0.13650791814103172	-0.03969613912969348	-0.0072181110367434175	-0.020654007401848338	0.08592285745074793	0.11215611923392871	-0.1091844780798812	-0.11916411736059475	-0.08401394438845525	-0.16128739963086874	0.07413099739658723	0.1399987196011236	0.08445568423097377	0.09056295046854498	0.08257429823650574	-0.019211321662086504	-0.009995521566413845	0.03952667356285467	0.07352291381825624	0.15269336661975957	-0.08761810796755609	0.19370612365023868	0.15087120778160318	0.12597339061832571	0.05373673708143199	0.06124694081426832	0.043216450522256436	-0.009701390200955595	0.017217546381482582	-0.025897101797490742	0.04234516408250298	-0.06029932989581106	-0.17046401409880071	0.14931412513638645	0.11557286058862708	-0.09299383274123968	0.13991568542717192	0.04666213059249413	-0.03866690239426083	-0.01392802328218265	-0.0211704027594968	-0.0685300690161814	-0.07153025915539243	-0.12315656648107895	0.05419119922635248	-0.07196095969271621	0.08708635596465272	0.1225684292403923	0.2586545383346204	0.057749985959716255	0.019698344251806808	0.013769270791792089	-0.01149334105104911	0.11500199579458621	0.0804426438227066	-0.0843232894267433	-0.06648320963857099	-0.21605866814064004	0.017081857458011367	-0.1426108791533521	-0.00373973278432482	-2.6859379756175655e-5	-4.802239762211327e-6	0.09277265291245153	5.236881167724383e-5
0.000489060058541738	-1.3580965358598595e-5	-0.00047976805258251434	-0.008986799545520126	-0.03375778481774494	0.34890128913182455	-0.08717045465410816	0.035301198305611126	0.005614275051009437	-0.021459006943938742	-0.07446459771298437	-0.04948856252304678	0.020901092840923362	-0.005697270905532207	0.046149915660280226	-0.08359064892177005	0.01900768246731127	-0.030838380693265017	-0.05880659773002508	-0.06586281617285711	-0.20677057836137833	-0.17169157623658682	0.08222861240286652	-0.058043529647425804	0.08703857919349961	0.04105264658326234	0.042850639452920745	-0.0192155298073063	0.008377493740053636	0.03231151621173688	-0.051368932684790126	-0.09344380795458451	-0.049145094823030824	-0.07692036362484075	-0.11623713409537828	-0.19221610961016514	-0.09390834682422544	-0.13036862035488814	0.10138252796816476	-0.10812805606622941	-0.09056829793196629	0.038161948393232684	0.002009537694916102	-0.01180682083728634	-0.061003279032135566	0.042339313077172445	0.10828867412597772	0.09240539370540722	0.1398022054645827	0.19115611849414066	-0.10054364769882974	0.12280278760403424	-0.09915247160638553	-0.10439290262307044	-0.10854319327736113	0.0365245335210488	-0.03396697554170685	0.017933516350792923	0.03241890763015454	0.03450537887109241	0.07632020389612555	0.08207432606498437	-0.095972254555766	-0.20377401332965447	0.13929921252195065	-0.09787928818970576	0.08188513459695579	0.17782374018622998	-0.12815998294561418	-0.06897520350783592	0.027651222191741695	-0.005598030527390471	0.0184489628697533	-0.050359796678650974	-0.07858587284973023	0.12640058511904048	0.18592867136329067	0.1366410102494884	0.1755970170879833	-0.06781133070788893	0.07742547764435084	-0.0796512988619715	-0.0994822106907407	-0.19907591504519903	-0.02150228144725982	0.00160463648319881	0.022110553063586235	0.028809413442348303	-0.19970051547128675	-0.12057835177864305	0.10455932009486847	0.07111057354598845	0.22535288030331307	-0.015745777546060474	0.1290330590228729	0.0033302791532710966	2.3163496103504087e-5	3.920227622332627e-6	-0.0753315962273476	-4.108073482826759e-5
0.00044507368987138586	-1.342578312767454e-5	-0.0004938282109354972	-0.009532574358862502	-0.03589002073603783	0.38231446343443043	-0.10598474381188125	0.04339139656288401	0.008444087283593681	-0.034328633190380674	-0.12715422197072218	-0.1194273263216434	0.07900599242915697	-0.053425855080983214	-0.05560907529822282	0.031091341791164902	-0.0028815679546780647	-0.009112517162740854	-0.033277862790679485	-0.04533650846096885	-0.17143953604709813	-0.16615784048353432	0.08976802809025183	-0.08162608556260337	0.1483800205616874	0.08965988130846991	0.1671394599041582	-0.18430163393498583	-0.09197737094600092	-0.0671607900674976	0.060068145549124694	0.06655911717385397	0.018077090264777496	-0.0021902414754741964	-0.022301277929613488	-0.05766664303811834	-0.049050715228673006	-0.10650854446644546	0.10489672101426809	-0.16852883977739008	-0.1784086879648324	0.13482762377533752	0.12036312854907807	0.07753138690978306	0.13270327850153793	-0.05696350354088964	-0.10219488115878991	-0.05831239554651136	-0.0591423892855964	-0.049704225442584994	0.008114441321135587	0.015264651662792686	-0.03699096982194514	-0.06538608539377982	-0.13584721104490333	0.08001791023395187	-0.18480245818560156	-0.15686345732649382	-0.13786109871777336	-0.06899496670874267	-0.10063866601936554	-0.08916252303275372	0.07227199534647544	0.12563654688070633	-0.0756942453637001	0.035829060712101526	-0.011404272251322435	0.006764097053511588	-0.027170805741753176	-0.04628338750338402	0.06361504077493033	-0.13374016799806837	-0.06787405175834173	0.0989037867485849	0.11154136824680766	-0.14204744205550285	-0.1792128088710154	-0.11587284184296302	-0.1267094276725474	0.044321712854812303	-0.04351603280962853	0.035090244206511634	0.03278139880133682	0.05434309499613032	-0.022545143270843504	-0.02236564356606968	-0.05095707749651706	-0.03785458986686341	0.23004399592144234	0.12918771838770401	-0.09980138874268028	-0.060855009123988925	-0.18899463677745168	0.011891047312403412	-0.0958550885726569	-0.002439185396557534	-1.648388272598907e-5	-2.6541024351825324e-6	0.05075445255086694	2.6817353154943786e-5
0.0003366061807055564	-1.0794277835710832e-5	-0.00040854784514878867	-0.0080514734344305	-0.030360945388873083	0.3300389081920428	-0.09771609223533868	0.04026887646384174	0.008737701546901205	-0.03656234852723567	-0.1393354631216214	-0.1475707417399721	0.10784434916574252	-0.0804829310224851	-0.13324347063693626	0.13150618026293603	-0.023411860078666767	0.017331345192886524	0.011170215503934752	0.002279569251824423	-0.02763275657500177	-0.04991006507955793	0.03504308838356204	-0.044107085986160546	0.09329680894144482	0.06453928823571567	0.14454516494057174	-0.1802713215829703	-0.10391073241529679	-0.09755317906321703	0.10704787298627429	0.15229319186289636	0.06420009597369108	0.07529535863572687	0.10074216576264297	0.15402823679904926	0.064621840658477	0.07451812033056043	-0.05072075915471331	0.03802118964251753	0.022139745174499778	0.005520152419838292	0.027923464179992846	0.027396896008009968	0.0770067477588053	-0.04561488512114694	-0.10840429136813341	-0.08861208072549327	-0.13251462285704133	-0.18240732933128115	0.09861563781506834	-0.12745948070252391	0.11297025839469016	0.1322418400603613	0.1768978967327535	-0.08101895760810515	0.14671462285232773	0.08906429975967588	0.06610513447233436	0.02001235079050396	0.01064253890377629	-0.0011342266432122514	0.02370483791271256	0.07197966210317303	-0.05775575650290226	0.05679585884286643	-0.06793050353047766	-0.18640430243343628	0.1635098689199037	0.1315747509744365	-0.11737694444730742	0.1996724035352415	0.08320826718063273	-0.10235768815627314	-0.09877543186781768	0.10645004815839193	0.11522645027884225	0.06259895263750492	0.04879553739831401	-0.011999712907275507	0.002619259809840623	0.013616215285509615	0.03688432418370132	0.09472501484418959	0.06625961881287339	0.04335514466931461	0.08132590052147091	0.049204392739433646	-0.2778221226615314	-0.14897333405246113	0.10591483309870373	0.05903871511003205	0.18011413438219429	-0.010271999163993751	0.08147150771405573	0.002044091528496765	1.3416866595957928e-5	2.051472994750949e-6	-0.03903047193765768	-1.9943366774026574e-5
0.0002448896539843453	-8.272835834694722e-6	-0.0003206027868948435	-0.006425570879015302	-0.024260338764882837	0.2680305854785876	-0.08349707425128562	0.03457853054559912	0.00810765203170593	-0.03458465004587782	-0.13424816343198837	-0.15279303906170477	0.11772445803299578	-0.09206492801499085	-0.17900829143453634	0.19717224058440605	-0.037457957007585564	0.038175320686679774	0.051441922105997115	0.048977243110164444	0.1282797368380787	0.08987912497875129	-0.03716737664211584	0.01784337963289163	-0.01683119876529288	-0.001090284691525251	0.023058279032876692	-0.04591116577347986	-0.03617594605159534	-0.04659272046112664	0.05999368208938166	0.09773613619930019	0.0478861927021195	0.07270971985459973	0.1119057520341172	0.1896472012167546	0.10021231862524005	0.16008838096366296	-0.13926560806643679	0.19174591164702479	0.19120969434080887	-0.13196472598768916	-0.10798379366079677	-0.06668981581171342	-0.10842785130235756	0.04546194849694556	0.08097223446271799	0.04682913733240365	0.0496780873336609	0.046306930503889523	-0.012351019708511584	-0.0011903148324781717	0.016780242478342512	0.034802043277397915	0.08126861630832258	-0.05073652225512993	0.1238489263982519	0.11344762172764836	0.10348511456987494	0.05707705383726969	0.09351383873404957	0.08997138523457375	-0.09136137956485824	-0.18713388713062049	0.12667134713401687	-0.08989924351851923	0.0813040875379552	0.19341610378038696	-0.15373369953714225	-0.1060651177570864	0.07909260617506865	-0.11714585892856103	-0.04055393849339229	0.039223789540675374	0.026295066439381534	-0.011730695574188038	0.008010358704670003	0.02042014518732659	0.0497939714174413	-0.02504922211342463	0.0392079026543881	-0.05806383146221349	-0.09603481669945337	-0.21779886994609887	-0.09609867464745837	-0.05634885209966463	-0.09829484621023264	-0.053972579051231255	0.29258012614716566	0.1526504507331863	-0.10295013939594484	-0.053918410161065466	-0.1623625096038639	0.008584869330737481	-0.0672043559088307	-0.0016667909630824094	-1.0678799581459439e-5	-1.562386360990412e-6	0.0295936885406166	1.468286867354984e-5
0.000172176569849886	-6.066027450613517e-6	-0.00023949084389064242	-0.004862967905074122	-0.018378345289678636	0.20557892148669732	-0.06651774746688857	0.027645732339695563	0.0068462234424801	-0.02958602537906077	-0.11625970739954924	-0.13853617520871722	0.11018640944299941	-0.0885075760594367	-0.18694018900594478	0.2162265551499232	-0.04217229188881937	0.04774720173390801	0.07391220690555572	0.07730604431111586	0.23156454549330535	0.18977627350671455	-0.09186693516216794	0.07040685707130503	-0.1174973651434165	-0.06606587412715233	-0.11356240706653488	0.12036318391313452	0.05828788244209066	0.041926020297146385	-0.0380907124298109	-0.04413402402094696	-0.013665815065469092	-0.005173590470614814	0.0019066622585919022	0.013751729807882812	0.01750649403757327	0.04504440577199217	-0.04752354554538946	0.08440296828266294	0.0937384755718589	-0.07763389629779446	-0.07880182128537389	-0.05564392065856825	-0.11420545405624873	0.058343342611968496	0.12651039646805812	0.09598419976040488	0.13744549593109417	0.18455877063218615	-0.09842883080477663	0.12755778447108068	-0.11550520588667826	-0.13932189394229097	-0.19970966676134835	0.09794356257877107	-0.19472103419445744	-0.14120828800572238	-0.11703887204431068	-0.05241454868119611	-0.07064393444915446	-0.06052353681181567	0.047324904936596975	0.0826931150000125	-0.05052249407058296	0.02628664497856808	-0.013467442015164964	-0.015922024871248146	0.0022991674753779943	-0.01171587739427952	0.023417240281750788	-0.055740844997085016	-0.03149161919879799	0.05051858562507114	0.0628138539139184	-0.08983037344904579	-0.12690519720611437	-0.09316777285821864	-0.12589875631597053	0.051533488182038095	-0.0660166143249945	0.0827341513874888	0.1251338644982901	0.27504220043677585	0.10313874454285674	0.05738188596459579	0.0963318766165337	0.05001898874146155	-0.26441979732727516	-0.13557233116579037	0.08829572853801071	0.04427978822541302	0.13209460719291938	-0.006601874179387928	0.05116256481051299	0.0012576031204431098	7.905299168047313e-6	1.1162829730664904e-6	-0.021067343374174763	-1.02015583647855e-5
0.0001072459422498678	-3.893386285650722e-6	-0.0001557238464230097	-0.003190712865272615	-0.012066510807182504	0.136126544241811	-0.0451842798837156	0.018823876238772415	0.004829834070859218	-0.021044523284708256	-0.08333200723094812	-0.1021292039070591	0.08277551669344303	-0.06752824495836043	-0.14930599381461204	0.17715901167991474	-0.03501403525801112	0.04167369265365867	0.06841052732072075	0.07413659685344576	0.2323457389391275	0.19929425711962062	-0.1003081800345036	0.08364976713426715	-0.1483042449326667	-0.08927278316560514	-0.17196950129776203	0.19906984776796666	0.1077964898781508	0.09528990931810741	-0.10254129191101555	-0.14514689179505372	-0.06186495541948702	-0.07753154492647521	-0.1102185853066722	-0.1779266623240365	-0.08643219177327983	-0.12790624051753072	0.10728007699470055	-0.14059170534378754	-0.1374387429287447	0.09205603658308618	0.07340815348165419	0.044924211514107755	0.07294721258344836	-0.03101725227505282	-0.056782279208719776	-0.03482858648488885	-0.040488905258666386	-0.04371187234341697	0.017028791636544856	-0.013477037257869908	0.004411148434422606	-0.0019447213229853444	-0.018740415215211224	0.014891340434684333	-0.042062136490283675	-0.043968894595916096	-0.042088421138616224	-0.025623514192149074	-0.04589765303441746	-0.04653341706812295	0.05303489078433503	0.11610588005869897	-0.08184797775167159	0.06475414493575025	-0.06738475910470594	-0.17624472182192943	0.15117944704734726	0.11968423314411329	-0.10767031194220573	0.18743797053734948	0.08173412596679043	-0.10762714703297892	-0.11423549897904745	0.14190996537866396	0.1811234533293633	0.12206998215729042	0.14923237745517925	-0.057952840959947106	0.06967680219700996	-0.08190469522548796	-0.1191300089500762	-0.25806424783518533	-0.0890512553639403	-0.04809412247344379	-0.07893617888868848	-0.03960310231853973	0.20603904235803022	0.1044535020771107	-0.06647631508532423	-0.032365204321650395	-0.09592354369316279	0.0046052527911051855	-0.03542738953653041	-0.0008651019654767456	-5.361696525197749e-6	-7.370570596860127e-7	0.013871699916198027	6.592148730697527e-6
4.730482162287155e-5	-1.7478278406671528e-6	-7.043656135791438e-5	-0.0014507354145049808	-0.0054884297403811335	0.06221872857121455	-0.020952927491929712	0.008740681629093026	0.002287231772247807	-0.010010827534765773	-0.03980652854806128	-0.04952829089204948	0.04054507064829377	-0.03334591700883656	-0.07547653559656603	0.09070547017783791	-0.018044763753950577	0.022000064790929606	0.03710952921855287	0.040858410110166686	0.13058503334442229	0.11416399775052322	-0.058373401125453195	0.05028697025844197	-0.09113157098063564	-0.056157114691056643	-0.11216401846171523	0.13321093414821328	0.07430844720857316	0.06887959279217772	-0.0765843918299009	-0.11198140829868108	-0.049697730211120866	-0.06718900554565872	-0.0995827286548612	-0.16563333374739247	-0.08565544672013083	-0.13659677495386174	0.11986995810598955	-0.16979762602524173	-0.17275899905462966	0.12507830890257834	0.11110805587535681	0.07327587591901216	0.13696478732505396	-0.06606367357566735	-0.13744284534004989	-0.10038478631145223	-0.14020604761113883	-0.18523125189893117	0.09764208569107187	-0.12602595191166852	0.1147017441106144	0.1397779581860379	0.20555240320977594	-0.10337375530699404	0.2123323154339184	0.1627841131328718	0.13906206960784315	0.06775709532889913	0.10151961801631772	0.09385915543432012	-0.09020548245821126	-0.1822668442404395	0.1230293880883988	-0.08814301675951045	0.08302404286595731	0.20576291538769156	-0.1700513826718293	-0.1272525894001142	0.10783791123671664	-0.18038012806464196	-0.07528027843649808	0.09506866429052854	0.09696653648999778	-0.11563313319218668	-0.14279334866348997	-0.09336362387937717	-0.10981690414231243	0.041731159516392294	-0.04881281319987881	0.05572270911339679	0.07954979625071365	0.17110502736897573	0.056604110813990104	0.030092419500667746	0.04879013461889744	0.024018203640865318	-0.12383747387089247	-0.062378574540300144	0.039174512609533814	0.01874422656583795	0.05533880594107596	-0.0025930309890451206	0.019857640379070375	0.0004829345511266185	2.9669235624034944e-6	4.0101335197413955e-7	-0.007533891544244541	-3.537428000584191e-6
