-2.2379556577825766e-14	-1.4000674851145068e-10	2.189885332881643e-12	-1.5797510379838726e-8	-1.70976291197326e-6	-0.003289788051159825	9.955666663864199e-10	-0.08631586084480525	-2.1119552222550817e-6	-0.0005976340970214587	4.6172047673413026e-5	-0.2759897063301686	-1.3853883121370573e-5	0.010371377431134516	-1.5431065466937212e-5	0.0021422117222191545	0.00031415299794070376	-0.003096323104805089	-0.018564644106900653	0.0002373231350849259	-0.18664071881173927	-0.05880508756294897	0.13191972685099904	-0.027212380395714286	-0.005533031150189016	-0.002639843685186712	0.02698855772600376	-0.10592563109951035	-0.01818865631999581	0.008760595866417411	0.007148000467331352	-0.05632586296272172	0.1093944892033175	0.04298997736957964	0.038656067220955485	0.009804016028979946	-0.013843192649887821	-0.02654680336457394	-0.09351355539031553	-0.26404350592175563	-0.0720696986641854	0.14449336151834852	0.1402131372830523	0.08804793290237238	0.07670193335919975	0.15565778253257959	0.06997048382229287	-0.032171023951994684	0.07970300489284796	0.023032077490516032	0.11426986547670202	-0.11081325205664211	-0.17670736123059588	0.1076464438756185	-0.0077830348968688625	-0.06426096020739079	-0.029662952179555536	-0.16792827615251482	0.0020097394079542498	0.11567695545866354	-0.014646494824386366	-0.07630798433788419	-0.009964977122084674	-0.010110104754825908	0.021186154332621245	-0.007382965071096187	-0.037522980496924555	0.08878973163422219	0.10959476180209031	-0.3291952629264581	0.06446522590597957	0.07320065782044952	-0.003875985835194801	-0.015945334193975935	0.0997647284858811	-0.08228467492166246	-0.007917987174822522	-0.03352136466062734	0.0011154359178609742	0.03125875349144854	-0.0002998973196433523	0.03769160083504169	0.00010440836561757463	0.11961794360871908	0.0011609915246754774	-0.002078686545257936	-3.6937971572919683e-6	-0.022525643400456354	-0.0039177575096122005	0.511523965227666	-0.08513436621446722	0.22476784744726605	0.19250557724830722	-0.002571307822749647	3.351025854416685e-9	-7.280824235729713e-5	-8.119491714730836e-7	-4.7086310163126807e-5	3.868114426689328e-14	0.005613333660896677
-1.2132671934671994e-14	-3.505872158101854e-10	1.092078699781529e-12	-7.493915851255377e-9	-3.7197405481179212e-6	-0.007156524104161093	5.359129302804578e-10	-0.1554172564387047	-3.2302104095118717e-6	-0.00019628706304765836	4.483163443181872e-5	-0.13407931934594974	-2.154841103492938e-6	-0.003197747782267646	0.00012850073681325676	0.0013453987250787564	0.0009320035285931501	-0.02587720188291744	-0.04565827695005814	6.7857799400025e-5	-0.19846573794990816	-0.03921325171104961	0.04621800933597735	-0.026584591032203862	-0.008865544535243802	-0.019178269972866358	0.06787329837228387	-0.35924677137984273	-0.04173581786871385	-0.018706512337294808	0.0021168827306135203	-0.09356107781441787	0.043854881259235756	0.11034817798474048	-0.029666322423114653	0.05022211320933253	-0.01431615770521414	-0.004823671175618179	-0.053052552649147364	-0.10173403553925396	-0.0879416425508994	0.08628345363671105	0.19277282761537684	0.10161174188754177	0.0034713056804140533	0.00799124475902846	0.09587794008189095	0.0032326147164012976	0.26751010170441686	0.06446904774957603	0.06209619705644109	-0.12827398794682382	-0.09404431027690859	-0.04108431898724152	0.08752030650862007	-0.12094170794663299	0.11800549748206529	-0.17848836063435833	-0.14929378065331297	0.06832329687037986	0.11223582316254735	-0.09513307608942062	0.15267143764486404	0.12972621567382503	-0.022920977664660974	-0.012510277472824407	-0.011541272521770406	-0.007183267140053167	-0.03749569529320302	-0.07479167605671287	-0.003124108148264971	0.055677942215303054	-0.01370064894943384	-0.014342151744129904	-0.026337021071589493	0.0426060535541836	0.006994779522647054	-0.09830556954616237	-0.009746974488816021	-0.014613415287801147	0.0008270225249932503	-0.08016749570001055	-0.00010439753785349206	-0.21482661422787222	-0.001431671373248777	0.0014355827526267258	3.7012859883404264e-6	0.02082124788624904	0.003743974963157946	-0.48429604031195506	0.06679515318778739	-0.2333169399136673	-0.1723929940661226	0.0027721581574579007	-4.92738021804975e-9	5.6131358584416095e-5	1.116151716998104e-6	3.113399137726186e-5	-2.1096005870364104e-14	-0.0033076443881478877
-1.4611082287530562e-14	-9.241308172492872e-10	1.0190856224165616e-12	-5.724810356086238e-9	-8.88147949127956e-6	-0.017086248288924955	5.008147174202206e-10	-0.33046567224843687	-6.2692403932618e-6	9.110769703091542e-5	6.51214887436599e-5	-0.04987095329076424	8.662575078122065e-6	-0.01800082027789461	0.0003134732780454883	0.0009361272301789216	0.001806479769388319	-0.05577294937730032	-0.08053082892129748	-9.676494494326312e-5	-0.22132455297214457	-0.02079036743042304	-0.038856834396607205	-0.02397770380873604	-0.010951130615893801	-0.0328097093199106	0.09425582485677154	-0.5292905710588809	-0.051935186130758815	-0.03985821635182543	-0.003750377818022399	-0.08737609048224781	-0.04536317917383649	0.11447343262393463	-0.08077005449817776	0.05985338492034661	-0.005077169605890329	0.020790149425722947	0.03217287677555825	0.148755812051471	-0.015016602557965003	-0.06100347852590686	0.03018997915210426	-0.00250504790057335	-0.07386571411564717	-0.14946710118268156	-0.0075536376659445835	0.03416045966672202	0.07195926204226832	0.007793068341054755	-0.08818591546908558	0.06322064632885284	0.14471723004722875	-0.11765253390272341	0.02703495370625697	0.04605767984623332	0.04513687170521024	0.16210774420330026	0.006077833960531974	-0.12357671942226825	-0.003043062511481537	0.09512369168967119	-0.02660213634072879	-0.025830880667928803	-0.014156624239608574	0.01215752957829477	0.04347004679048712	-0.08481315127512422	-0.08864576636285705	0.37867723170003714	-0.062202467159167905	-0.11530054917594303	0.014429764031595238	0.02722079284123703	-0.07656053049919374	0.04237607380817158	0.0011886204851317415	0.130729690638191	0.009418117422680864	-0.01501692137787025	-0.0006857324189031148	0.061917346703705765	2.68649560171049e-5	0.15689405125451333	0.0008933602878120336	-1.0973395260323283e-5	-1.8256574725570942e-6	-0.010207856175658362	-0.0019938579126471943	0.2555236075121078	-0.02346525846893267	0.15912459544097937	0.09670491629059697	-0.002173955088357798	5.253256707820174e-9	-2.7855211839321655e-5	-1.3350547083038163e-6	-1.3919858809782043e-5	5.0796690112936255e-15	0.001365861195768035
-2.1815678361140798e-14	-1.7842057202653078e-9	1.1633812867807396e-12	-4.795689179563624e-9	-1.5127302379046668e-5	-0.029099670570216788	4.992534774540897e-10	-0.4911218083753735	-8.489399840040917e-6	0.00036531856484649813	6.960194330119879e-5	0.04904376927000402	1.674167949836783e-5	-0.026695036212489844	0.0003712182321911687	0.0001175846395251521	0.001868225932085484	-0.06055423841211866	-0.07071900027789109	-0.0001981148571281586	-0.09597335887501987	0.012090875467121356	-0.09627796227505436	-0.002196065763141686	-0.003554195458566319	-0.017672851065852396	0.03214046963988019	-0.19277337104969586	-0.00785907360363563	-0.01864660925154101	-0.005416340057223917	0.02272786771689667	-0.07718897099695411	-0.03001950810548711	-0.02641584051322747	-0.010614669156988187	0.011288319641283769	0.014557037039972333	0.06691839524439977	0.162423553784603	0.08396181952087915	-0.10106934030326074	-0.1879812974477733	-0.10190386721188739	-0.010252270066322742	-0.015380511995529993	-0.09531714014792875	-0.006984095678896975	-0.278901629516903	-0.06639476857709868	-0.03518287464883847	0.10587981103909763	0.03831582188858747	0.09775701150857882	-0.10118038436913201	0.09447085203625279	-0.14482206980913268	0.06620679491605838	0.14455660882831006	0.03558851757157464	-0.10954923659716949	0.00733118882039112	-0.12700674297520234	-0.1038359712366266	0.03752963719640801	-0.0009468547857969709	-0.042384731063245765	0.11564528869167491	0.1513123900628086	-0.45037413174994906	0.0932887660924569	0.11512574148143255	-0.007879897990715909	-0.02679994769950811	0.14931576196111618	-0.1130322950803713	-0.009000340237264577	-0.12577610272413095	-0.007261631025246949	0.0421946730920062	0.0004875447474432139	-0.04167073321854971	5.1132859147324e-5	-0.10090475918156369	-0.0004981459475471512	-0.0014116512758477846	3.452322563803218e-7	0.0026299291153151112	0.0008502988366908227	-0.1057299043463391	-0.011625833305283642	-0.1439061327264401	-0.059976233211585406	0.002525777375629343	-8.055855104853841e-9	1.4024794634397549e-5	2.420171455985275e-6	6.236891264308419e-6	6.946783517091977e-15	-0.00056493443905424
-3.8071464777481136e-14	-3.335219661301837e-9	1.6453536590392192e-12	-4.940443952273537e-9	-2.4387383103975493e-5	-0.046908292720923866	5.696663288575672e-10	-0.6683025931185327	-1.0256064613077344e-5	0.0006148673516200505	6.255843653703132e-5	0.13728215548638503	2.0821028725866144e-5	-0.028390689217674847	0.00030695638779823894	-0.0007432881582758995	0.0012336863741842662	-0.042742744619545144	-0.027126492889684283	-0.0001852151995557121	0.08623742892672734	0.037497089363691	-0.09261227250419102	0.02117221358159169	0.006645919494256507	0.011595650769658933	-0.05767075530586429	0.3133570758076454	0.04382355002797256	0.020944063564957788	-0.0014328695192368332	0.10755545176007297	-0.01731621606768388	-0.1378562731997703	0.0603891303879613	-0.06769698155809172	0.012680548706733958	-0.012851174423655621	0.001833546875682425	-0.06995130261664634	0.04375055764577015	0.02870414133610808	-0.07453680801635784	-0.017245238131632347	0.07213308563284192	0.14751937974894258	0.007271890930517223	-0.03393263050480632	-0.04933839307115655	0.0034879757903971778	0.0962072657904233	-0.09255192372047695	-0.1565141780412441	0.07811009494653488	0.016277984690839246	-0.0930601854058269	0.029724337439848276	-0.2028538665522262	-0.10758830668343462	0.0963988148427141	0.09130227405730267	-0.101324633614981	0.13932854702674194	0.12188952903038511	-0.021674149677979933	-0.01118255445149644	0.005837560198450238	-0.054150470669673795	-0.09395066151536839	0.21115281219784746	-0.06582114163603471	-0.0463566720755387	-0.0032532350604919393	0.011216322924645243	-0.1517576052027477	0.13675025450798076	0.013302853422815576	0.07515142031858058	0.0031354062417282623	-0.0592237757254328	-0.00021126621683330993	0.016863579727678334	-0.00012429781463528113	0.038375590159241545	0.0001442676768165958	0.0029806150708124287	1.0871112503617414e-6	0.004368973591936293	0.000100229660951315	-0.019546346178361894	0.049901335786842374	0.1709120667436158	0.04278004346304919	-0.0037863868863595982	1.4034602357045537e-8	-6.384954671815734e-6	-4.888717291824053e-6	-2.3429525548425584e-6	-2.396883006864532e-14	0.00019226585327402493
-4.0211254522625046e-14	-3.567502857270509e-9	1.317208116382392e-12	-2.324857901992771e-9	-1.9420131152553787e-5	-0.03734599675515099	2.763554382100886e-10	-0.3449235542164983	-3.447967684936972e-6	0.00034168239547855095	-3.8041085242401183e-6	0.088191919916571	3.6304782067426973e-6	-0.0004233040928818751	-9.843053339971253e-5	-0.0007548455129622619	-0.0008261895208749974	0.024468610068615438	0.05065416365436569	7.945340791737067e-5	0.14986309749466287	0.01037416660472937	0.042297270779501316	0.012673323538378427	0.006403005238467191	0.022516668097529193	-0.052650393473552784	0.29852925634686023	0.018792519583961668	0.02349934034038032	0.005166567410237339	-0.01141086772438115	0.07668027661276794	0.030533298390484746	0.025745113639228216	0.013573647888447856	-0.012671600990704558	-0.01150773280489004	-0.06742165068286998	-0.14161517929331474	-0.10323053039900987	0.08777724202443543	0.2287333769287957	0.11205847717737286	-0.034012126706719124	-0.08139409525951544	0.08964730044131103	0.034648339450067685	0.32151793738680706	0.06307227233770869	-0.06204791144984063	-0.0078050567613591765	0.1323684655412773	-0.19048507680282786	0.08147222223236647	0.02466321364063676	0.10619330107376976	0.21740029047192772	0.015197828299362129	-0.18465184712366192	-0.0354667535195941	0.15767383384809733	-0.10570131744346564	-0.10432068015185557	0.0001266243783316549	0.021213525960492145	0.031024939881357644	-0.00819531118670663	0.035593040823666426	0.008580560436369674	0.04855482863677828	-0.013751666465827523	0.01504029474444909	0.0019347949504150124	0.20150905000350164	-0.21070811628510103	-0.02283008102628051	-0.056055333810263334	-0.000612614482122438	0.10835979483294088	6.649601196428732e-5	-0.0034090931790524866	0.0002829961703797783	-0.003393806487449353	8.472840338586694e-5	-0.007191338890953465	-3.5216865604503374e-6	-0.015749152022696316	-0.0011519563883930477	0.1646530705003363	-0.14090042782926473	-0.38183045145714006	-0.07299779158578273	0.009372767225812035	-3.6530875184643026e-8	6.560623931802692e-6	1.3977920582599351e-5	1.7061099469511104e-6	7.716205439436928e-14	-0.00011582425485153114
-7.099820227644918e-14	-6.296868112544099e-9	1.7835009511946069e-12	-9.568478694928778e-10	-2.4395187581333875e-5	-0.04689922842269723	1.0930075023373621e-10	-0.14100746664887193	2.4661384770570736e-6	0.0001522748879991089	-7.072635166350963e-5	0.04748075130006212	-1.329218152525008e-5	0.02752269053409034	-0.0005022458596939748	-0.0007306999309010109	-0.0028364944926477847	0.09020204810127112	0.1200781346220301	0.0003231475809003783	0.17156420184007606	-0.019918455925678178	0.16359620876687203	-0.0010190081843735464	0.003112282331943888	0.022473756579711353	-0.018724235883179348	0.1143879258786966	-0.018550696022818565	0.010240678062068393	0.00799267586604998	-0.1212549753011859	0.10356041713794657	0.17118706097763914	-0.03247521779973568	0.0819715559023319	-0.025178055426480293	0.0029767378007112414	-0.05717842512984841	-0.04304040430580364	-0.11135890283365828	0.026795253277110805	0.20002229064988733	0.07400424032358693	-0.08851669045027366	-0.18327866240774396	0.02102575583726639	0.04363687805491823	0.12379951870519379	0.0055181642520637135	-0.10146329691910924	0.09227347710086202	0.15715117587497962	-0.060623986058587195	-0.025678006095764774	0.08850155917285649	-0.051411036496160654	0.1370385936797115	0.10166844715691464	-0.013126154601436062	-0.07381863620502381	0.017263838705036547	-0.07856477248968428	-0.05800349335205675	0.021592852606887713	-0.004027527908262996	-0.03222845274838327	0.061435588170993385	0.062128635635349934	-0.2197071604012046	0.014370629479143745	0.0613663438082226	-0.013376219852401755	-0.013386242109211159	-0.09335731456186303	0.13127814057001605	0.016316972976729086	-0.0009237136112987066	-0.0022679149221558276	-0.09754910554205697	0.00010971823537425836	-0.011484513778140668	-0.00032645419537455264	-0.03286917918077419	-0.0002942607095394694	0.009898826809338635	5.34551016399649e-6	0.025672027689300346	0.0021049783768900296	-0.2964538776936914	0.22643381500848933	0.5853859292825393	0.10416240365071623	-0.015400656749898116	6.200684196911778e-8	-7.580664639427313e-6	-2.668635677402489e-5	-1.5722616422728051e-6	-1.624813524290091e-13	9.096702694153086e-5
-2.0617427240578483e-13	-1.816976788454096e-8	4.666882869036989e-12	-8.219743250460154e-10	-6.020778521201267e-5	-0.11573184410591818	7.438936063201715e-11	-0.09198388911607489	1.087450843086514e-5	0.00011473342621331537	-0.0002012495490733616	0.04699212081561424	-4.119303337494337e-5	0.07755994687243332	-0.0012757932744712124	-0.0012215704875184667	-0.006810007206762564	0.21833037040523443	0.2600058391513115	0.000724583022453812	0.27430737679544426	-0.059106388553272896	0.3552970773923198	-0.01506017790860578	0.0006809462074300556	0.02839086490006243	0.011398837622622128	-0.04859561351326469	-0.05769258618828906	-0.0022072129870694527	0.010992932194910635	-0.22536277446251296	0.11768696820464221	0.2850919959607742	-0.08538147638971054	0.13428360107754825	-0.03109755716628482	0.016300857507637406	-0.022520071602062406	0.07490244058814491	-0.05345701102323476	-0.05068190556345977	0.031442494330947236	-0.0189140429598244	-0.07520180412938808	-0.13697495292578746	-0.06719643114686986	0.010393750326207317	-0.19973430213468354	-0.058133984931215896	-0.022859957950285295	0.08049803360566536	-0.01341501859203353	0.1504534635917972	-0.09782261794785467	0.025542752324088577	-0.1343616657795605	-0.15581701552855753	0.021667558030885353	0.1806988672255966	0.01633550270137706	-0.15389317074130876	0.09177483784930755	0.09621622255538981	0.0022505494730115034	-0.021354992253702958	-0.027850093534117902	-0.0002098858528408031	-0.04441082143711803	0.045208379119061275	-0.05297398823378426	-0.007073376804126691	-0.01031131851573454	0.003010082986336863	-0.15816581802727145	0.14245499571753872	0.013932772278803915	0.05658375547571951	0.0021183366838747795	-0.040596645759935546	-0.00015152817053428852	0.012892248887403016	-8.558945609277321e-6	0.03200195996272504	0.00021487499427665682	-0.0030919749783881404	-2.221796753824794e-6	-0.01391086487626648	-0.001294431498246104	0.18132759575321777	-0.13287721978437364	-0.3373704359127054	-0.05833506559593761	0.01057079726760096	-4.5903646343420845e-8	3.8747584236172255e-6	2.6233105404543805e-5	7.194106884002952e-7	1.9328859477068567e-13	-3.8205072107722196e-5
-4.0490087111283356e-13	-3.526074560898851e-8	8.438248090192416e-12	-7.889079599063393e-10	-0.0001019924559325622	-0.19603135818287531	4.275801252176149e-11	-0.03685058930224771	1.7613779117933725e-5	5.7965301324322825e-5	-0.00027831323241766056	0.03157135101000721	-5.513033541964936e-5	0.09950222937367614	-0.0015023642721496485	-0.0011504377998790482	-0.007563971320187162	0.24315167379136915	0.24971695911645997	0.0006356555262207322	0.18708714000344825	-0.05583787136630879	0.28601365886671604	-0.01671343241260697	-0.0023555906736448156	0.008764915490766922	0.030558717875029572	-0.16395901474225674	-0.035222718729335835	-0.012258688108221769	0.0014271293097743959	-0.05628587568823287	-0.019772371047621962	0.02234852758616689	-0.02485616928739208	0.0038183350074081873	0.007343816523765801	0.004282064315747151	0.0479877786472283	0.0718861338325682	0.09841385740261653	-0.037920317675332924	-0.1957510649259785	-0.07577732823194966	0.08333294746453669	0.17963961166092385	-0.014500141698866036	-0.04501601998349199	-0.0876125809334552	0.010176676200016482	0.10896270247813188	-0.12262869539457678	-0.15167844503495376	-0.015289658127261381	0.07734251648560807	-0.10376598129191057	0.1343104257951407	-0.025550651812711548	-0.11905206721890399	-0.14295050400015202	0.05902314127233909	0.12830351715146612	-0.012074884638854025	-0.0406343294022975	-0.02396673478633562	0.028153695193590306	0.0674143331360137	-0.061162378688378566	-0.004091698061736863	0.15597632130837288	0.06362854733085639	-0.05072623068777664	0.02903321459587985	0.008767896060948464	0.35103543572079204	-0.37128692011852965	-0.04014440021707814	-0.09735967550074442	-0.001606132061280285	0.17304054630660784	0.000184230766006852	-0.014179133592894131	0.00034361961155016937	-0.03226300262985536	-0.00017482176748834412	-0.003084937638616996	-3.701475736220973e-7	0.006604457379755135	0.0009072716542585231	-0.1263940949155066	0.08901359098968797	0.22210502725877468	0.037343237466722724	-0.010602165805339861	5.249219632079332e-8	-2.2669205304539084e-6	-4.3400442354490085e-5	-3.7560554376487217e-7	-3.842970416763901e-13	1.8228243087240023e-5
-8.729699000558897e-13	-7.509090676992383e-8	1.6833465893915126e-11	-1.1357471747198148e-9	-0.00019037677340186652	-0.36587479122228217	2.8306888788855144e-11	0.007548857092660537	2.7950042420412325e-5	1.2217841326415892e-5	-0.00038099957242568864	0.017411656779236798	-7.009987578092184e-5	0.12099341162544242	-0.001622218830314054	-0.0009615415469277311	-0.007447585164264682	0.23989715066233083	0.18448008737250216	0.0003439222164458979	0.037226720976469965	-0.03243401849980272	0.10894591435790325	-0.01059729769697193	-0.004141161957477662	-0.015611537520739918	0.031258698383425	-0.17730307558136552	0.012263378383738218	-0.013385614423473264	-0.009259543026180319	0.16088717529658084	-0.1388366609657847	-0.26192651478240364	0.059800118594767054	-0.13047835160548707	0.0379360843978101	-0.012862343218205738	0.05926964729695404	-0.021504506992023106	0.1124915551851353	0.028793932320730416	-0.12805435350314534	-0.015295370560525153	0.11075440023568055	0.206004941004565	0.06341784619126697	-0.020522917165267683	0.18426834658314858	0.05902673387597711	0.02608998735158479	-0.07812018491889805	0.02103738929381496	-0.14820796960661317	0.08464014251478261	-0.0006492061605468649	0.09953700284149784	0.16495912909000363	0.03126131121489943	-0.10836062754482566	-0.04868161845960117	0.0784254644440232	-0.08416852054181817	-0.06909417766633222	0.014456640331590631	-0.00038149189004001947	-0.033207105942629205	0.057947358388772505	0.04829432448068575	-0.20929717791307464	-0.01795295646150517	0.06523333367402231	-0.023388287635639132	-0.01332630097552806	-0.2881625315300853	0.3502806932582326	0.0403612952600549	0.07769978372974905	0.00024446584251397094	-0.2192837263903385	-0.0001399607696256524	0.01026119992058665	-0.0005576748494196966	0.022120968973270344	0.00010423525557595524	0.008786867271101811	2.9182811901583175e-6	0.0009493950080602122	-0.0004923323805338887	0.0682064463300041	-0.046598617133499796	-0.11478711629539039	-0.01889212842086054	0.011716771686564044	-6.625287284883136e-8	1.0756717065756955e-6	7.419511810782974e-5	1.6321921610131725e-7	7.562446181578536e-13	-7.373435650977262e-6
-1.6596497185807652e-12	-1.4077341774575466e-7	2.9392447798108754e-11	-1.68810367336196e-9	-0.0003085145289017621	-0.5928597061915929	1.6720055836782497e-11	0.05187790602719144	3.559216612916226e-5	-3.487945489089545e-5	-0.0004042315550910536	-0.001286599673126598	-6.530949822668968e-5	0.1055647221505453	-0.0011391947638654024	-0.0003851728170798347	-0.00423545231138011	0.13682807738510225	0.023194203912891266	-0.00016092449742984312	-0.1362884562191738	0.012415516198209825	-0.14192791825708642	0.0036306968301632048	-0.002482659968995488	-0.026833759642776744	0.003679384371319379	-0.027026432593171338	0.047353212381609215	-0.0007437736260695938	-0.00989028295450714	0.19221885995034194	-0.0870003730021155	-0.21511313383839692	0.06842470825097942	-0.09462696471300044	0.016578273163669586	-0.010744078983541428	-0.020415230971243717	-0.08139557206122164	-0.0647502954159884	0.04588482579056478	0.1710444454226879	0.07347016536870984	-0.06937488311226199	-0.16240454834601112	0.011962385713215732	0.046567418304566406	0.06474869336621031	-0.0227423433681613	-0.11603211097832734	0.14762688822507836	0.14429727843359288	0.08160820949739234	-0.11721215040330996	0.1041168816317876	-0.19004028137709114	-0.08306000392085677	0.09575639312849028	0.2303588370868819	-0.017710447055732336	-0.19800827850720018	0.09039661607169995	0.10752248455350985	0.009543271354573123	-0.027744479904799578	-0.02735638488530986	-0.01095942569912277	-0.05626286139301169	0.12712258024629597	-0.038219563918083746	-0.043676315462207425	0.005144836713845615	0.01091766052573902	0.1019757538014383	-0.19886782029185482	-0.026575856795977095	-0.033164933701377235	0.001173007177526966	0.2222079862835332	7.928746127081321e-5	-0.005661204714673679	0.0007429856222253148	-0.01149581217545831	-4.677739897126909e-5	-0.01577728140623199	-5.99825939596307e-6	-0.008753070823582282	0.00021031659992312487	-0.028766015420427535	0.018949835849683152	0.046082278406318795	0.007405467971333117	-0.017550626982375125	1.0898183625532455e-7	-4.054510051932855e-7	-0.00015058987109200172	-5.7005542851447e-8	-1.711599546884583e-12	2.4250402989585477e-6
-2.0785843244328767e-12	-1.7236380443850758e-7	3.1984543613742095e-11	-1.5559255153545348e-9	-0.00029393832564712433	-0.5647487799967723	-2.9804624830828323e-12	0.06529895163183844	1.8930206611531933e-5	-5.766790835944626e-5	-0.00010609951948538258	-0.018894951474331907	-3.8082494207774563e-6	-0.003985209559889768	0.0004352875483726207	0.0005722967060421056	0.003221150901727835	-0.10341528107760657	-0.1637700991082199	-0.00047167795413039236	-0.14327520227140814	0.041774614862275024	-0.21341703896870437	0.012950269118375265	0.0026965674474529844	0.00029092949789823294	-0.02938642004039147	0.16404089642605782	0.006806050209266055	0.013099322709054494	0.006020133102338485	-0.11121044941337173	0.12295083000809366	0.22976899166514567	-0.05007618317030502	0.12011584317226588	-0.037204462934065284	0.0137654909562136	-0.05679424368678711	0.033245917855163544	-0.0938950209407289	-0.04301154202053363	0.0607450389068629	-0.016709510236048844	-0.0788120672486067	-0.12434880650725944	-0.07091197472598332	-0.01030710906457104	-0.23027470691888455	-0.04084789352822496	0.07339832197702323	-0.055696882264582595	-0.1562897414727983	0.06383099650332469	0.03931249587636642	-0.11668685144472626	0.1183154479147297	-0.06156043253240149	-0.15877529483525407	-0.21255247526534848	0.0740976725933502	0.21368835457210053	-0.05296248669678203	-0.09805277331653427	-0.02957473821372247	0.04641316257886228	0.08225066141064542	-0.03787991578485126	0.055014507900465685	-0.03720302475104451	0.09445962284344657	0.023587255119630193	0.012852742982088718	-0.009203971027733189	0.06804518430416262	0.09004569893776312	0.019156218263956287	-0.0025375620737602663	-0.0030106248701013073	-0.31155129236627144	-5.5820477734633094e-5	0.004004968132277833	-0.0013257302254917455	0.007361396983582208	2.2644235467259327e-5	0.03433394963982476	1.3689122461150868e-5	0.0239933344517434	-0.0001084254793436835	0.014102268130372965	-0.00841917021527295	-0.019904311705267255	-0.002991776316990028	0.04074618125430624	-2.632750886743839e-7	1.6940047522557308e-7	0.00040785129815832115	2.1304825900609503e-8	4.9913005126129564e-12	-8.413818745608593e-7
-2.0768055462423824e-12	-1.6553085877703996e-7	2.434664229210782e-11	-8.227745020557617e-10	-0.00015857888640284182	-0.304513138896866	-2.129206557735521e-11	0.04107343856008641	-1.0293684828380537e-5	-4.137589289316575e-5	0.00027433842365985774	-0.020860873209364174	6.0926519259550836e-5	-0.11005868285754296	0.001601104959720364	0.0009745407112721027	0.007511775536255171	-0.24197319439114556	-0.17257747696977044	-0.00022261737518018825	0.02204436638349227	0.019817351516713246	-0.019275173251066487	0.0050114633420434	0.004103650279472062	0.027005466985167873	-0.01919875649131808	0.11068216240018965	-0.044481307986065276	0.006038194094101134	0.01197801651485979	-0.22310152092671404	0.11181828047482806	0.25388631433308867	-0.0765054411013519	0.11009384530920086	-0.018936614405878387	0.00985203771606708	0.026207986155418986	0.07724003507259838	0.08990914044931708	-0.03338580247564489	-0.1937790124279032	-0.06651299274937972	0.10414467700292843	0.22253183528600234	0.031096577110808175	-0.03994206924848321	0.0944355959225257	0.05460703372242882	0.05451234097135144	-0.09821276766441477	-0.0008139036407328519	-0.1463756189334359	0.07639597465892922	0.0251380128625719	0.05668794690083177	0.15850909447352907	0.11261911261493701	0.06165501565061825	-0.08719932809006763	-0.11312267408521531	-0.011072825707710059	0.04301528037308115	0.03673840596511969	-0.048367150045987656	-0.11851575292358678	0.07959062326651581	-0.043694335155193706	-0.055699559929697454	-0.14904756387268409	-0.00383673338733076	-0.031217044555924525	0.007898905742025838	-0.24754270615086937	0.0012257224865193667	-0.015956232467655464	0.038866984715932626	0.005868603808423934	0.5160605618773373	5.747278175400555e-5	-0.004354142033907628	0.0025920972211710327	-0.007241597683716626	-1.4206987471262495e-5	-0.07739950214436718	-3.1639250299023315e-5	-0.059156229666168986	9.730686479800929e-5	-0.011313484711996046	0.0053317342183599	0.011711666457893436	0.0013779191831476505	-0.1034646322438702	6.820120692618573e-7	-1.1148730458327754e-7	-0.0011471103244854166	-1.1546820814712942e-8	-1.495361845095677e-11	4.089357890226585e-7
-3.3585944134059722e-12	-2.5757637555845273e-7	2.889235987689986e-11	-4.4671896598208484e-10	-8.813339632082021e-5	-0.16889601890936015	-4.714642497863482e-11	0.026858972112883375	-4.113028396128517e-5	-3.098325749320056e-5	0.0006669896441107786	-0.02266822286958864	0.00012390529547606815	-0.21040044866077695	0.0025770674874571026	0.001230692088114203	0.010580907857044	-0.34108672108042193	-0.1352055089330551	0.00010805360938120385	0.17893497848528034	-0.010228337060989108	0.18304698645152842	-0.00549523661783828	0.0031363304348246772	0.03779931260679392	0.0034992916556235614	-0.01680813348623036	-0.06206184184399339	-0.005705936506924559	0.007958852459258913	-0.13374547284367336	-0.00865981961337388	0.021327127846397363	-0.02502387695887562	-0.01563371302442522	0.020471119954110006	-0.006322682293442511	0.07561855077670657	0.020456577996623905	0.14355318769394196	0.025328265337694996	-0.1471703638766705	-0.01015518544626722	0.11829206968995518	0.1992806655829701	0.07753692757574687	0.003218693384858287	0.24245515853970986	0.04304199993387543	-0.0743741822221175	0.06227082437774725	0.15636934008182957	-0.03537430810276692	-0.055965892758314456	0.10946103220037788	-0.1357090084972769	-0.002691009438452265	0.10335194176827024	0.17842136543270595	-0.022164422749227856	-0.14177154363883668	0.060464036626886083	0.06729635900099679	0.0022176971948663017	-0.006770956366695918	0.03072396363959073	-0.04103801850708056	-0.01146599047955725	0.09844781201397518	0.07877065037311669	-0.0190058460087329	0.02486590818305032	-0.00046535582696436844	0.25846549095525223	-0.0917306350208452	0.003182736108912768	-0.05291774302108388	-0.005901780537564698	-0.48802869612056377	-3.784520049680432e-5	0.003312033312119765	-0.0030689002945099193	0.005131076475189254	3.9639075483238225e-6	0.11222794081818792	4.734884340256565e-5	0.09491534470382433	-8.783530841924716e-5	0.008771324365292855	-0.002584567452327682	-0.004494927323641779	7.667528804654936e-5	0.18167343612041212	-1.2263602084383454e-6	7.936268465380909e-8	0.002301090869446857	6.377872518546719e-9	3.267118432908745e-11	-2.0057771357615356e-7
-6.957552499732323e-12	-5.22037312640847e-7	4.997763018578758e-11	-2.9672483451041104e-10	-6.011376637086063e-5	-0.11456397728679475	-9.309850286075025e-11	0.02112575347255992	-8.137354194186241e-5	-2.7240077402915562e-5	0.0011373807478413443	-0.025936152530763975	0.00019223837392023675	-0.3149409009365347	0.003433085376899272	0.0013910034788307299	0.012691663957392069	-0.40916918443835354	-0.07139385641043544	0.0004068962568568144	0.2802968858912904	-0.036836135208202135	0.32087052438974645	-0.013582000746952651	0.0005802298889131083	0.029031955590227563	0.024169183973640575	-0.13425161318092763	-0.037084045699214356	-0.013435775299255192	-0.002116299564195643	0.06662044851139486	-0.12129340622056851	-0.23125728470856338	0.05013866644607298	-0.12605683926154845	0.03850054713437292	-0.015084013989517964	0.03355338519042786	-0.061543662539683186	-0.0002818026385381067	0.048625792110617086	0.11753979705810035	0.06167977631282486	-0.05078047584532739	-0.14107415692542263	-0.008992444374152773	0.040745138890248986	-0.04569825098419204	-0.04977710740587851	-0.05853841637893235	0.09853026309237815	-0.003214831325984306	0.15070452592979974	-0.068227554278523	-0.04871718675157714	-0.024824065927366124	-0.15761214261371675	-0.1560369149494329	-0.14757341514998842	0.0988031800502013	0.19304034889279348	-0.025534491341568533	-0.0862852930152422	-0.03823005096989249	0.053428953108335855	0.09144144891858973	-0.04185559903057711	0.05429611600732617	-0.04545770268711998	0.06317070361878502	0.025162370976099836	0.0029634868926789707	-0.007362768994268553	-0.07475681254220723	0.11826378971578054	0.011729622550086534	0.03282400831664075	0.002669054854411532	0.2049322592013165	1.4788926175240395e-6	-0.0009730476978259006	0.0023898369773349684	-0.0012404038827682868	7.068557036964884e-6	-0.1270284410591367	-5.629468362200309e-5	-0.12479392187019932	7.352333202892327e-5	-0.005788533877281862	-0.00018383082293785768	-0.002671049024724035	-0.0015346087890038228	-0.27399500776846736	1.9082360410985082e-6	-5.98789100516574e-8	-0.004121240719646135	-3.284259512300218e-9	-6.497927253753354e-11	8.768342443977249e-8
-1.0965834435360716e-11	-8.064665882060936e-7	6.813050120593244e-11	-1.0961712326661687e-10	-2.309253373242878e-5	-0.043064270558090555	-1.1998033686184436e-10	0.008730412621170167	-8.887036496280987e-5	-1.2151114941516975e-5	0.0010225078386798309	-0.01450626713462402	0.00014755215584918985	-0.2269991032943378	0.0019626105102987425	0.0005650934193516728	0.00564283209176232	-0.18178969285239757	0.051437451358114436	0.0003290808464105658	0.11777214858845103	-0.02781457107266463	0.14312235125253533	-0.007115721129900002	-0.002635997180925833	-0.013082279682894864	0.015577070333997576	-0.08671858749960888	0.036728462120092016	-0.0032335012441872184	-0.009245483608262994	0.16964499586897847	-0.04750182294871944	-0.12074909413022893	0.046209445785709014	-0.03352052731595151	-0.007975404889119513	0.003360664192360239	-0.07027768105702734	-0.028837400001436097	-0.1435512782613322	-0.026759138054992405	0.1338776272817054	0.0005831437676165056	-0.10915144546734153	-0.16791049114279574	-0.07442512512818421	-0.018767990416863445	-0.22279992009481622	-0.017212118564781775	0.10815040457341232	-0.12395337972717797	-0.15425755164051744	-0.07818146797482348	0.10898406936847405	-0.06822014577080358	0.15720468203089438	0.15469836865580083	0.06067745663243642	-0.01422043655248493	-0.09191967282880689	-0.08887935151503222	-0.028888987683444896	0.0426399177018564	0.04762415757019889	-0.06689158988199799	-0.16901419719158436	0.1059409392122709	-0.07300538503059464	-0.023049538328065607	-0.1875088491858097	-0.025108366270268898	-0.030103461791399336	0.013594835177949367	-0.118064853287256	-0.13696055613145355	-0.026162299757110548	-0.01226706059524303	0.0003561535812107714	0.055932603632301826	3.4608155155201585e-5	-0.0011328346617491233	-0.0023189548899296736	-0.002297758513697803	-2.115451147117577e-5	0.19933057978194202	9.272785210666752e-5	0.2257013944829902	-0.00010156206032986015	0.006168243762459573	0.003066739228570727	0.011552956595844625	0.0040279010733169085	0.5605262093094556	-4.00844285530857e-6	8.772369973369098e-8	0.009735514561524333	3.332109503835671e-9	1.6731684475733261e-10	-7.186075853304761e-8
-2.94259386413605e-11	-2.137136026677043e-6	1.6806692421985768e-10	-4.68138792216834e-11	-1.1688313835700683e-5	-0.019331914098794853	-2.7334875776865455e-10	0.0045740271039520315	-0.00017249725428185943	-7.300101979013183e-6	0.0016688829795603235	-0.013120096555691662	0.00020189566524125475	-0.2861285482551396	0.001633187055395654	5.002030437937074e-5	0.0016262427080285982	-0.052024132046343305	0.1965095917275021	0.0003609734852523758	-0.007347111998100242	-0.026909952322688467	0.004815376284638078	-0.0019841236675400167	-0.006172141210061606	-0.05664127299948226	0.0077380677069505055	-0.04180467269352923	0.10841795898657326	0.007213197038497001	-0.015145255017385022	0.2383892685284865	0.03949118336930188	0.02731421322765704	0.02756725117881507	0.0707814884215602	-0.05113057647157541	0.0199752286745926	-0.1332238777639603	0.021308575160045834	-0.17948561749285719	-0.08152981069410789	0.03588015545436308	-0.06103605929295519	-0.06700050407109101	-0.032998039155947165	-0.058958929172977424	-0.05721291609200275	-0.13899257088142283	0.03703752226144875	0.13230461753005232	-0.17699726768606833	-0.08967499057267567	-0.19023022107162288	0.12075616035686185	0.020574587593074983	0.0866278577878184	0.20318992197214653	0.16864818885091065	0.1454916840672544	-0.1083998479460516	-0.19874910146745528	0.024884538558152355	0.08564402192066789	0.03610258184188395	-0.045426177959811985	-0.04863463201270158	0.010965764466271708	-0.032636102154095285	0.05466792687908552	0.023510160582126145	-0.012755851789743254	0.012338069743512595	0.0002368615871208891	0.14784312582612502	-0.025859907875683805	0.006585091378422597	-0.023908001280662	-0.002960632953020556	-0.25244251053701106	-3.3656434919793015e-5	0.0020837887123846314	-8.149462298694628e-5	0.0035958980121992977	1.7743974362485473e-5	-0.11089343823048069	-5.7687580639053086e-5	-0.17089896194231427	6.022925888893485e-5	-0.0023648166058767724	-0.003998733719228091	-0.013310797547430205	-0.004167327688683109	-0.5386246474611973	4.041115608262118e-6	-7.445604496073434e-8	-0.012054937033307398	-2.371856527096686e-9	-2.39312691106005e-10	4.511571223402292e-8
-8.287858020719499e-11	-5.9652242087642065e-6	4.4811409388495113e-10	-3.1070245935927736e-11	-1.1745519515180636e-5	-0.01455409395376759	-6.796989736077594e-10	0.00414536276429887	-0.0003816866334165949	-7.660052080050334e-6	0.0033428886294724932	-0.019128924689841568	0.00036575121495300395	-0.49380500790308407	0.002043047026035946	-0.0004439776933515756	-0.0017258149134581897	0.05650366580660683	0.40125271242057076	0.00046673772611166103	-0.13385407425747126	-0.030394126391332994	-0.13278448425574008	0.003030735113740913	-0.009662815043137176	-0.09916399005231705	-0.0007229538950354858	0.007228226028551562	0.1598837586258619	0.016186074103543814	-0.017081420999843392	0.2282738138773632	0.11042526911146913	0.16336610951766137	-0.0034010671887519943	0.1411273840450039	-0.06641399279958453	0.023140457009319125	-0.101515378313308	0.055824882703601794	-0.058110766546114384	-0.06299744037448074	-0.09737890273887988	-0.06010196441199939	0.045478956469961584	0.13794943709405622	0.028184527405274155	-0.0240677701394341	0.12547425998847866	0.039857614523417316	-0.034941123789380815	0.034692818703937346	0.11180165447615734	0.006496672396139429	-0.06632664496228763	0.07405910133714141	-0.13429936719406801	-0.12099081815758209	-0.04733578471186129	0.016789588321140123	0.09455692440132486	0.10169893268431814	0.026245418585155125	-0.054953036397575636	-0.05388448046578509	0.07817407488582268	0.18759287878404654	-0.11054993423625932	0.08688951130595199	-0.005832379015647296	0.17361416062029045	0.03305335648450681	0.022243733930159156	-0.013749480811685325	0.007512642770462564	0.15773658256262058	0.02070474796654247	0.032721712365320205	0.002448803672081775	0.19099436986107823	1.0171581287952192e-6	-0.0011785636057920562	0.0024105674987500237	-0.0018513993911240592	-1.941947430429533e-6	-0.0526921722408526	-1.4391319052392655e-5	0.020194573106260553	1.4489465427619616e-5	-0.002737938746397092	0.00290168738062892	0.008574130428480093	0.002407876219691701	0.28967984185935597	-2.5096214933533267e-6	3.5878795048588805e-8	0.011846383794124397	9.993513732773359e-10	2.9871716609070083e-10	-1.7321185021592017e-8
-1.3738029355495196e-10	-9.746048586014646e-6	6.811786342711603e-10	-1.0006216618640235e-11	-9.501580653007333e-6	-0.006923289766357101	-9.154353779331624e-10	0.002218027513834288	-0.0004196532324445656	-4.475813566045055e-6	0.0031423836151272034	-0.01341428141646609	0.00029768894097736753	-0.3768819855421954	0.0009740633370722105	-0.0006026952803648521	-0.003752662197730879	0.12162104316877492	0.2557620183170742	0.00011889836163382961	-0.1281629935686404	-0.0030764843327580546	-0.13366145354823655	0.004658235653330495	-0.0017139502620166344	-0.023205504902570992	-0.008275302319778358	0.047044887056622214	-0.006578370753742973	0.0028087647135053868	0.005549106312250513	-0.12592049198376057	0.0065394835313414106	0.035376758923405686	-0.02884729561156766	-0.02226710083521405	0.03264189030296936	-0.016499670473740857	0.12175251057402565	-0.016284177372948037	0.18256257047848473	0.08629243110233813	-0.02037106738216826	0.07313839026264318	0.05671422192194033	-0.0040469810575846175	0.04790438396305888	0.06750904504004311	0.07923128656436793	-0.059560457067173174	-0.11053048219512997	0.1536767373314599	0.011071344154425908	0.18503500462227515	-0.06615257251610245	-0.08668794056035597	0.035865890202631784	-0.0809149792120679	-0.11670209943848324	-0.16494824540454273	-0.005147337969922427	0.07254005716696438	-0.058550551260668104	-0.013090838344827575	0.03663656290721968	-0.06596210086176138	-0.2437308266502269	0.16556179969885107	-0.10655460130298008	-0.04472476567432932	-0.3303754568324013	-0.04671889919624382	-0.05267787841422764	0.02491643550354388	-0.16229949580862904	-0.28644465594520624	-0.04810389050514779	-0.04258454677421438	-0.0022404383451904448	-0.15908476181388206	3.138308186164004e-5	0.0006100941439513948	-0.00546440281453284	0.0007185362268099731	-1.2931525540631159e-5	0.24256282211410574	9.416165563214842e-5	0.11808321597598233	-9.822340796568837e-5	0.00955755644707247	-0.0037461148197745447	-0.009741545046056288	-0.0023841346077294683	-0.25943786972317134	2.95932827737653e-6	-2.7316975543627408e-8	-0.023090922117270842	-6.288906559983196e-10	-6.938465235590597e-10	9.502197776954996e-9
-3.069421005051844e-10	-2.1488857900467844e-5	1.4047080318706155e-9	4.517410396176042e-12	-1.3233673806712473e-5	-0.003646140462642792	-1.676499432735079e-9	0.0013183901443477735	-0.0006155240035636208	-2.9126408131103146e-6	0.003771852432073119	-0.010543491933937789	0.000286420322525106	-0.3230960086345916	3.4853186167119355e-6	-0.0008034172019834202	-0.005993385060561634	0.1936211949216534	0.09799914394955826	-0.0002464180622178896	-0.10161211234575734	0.024821214353565046	-0.10716562706625113	0.004921801509774559	0.006850229696731363	0.061337451278123276	-0.012252543256360021	0.06568352208165543	-0.16950020737639243	-0.012130105456085045	0.024776127081933694	-0.39418168828146805	-0.10230508003320704	-0.12060928388179666	-0.03125127566322158	-0.1671494139962625	0.10242627423439687	-0.03922866144758722	0.21570333530502903	-0.07072280410636614	0.19903416607816452	0.12765359145100535	0.08381986390448097	0.1057041040869362	-0.011524639073433084	-0.14020088427618957	-0.0074588011246690625	0.050873638746919275	-0.09785542741197246	-0.05533042554133253	0.01264693539413099	-0.011231353705546	-0.11045311169304156	-0.001834771713967513	0.06621977714293623	-0.06817796941937718	0.1311709074401774	0.13602039170510621	0.07914032898662254	0.038299610406304495	-0.09262170022222081	-0.1318856380047873	0.0005631514174999356	0.06143834251092172	0.03464878857149507	-0.03859636764626057	-0.008781638579215975	-0.017254632597973663	-0.004090254833031781	0.04518805624410391	0.1378125823410213	0.012473637074545645	0.029837182416125704	-0.011279866632092444	0.17092008794936242	0.17311957617139878	0.03607761292652314	0.018686090358270988	0.00046164941196048624	0.02055470307960098	-4.527158460939853e-5	0.00028729793024597264	0.0056537564008094145	0.0007696461806614956	2.3321482464603793e-5	-0.3533515148239839	-0.00014658571504453147	-0.2316196633353375	0.00016204973214191764	-0.014486648173245232	0.004006958470365209	0.00958142409493003	0.002112392086675747	0.21106457534015405	-3.3041977958445035e-6	1.9075049224926e-8	0.037612812782844646	3.702621721267576e-10	1.2964502762811995e-9	-4.80349582980708e-9
-6.367050802396876e-10	-4.400493534638506e-5	2.696329655021219e-9	2.0568673162398537e-11	-2.111251854679733e-5	-0.001511104751836317	-2.8705229339171557e-9	0.0006135261716226006	-0.0008487386815726023	-1.485140655714706e-6	0.004207144417259921	-0.006580386935585311	0.00023940043476371013	-0.2214665684494057	-0.000967840568795018	-0.0008065718246578894	-0.006684159537745844	0.21547134611102217	-0.09539481606382633	-0.000497742854634173	-0.02645377572511364	0.0402053434477564	-0.024901358211242012	0.0021909257184428675	0.01079319691102015	0.10383141337171654	-0.007069485754590332	0.034023736177085234	-0.18770708238403117	-0.01649682628483822	0.020987462256990445	-0.2690328821981709	-0.10128568229940896	-0.1430821216677572	0.0011702033527029117	-0.12031609304119499	0.048034234205133246	-0.009370034894550058	0.012472460010270393	-0.026097743972087133	-0.09174019853559505	-0.030933529291973603	0.049708010951174414	-0.04059188960821101	-0.05997671511957665	-0.029702835893295903	-0.04877739878935586	-0.06336447658674439	-0.08245875998226407	0.06264897877888177	0.10908998167652585	-0.15184675411394724	0.010334256803132049	-0.1845021719138075	0.04536039699732407	0.11283047164065532	-0.08870539804887853	0.012721410312993835	0.07015725951675969	0.1400695246646795	0.06920162480728018	0.023966111084038216	0.058114968636066605	-0.036736325772546714	-0.06576384930124426	0.10130130735058113	0.2529449183935936	-0.14679656453816847	0.11102386851895213	-0.009300065699615181	0.15697308057459006	0.030626777347693698	0.013762119721723792	-0.010025494432236215	-0.07955362001775856	0.031846906187066454	-0.005868718480589009	0.014129429722345705	0.0014950323950461823	0.12526423248411447	4.674387022400237e-5	-0.0011204699195700467	-0.004663709422553212	-0.0021201377994759223	-3.298592668794113e-5	0.4604569313598444	0.0002027014587324622	0.3697259184012795	-0.00024417567579940614	0.021122246058545287	-0.0049081907367793404	-0.011139513135157032	-0.002287592692536571	-0.21455320720191082	4.57482700647815e-6	-1.7076640018028404e-8	-0.06934389583235041	-2.94331821885153e-10	-2.6958841624146307e-9	3.1981394670170227e-9
-1.7373837564053843e-9	-0.00011889591452225863	6.935804181828436e-9	5.774035607002193e-11	-5.0150574327117405e-5	-0.0008903504013026327	-6.783262214055095e-9	0.00042193752013775816	-0.0017181112031060641	-1.1498778882639622e-6	0.0073239971582484305	-0.00646853364776343	0.00032741247752017695	-0.239602917330369	-0.0023981998767324884	-0.0011670009837542513	-0.010250815550082037	0.3299423333540374	-0.3198185575030457	-0.0008616912543493917	0.0431360328225687	0.06301600092095652	0.05316782232875276	-0.00036366918997093027	0.014890033501553213	0.14667089764636027	-0.0014710173038274743	-0.0002526832989685014	-0.17495891608044536	-0.017849581345357506	0.012160065849410403	-0.06070470807501179	-0.06126901114566121	-0.10572855697790805	0.033093753728325195	-0.018364947347914502	-0.03150306452054047	0.026594833371555562	-0.1993503228953735	0.03710548496044739	-0.3040930787312518	-0.1623773496832418	-0.03218004971652786	-0.14616468216137063	-0.04676982855114792	0.1125894895324687	-0.03185129708498013	-0.09968526062787207	0.03833296900644479	0.09498995624415174	0.050075655221695756	-0.06862908922338117	0.11556924096475642	-0.07168103091991276	-0.04921526551239278	0.10263839110148713	-0.1565436358361997	-0.13363493655064834	-0.07207320315576786	-0.032797461038212385	0.0924344563073026	0.13085801480013098	-0.005480273361372587	-0.05695108271579537	-0.02466711238067979	0.01562664832167868	-0.08237516587326935	0.0757801519917802	-0.04074109108534542	-0.0404757833795767	-0.2271906468019863	-0.030887296984324495	-0.03830649330062008	0.017608674303193864	-0.1131527160931468	-0.1980169674730278	-0.03134067246714297	-0.030469096493831692	-0.0018457428568085562	-0.14037346947046014	-3.196020262043988e-6	0.0009313313855117747	-0.0005118670253105109	0.0016308490298750412	1.890141665284587e-5	-0.24557082413841566	-0.0001242885727060194	-0.2923615003839193	0.00018567177075655333	-0.01569567757023681	0.0032127741852050907	0.007021620130697101	0.0013709673934637176	0.122963185719015	-3.975787173513232e-6	8.904174492885058e-9	0.08503381171426526	1.6088126561827562e-10	3.895181661554091e-9	-1.4492341896916645e-9
-3.66281570865574e-9	-0.0002477805616704014	1.3652775221769443e-8	1.1170291579398292e-10	-9.253529972446986e-5	-0.0005064493024214495	-1.2127510282167239e-8	0.00027276170701508726	-0.002610598445506904	-8.138838811990142e-7	0.009717993081526467	-0.00538111250401987	0.000359097284610265	-0.2109460853890185	-0.003200726122190417	-0.0011853526697057433	-0.010682501677077577	0.3433759229773401	-0.41286012421710416	-0.0007863399691744893	0.09005443329563469	0.051081859738083185	0.10105834028613633	-0.0026798352606711277	0.008238893726021478	0.08203699717238441	0.005296675702098095	-0.03432367484518316	-0.004574326726910973	-0.00280250883251853	-0.008537532052357329	0.21107559943692225	0.04743648502701388	0.05365754181459484	0.02657607163233267	0.10551740105064174	-0.07136017863058716	0.025652528870523307	-0.12710886516441092	0.04658188524657501	-0.03266395857416696	-0.031816956187118786	-0.059451594321643514	0.0024888885089541487	0.0489450223992642	0.05148982159820457	0.04655327416692449	0.059950121106432344	0.08191310998147237	-0.07243637647581497	-0.11715805577756513	0.16626927890210302	-0.03818813365132249	0.20870345979189403	-0.027583649212774123	-0.15703292392469967	0.15915723784444197	0.060585994634247915	-0.024365764336746237	-0.11721631602394147	-0.13749085491921798	-0.12589898788081028	-0.0536173635772485	0.0856133065428441	0.08766479806146248	-0.11634705356587084	-0.1626237041663894	0.06080396151260862	-0.06458396118458902	0.05960223960926713	0.13961620377958145	0.010679025270217846	0.038008611972333434	-0.014051744676380547	0.24500818192177068	0.2687157886411989	0.05423459704556802	0.03370745574853342	0.0015723608044745966	0.1123330006888364	-4.107746747617376e-5	-0.000577985366795894	0.005604834159741481	-0.0009268021165467783	-5.121358159452121e-6	0.03971993336418776	5.4874305681827605e-5	0.2598145765418134	-0.00015690180514613304	0.012859132763052977	-0.002182516493740223	-0.00449443124867732	-0.0008091457971411532	-0.06739307286462012	4.678393740776621e-6	-4.0665877466095995e-9	-0.14364470698636217	-1.1441095768325368e-10	-7.672474073141654e-9	7.020316571799766e-10
-7.154371815908309e-9	-0.0004775093136631573	2.460303428051339e-8	1.9288363600289062e-10	-0.00015518488568385245	-0.00023340315656762052	-1.945945170318238e-8	0.0001381468139157247	-0.0034151545351990393	-4.390091216968728e-7	0.010694785155220925	-0.003228481816045334	0.00031207749225629195	-0.13114945834976252	-0.003014453945413527	-0.0008003748287058042	-0.0073436671639885	0.23547303464023878	-0.31683728408693695	-0.0002730390408519827	0.08539728302619114	0.008575192694089474	0.08682351150096676	-0.003112730867020597	-0.004747621294820963	-0.046576562991773096	0.0076046910290108434	-0.03887212805840999	0.1701473053973022	0.014951549938729564	-0.02049868588039698	0.25227802193677346	0.10072486879859123	0.14858258565984717	-0.012064684431462531	0.09841845653963702	-0.017970818819387346	-0.01209841452958451	0.13224776442387046	-0.013585562914053138	0.29226993415635133	0.15158145634948544	0.016981403330346118	0.14669618300320666	0.05600751899753722	-0.10505280963697272	0.03290770473150891	0.0989128284023913	-0.04336001113441492	-0.08411203556143625	-0.025677064470482756	0.02585004687827908	-0.10456530885988778	-0.008619849443542302	0.06047876947603653	-0.027608387545875537	0.07741352903155863	0.09754382262216663	0.08870242220829244	0.11999866881388566	0.015622545435330232	-0.026853643912366616	0.05201080749191227	-0.020560068037916997	-0.05729914039913486	0.10187946920874541	0.2683512496205403	-0.14764436212647858	0.11740320699489762	-0.036405624038419446	0.03834573273988086	0.01610279442013544	-0.014853227230559532	0.002267335561806667	-0.25665269880281105	-0.2225230468923512	-0.054912205175865536	-0.02404088851676594	-0.0008414383525213524	-0.05505716821575174	7.796078058611012e-5	0.0001499758705017271	-0.010057436147640748	0.00014439507419978462	-8.334808853057207e-6	0.16279731701579758	7.980453912999029e-6	-0.2793424770894195	0.00016065419897623635	-0.012750666230115651	0.001706992533693834	0.003197276891334958	0.0004948694108035827	0.03474121447508799	-7.133195928817019e-6	9.437402829206497e-10	0.2815313714663579	1.3518887225844108e-10	1.6889379615690645e-8	-4.731604878223579e-10
-1.598046486882473e-8	-0.0010534556501565378	5.100712980425705e-8	3.8241107480963437e-10	-0.00030117733548476965	-8.568187034522339e-5	-3.617004832960131e-8	5.484553112609589e-5	-0.005190901738789089	-1.8279300627554536e-7	0.013513500654135391	-0.0014636107918972643	0.0002959177372133965	-0.06127148736993617	-0.0028557033800896757	-0.0003976271340603867	-0.0037485163686193455	0.11925698419000288	-0.17649560164107836	0.000305487543609431	0.05899320235309196	-0.03633631298778167	0.04682918362083621	-0.002348168967590208	-0.015593433079705073	-0.15367973479286373	0.005928476109705185	-0.02234946096396035	0.23766461089148075	0.02301915669184774	-0.018003361870924627	0.09813261622757369	0.06837909651671828	0.11226721064628571	-0.039959879813405784	0.0004532144034124959	0.0531852564363267	-0.036337438482168506	0.23898695087732832	-0.05776246282664511	0.23141402963069085	0.13146234080254965	0.06919393926128162	0.07549608855591593	-0.020560672497067098	-0.10027965739039868	-0.03533991667245499	-0.029764427571538247	-0.09304314214105551	0.05831504078240404	0.1143385688521545	-0.16469833077060272	0.035060718117602155	-0.20812850404550867	0.02212359030246239	0.16144304978450896	-0.17302375556581007	-0.08766819028484267	-0.007959498242362315	0.0661119126548073	0.13018165823425937	0.13954156519883248	0.025023560833241212	-0.07353829492635484	-0.052314843602864314	0.045856359893790985	-0.058910542854861435	0.06673726862463283	-0.03743419908461901	-0.024221479783155177	-0.17928643548186432	-0.027850784109869926	-0.021958753009238087	0.01156577518733961	0.06074221950554121	0.008757096154426642	0.015630588787731266	-0.002476180103156796	-0.0004019610642906537	-0.03405907931503301	-7.602215684943345e-5	0.00034510855318307503	0.010162092011515314	0.0006961466121714676	1.9667133121422807e-5	-0.3271987274631507	-6.925091516835366e-5	0.2660117234878069	-0.00014660918213034514	0.011291798840685943	-0.0011224127817342935	-0.001758228646899232	-0.00017459258931807803	-0.0028539793104418996	9.990809898855396e-6	2.08132945665428e-9	-0.48524811260706635	-1.924299084694486e-10	-3.270865409646521e-8	4.431450350166574e-10
-4.573350091953671e-8	-0.002987252074362931	1.3821309555945692e-7	1.0023887903843965e-9	-0.0007787524592567703	-3.228308633435488e-5	-9.070939707970959e-8	2.284358998849732e-5	-0.01136996921797956	-7.906045282256646e-8	0.02627985478241071	-0.000699857642560014	0.00047588795593964697	-0.030578366052183125	-0.00433335517488677	-0.00021027315552246806	-0.002136318020186583	0.0660796450466103	-0.11099172043528259	0.0009833012426503705	0.050832394686679674	-0.0915476479076134	0.019348156179173345	-0.0020044057020330987	-0.02820129466125811	-0.27646915944862976	0.004489294746102842	-0.006314843792450067	0.28945610403713173	0.02915415790930362	-0.01296344982543712	-0.07666341044639842	0.016457808866512408	0.04009559741874627	-0.0547976751461483	-0.09767489720181852	0.1017512734467563	-0.040484248071317806	0.20469348636936463	-0.066523727719515	-0.004408945695876436	0.008969755094036387	0.06173406132037564	-0.06398958285561263	-0.07802172803067135	0.0019321129657271774	-0.06487800913749799	-0.1247803290444545	-0.03299012250339637	0.12678621636066303	0.10270756451010475	-0.12873235455916357	0.12538465689861306	-0.09486128428067798	-0.05000061551064187	0.0928573752763344	-0.1439890869848915	-0.12263957196159792	-0.09029015085151537	-0.11087357915888839	-0.003120216638109035	0.034649154957123104	-0.051657147388145995	0.022281189456380326	0.06007377646342091	-0.10774922959348913	-0.2529379716650289	0.12762710588317436	-0.10598368608400353	0.04628675477513707	0.046033873519515545	-0.002108217163095461	0.026198526767156758	-0.008426435191717586	0.21854299894690618	0.216541596957451	0.043839380320518595	0.02586135201699763	0.00117388090152991	0.08427252982222029	-6.641899344716327e-6	-0.000491240683305894	-0.00014315772991771314	-0.0008638571214916598	-1.4897667592039433e-5	0.23048564430869256	7.772295660127892e-5	-0.07138647664095407	3.364980790271065e-5	-0.002269595339950474	-0.00016680348765031906	-0.0007503136013642129	-0.00024625391712058275	-0.030579800228948576	-7.77879103791085e-6	-4.148378014251109e-9	0.5287984851880166	1.930626406417554e-10	4.2869945028416055e-8	-3.4948134071473574e-10
-1.36490096761094e-7	-0.008844230299666675	3.935395775202752e-7	2.7750932152537394e-9	-0.0021326688973197483	-1.5209389893495093e-5	-2.4232756624197406e-7	1.2764679743887083e-5	-0.027470880830208527	-4.3204972623619054e-8	0.05903165398307915	-0.00043185911015432694	0.0009828621427535585	-0.020185845912470843	-0.00839970541728532	-0.00014194579819705355	-0.0017062641069887819	0.04944137349721903	-0.09525432706350526	0.0020046522741595353	0.05962942926811269	-0.1749389695144754	-0.002491510082812381	-0.002068663845275947	-0.04468285472467782	-0.434212708934232	0.003338961864719087	0.009428048923547505	0.32914582089221417	0.03355165906846331	-0.0064070709100700705	-0.23719418229667652	-0.039774105178694785	-0.04390516277277123	-0.05306447074042084	-0.16308135612863242	0.10957776398241516	-0.023232102650522793	0.054591082659347354	-0.03611808204494029	-0.23700581322726655	-0.12028933651058138	0.0025389262096193153	-0.14715596341362805	-0.06487736410390056	0.10231357449532942	-0.02493245390788699	-0.08171853143185957	0.06516820664662579	0.03755388431640562	-0.04264204239346757	0.08114708918005571	0.04244803750770303	0.15865287194316174	-0.04702282015589022	-0.1216517673367802	0.1141125804181088	0.049574164132090925	-0.01225063213573947	-0.08411604154092722	-0.13055732286393104	-0.13676185183345121	-0.027011973321336796	0.0735595731630628	0.05059205675610445	-0.034688822398451585	0.11892748555508169	-0.10190897450328319	0.06718344098567047	0.006466358154431075	0.15874235008659315	0.028858774867632705	0.009061095209912454	-0.007283725135212859	-0.19253263120510153	-0.15138891655044107	-0.04561882902085289	-0.015906866790872057	-0.0005403039892852562	-0.03617578933150318	8.209134793433438e-5	0.00012869447001251794	-0.010021879127256286	0.00017559987706557527	-2.4316500322017886e-6	0.05577645756168057	-2.5044022219005386e-5	-0.17362960019231605	0.00010283212527164446	-0.008328087062064154	0.0013472394071735304	0.0027841784575219314	0.000519253426682904	0.04669776956706411	1.4300964642501318e-6	4.204905061636153e-9	-0.38492655140718574	-1.3219803033042038e-10	-4.457125129799241e-8	1.9710901825187584e-10
-3.0654997717389954e-7	-0.019657818678392253	8.312766514460843e-7	5.649805634904865e-9	-0.004280878125590352	-3.7986256321733527e-6	-4.708470066623017e-7	5.325863229929374e-6	-0.04686177021485407	-1.1915086027741026e-8	0.09223278839407378	-0.00014463910648007794	0.001425234047995892	-0.007997070109342051	-0.011160030287054512	-4.710062915427429e-5	-0.0009357805031297725	0.02291884977394067	-0.05051261787953799	0.0022171216998931754	0.043425600515477364	-0.18047267073116185	-0.023181836251814573	-0.0009965815310457333	-0.03366146024514543	-0.3199466875316724	-0.00011035305847809713	0.018508356503108482	0.10726918715490376	0.010689423914970542	0.005722522955971512	-0.17501146565764636	-0.055643518773113056	-0.08189782631501014	0.004666445844002586	-0.05107497418941785	-0.008967075169651334	0.023790784556313536	-0.16749737103170953	0.04274501366607236	-0.1177456865791537	-0.06824320594364981	-0.060695406519082125	0.009984194697756492	0.05582193979930267	0.028743233011145158	0.06048647679818265	0.11329395907317535	0.0389904408813789	-0.1266633148203753	-0.1003704014997649	0.12030579989408148	-0.13110265447920752	0.058162350158622866	0.06198650361745456	-0.05339923872672317	0.10476434663879437	0.10071510705004023	0.09677120347642659	0.16054320156715216	0.08569467247876539	0.057343573073750743	0.07095399079596974	-0.07759200187313689	-0.09961407197054639	0.13746080896023907	0.13518157771058134	-0.02281827187479075	0.03654489509009557	-0.053635533411627974	-0.23639063900699764	-0.03341688651094158	-0.03748120589525006	0.017611520216311495	0.042514827423748194	-0.00284788573062953	0.02171130036084557	-0.002578400239692559	-0.00033340248833252817	-0.02688691054299287	-0.00013017540130772585	0.00027022383514450985	0.01750408866124001	0.0005544490274148871	1.9541629263627914e-5	-0.33816119803256905	-2.8484099549850043e-5	0.426803834591364	-0.00024484989063132	0.01941468054201519	-0.002663378531474199	-0.0051527988466908425	-0.0008714335052624781	-0.07153064743802541	4.602425838819228e-6	-5.389276942023514e-9	0.39442595061960023	1.2875194463892023e-10	7.103335458309156e-8	-1.6002294707472277e-10
-9.098509341576194e-7	-0.05784877501869202	2.346160823911744e-6	1.547021038887494e-8	-0.011586272175632881	3.0363402877326697e-6	-1.240655041520531e-6	3.4210971711478176e-6	-0.11086619805305793	8.19922805022624e-9	0.2028978049861682	2.8640985378195984e-5	0.0029600949999929217	-0.0017523238919508004	-0.02147320863688788	1.7343657751815948e-5	-0.000757406612892339	0.010888904220963247	-0.03242987184989916	0.003380203363853121	0.04515616555277182	-0.2558864572800254	-0.05247167801783297	-0.00020648245690845938	-0.029936089615960358	-0.2715316701238317	-0.0035755290077195334	0.02991303294662519	-0.11057632038837335	-0.011961254492333026	0.0176369958363816	-0.09415708486625209	-0.061356231132050375	-0.10223042127067956	0.061356674425859264	0.07398706723195522	-0.12463352583044177	0.060127169399836984	-0.3081185583842137	0.09983474784764915	0.07832353560670477	0.02986578308815291	-0.0778834100788124	0.15912956914694631	0.13043702882733826	-0.06977397023295676	0.08592695671347549	0.19193338436136562	-0.02912793326922817	-0.14338545178260279	-0.03539121961089234	0.006485922476112584	-0.13389948017271652	-0.12370044616860479	0.08281176179457607	0.09452983254957552	-0.06293261989510437	-0.01029467350048553	0.041593944081077035	0.12293097494051425	0.14767784849867768	0.1459146186622676	0.035376079820507604	-0.07979356266651415	-0.05564352210425742	0.031354632142097716	-0.14027145097559285	0.10638577286481239	-0.07454022860015698	0.009849650127033682	-0.072012111997021	-0.015534241915621864	0.006415512660165042	-0.00026774994202397723	0.17026961874445776	0.15303867601900623	0.032490878813782126	0.017534978649463018	0.00078145534207372	0.05644952035450449	2.6525081662850426e-5	-0.00036787353367997023	-0.0057325210081124725	-0.0006910958176872657	-1.862517312482458e-5	0.31559964160794013	5.7340160194452284e-5	-0.3448193339456572	0.00019626961391846416	-0.01548294062843738	0.002031163186643043	0.003852487993133653	0.0006312370024523389	0.0501806100217404	-7.822050234433245e-6	3.5338777386785828e-9	-0.23281599635256844	-7.40723309091683e-11	-7.783847771201417e-8	8.335102548803801e-11
-2.2757075586505554e-6	-0.1433326246393004	5.551699407463838e-6	3.541120362201528e-8	-0.026185603414569915	1.178244944791009e-5	-2.723140307201299e-6	3.1034465045415483e-6	-0.21665103201833874	3.128793366460375e-8	0.36727062576171926	0.00020800967221156147	0.005061409273521506	0.004197846068954555	-0.03396822154678975	8.300677876610408e-5	-0.0006226399325876765	-0.0005184865881247609	-0.0128099023814395	0.004048388619707229	0.03956336730347382	-0.28320281599925295	-0.07104624427147792	0.0006439547887028773	-0.015480943150629992	-0.12282610975119737	-0.005498078612690594	0.027869257733431647	-0.2689770681702609	-0.027968907678586227	0.018744190680244813	0.050899066125108285	-0.020579236912283857	-0.04171866400202487	0.06907292688856125	0.1375815852643384	-0.12860775998667182	0.03487189811026753	-0.12165672698909467	0.048648938889060474	0.17825059450024933	0.09063804167680098	0.008810716095285474	0.08932636957380458	0.02234541755896431	-0.06760097981130639	-0.023260414932039637	-0.036971242595426446	-0.049160932864051245	0.0893308151931183	0.09321135712790987	-0.119311838852283	0.11471521426733113	-0.06135085788016273	-0.06180458112260951	0.04704104718254341	-0.09931153354970722	-0.0988089050360039	-0.10808252124266575	-0.20152806213312036	-0.14113067395267231	-0.11797942635253565	-0.08713108834937158	0.11707598403726883	0.12879684569215105	-0.156255572744719	-0.032354056173274436	-0.05924382322051356	0.021333958000797612	0.044974033468197505	0.3042306260254613	0.04854578374912142	0.03114212543962949	-0.017342712586968533	-0.22961095862729175	-0.17382953856638647	-0.06004500230752064	-0.01857952417819273	-0.0006812968429867067	-0.04814619091636666	9.278683801545036e-5	0.00026697617116659824	-0.009047410551645941	0.0004855909998502147	1.124031693080028e-5	-0.18996070240376678	-6.951024898865745e-5	0.1903862322754763	-0.00010779591495395585	0.0084796072143273	-0.0010813448320065248	-0.002024937137580998	-0.00032501140595011895	-0.02529443043525273	1.0760023102558241e-5	-1.7178088223425153e-9	0.1041148525502363	3.2521740318927774e-11	1.0787379164060989e-7	-3.400105088336418e-11
-4.468769027334041e-6	-0.2779665488877327	1.0122887081079642e-5	6.171139153328267e-8	-0.04484149367207279	2.2352554776005614e-5	-4.477447189081882e-6	2.752598023739136e-6	-0.3012554645797774	5.087701360097923e-8	0.45454843718104976	0.00033287279736360657	0.0057290598650232335	0.008861329939267996	-0.03379275539578102	0.00011510680738307688	-0.00022820581018846912	-0.011709438404778713	0.013497073657633744	0.0022024139245495193	0.008776788144038374	-0.1228743635198783	-0.04139264993579483	0.0010005840381019286	0.011870445665220013	0.1295407885189933	-0.002439055010716251	6.86559388799399e-5	-0.1551172370944563	-0.015168705809778426	-0.0005306522618396763	0.13709171101682432	0.0455579326644441	0.07158482149991045	-0.011126984293272062	0.021576485571017726	0.0437112314975326	-0.04265542665237611	0.25169006961034146	-0.07838858057191574	-0.025225780666039418	-0.004919275880733577	0.07957125283863033	-0.14577803721892163	-0.12765154570471354	0.06421096066049528	-0.08496425619959655	-0.1890878941132468	0.035295211701592506	0.12424610570539062	0.010006596710701391	0.03185709547303909	0.09349323244935318	0.15123722882788362	-0.05361402564329807	-0.12002035494516744	0.11867244314871142	0.07548691058627645	0.03909650430104275	0.03990660561900856	-0.02771652802656387	-0.04089238188176078	0.045821924213133504	-0.03370501694541604	-0.0730343895305489	0.136470494654064	0.17934473335014872	-0.032569123706664996	0.047849417199221776	-0.07074397012749258	-0.35898552699919506	-0.05478546437750552	-0.05196720612081631	0.02591011866669383	0.19100940902949623	0.13014348859036995	0.0668503783203946	0.013701466924440303	0.0004265459131745741	0.0303977413450126	-0.00020135145732915683	-0.00014869907168578054	0.023373416225153442	-0.00027014683721148994	-5.286619008333066e-6	0.09243766245361217	9.44436244501434e-5	-0.08631240351982712	4.857358687204367e-5	-0.0038186076622915063	0.0004756666216974596	0.0008813291786116153	0.00013904470303286275	0.010630964039823642	-1.8417446457437612e-5	7.361598693456368e-10	-0.03954515065218846	-1.217086144235441e-11	-2.213018099243177e-7	1.1933888375336815e-11
-6.460373156366655e-6	-0.39434767432148166	1.3048224243875438e-5	7.388009069201958e-8	-0.05212293446478437	2.7250286950752952e-5	-4.849317759587156e-6	1.2476630253849157e-6	-0.23332298928853054	4.3988327567952014e-8	0.26069349512933643	0.00023450861890917735	0.0024331835770229487	0.007188203785012425	-0.007205397771628533	5.363464434827431e-5	0.00035463898836680783	-0.013228178563602722	0.02724376491409431	-0.0019111704815542858	-0.031184784775353417	0.1690716596173146	0.03327141012555221	0.0001811157209943685	0.024483317254224757	0.21965229160276906	0.003826427752895539	-0.027823448894489074	0.179130379166078	0.019452746616664816	-0.019011664062522166	0.008728999223649034	0.03693940067915374	0.06505553375643686	-0.07261824329754503	-0.13141025995223396	0.13825234491966315	-0.038815468648202664	0.13556488051232768	-0.05117780222906536	-0.17545830190082973	-0.08998209338633946	-0.02607828340350585	-0.051554471719136026	0.013897277603659903	0.04665004805304767	0.06149115066960167	0.12878090402153702	0.030312391711562962	-0.16671465622916476	-0.10002493545009315	0.09605798343835759	-0.18584538755109	-0.06832231362862691	0.10903826437991103	0.06703265178908016	-0.015781390246650116	0.018162038898258497	0.06292066396659768	0.15297812209427222	0.17601404197344642	0.17108835842225387	0.025707675347919123	-0.07062985111790213	-0.025989898148286388	-0.04607792297632781	-0.2575123461822961	0.11313123475693017	-0.10074819041969704	0.07971667446336121	0.3510096051821473	0.05319619787330227	0.06610296754227082	-0.03155336061594667	-0.1489724547830297	-0.09135790035915875	-0.07786875637091709	-0.010053859232848723	-0.00024928369293990266	-0.01910573524394939	0.00036886106934471156	8.149656225577177e-5	-0.046076518128043344	0.00015954830771915617	2.1660112360371705e-6	-0.04636391625989767	-0.00017530575676382373	0.040334223638654534	-2.2378065337698313e-5	0.00177261375728917	-0.0002157155807689084	-0.0003954877745019837	-6.133667961454274e-5	-0.004607531134405258	4.167784207535816e-5	-4.128751913724137e-10	0.015491151229449078	4.7264217714466544e-12	5.962272824751587e-7	-4.318491561207709e-12
-8.943062679348002e-6	-0.5325877829933902	1.54321791602228e-5	7.807734842640348e-8	-0.05249481144576536	2.8532662019020336e-5	-4.311168853384979e-6	-6.292945604028006e-7	-0.07550488406748232	1.9533751897815002e-8	-0.06282825595425884	7.27908442825223e-6	-0.0022513891873141975	0.0012453602330790572	0.02414104034247396	-4.4943040332752336e-5	0.0006876331158508933	-0.005422081771210648	0.018936710318592537	-0.0042884454637616394	-0.04232306814878256	0.3003895505661131	0.07578510091850331	-0.0008293055977528556	0.009662184065793068	0.0612389316984923	0.005524932920983152	-0.022002421718125	0.2805647757114955	0.028445707878141862	-0.011354349380840918	-0.13223798261767053	-0.027819521699333057	-0.042498542110458934	-0.02080467236359428	-0.07507584517913518	0.0035350372562329073	0.03436646171319037	-0.2277824928172822	0.07054011661431844	0.023400282422617328	0.006021219792714845	-0.07707004769421023	0.152893036600431	0.12538875236299063	-0.07378292564566313	0.06474188363899891	0.14215454174249667	-0.04781208502349545	-0.040600210527471495	0.045988609048157	-0.09034166679289546	0.02539380761917982	-0.10093017769474424	-0.029244010926683817	0.06442637289408712	-0.10527813354379631	-0.09269107342388537	-0.10415910069530294	-0.20749304838778956	-0.1724959610110886	-0.16059027056247194	-0.07716946976798238	0.12248124419376755	0.10647182371247654	-0.07373443679949038	0.20567651701364903	-0.14091298242748465	0.1071590892353988	-0.06010830933872517	-0.2391906846734157	-0.03756323652551851	-0.06372500960006278	0.02981456167130912	0.08621615582648058	0.04494923604379273	0.08436491990803922	0.006091646482186664	8.712043309849537e-5	0.009558132426871665	-0.0005996859048225398	-3.241725798698848e-5	0.07971387918183064	-9.155075606731042e-5	5.613050134178427e-8	0.020481075262632674	0.00033875369273611046	-0.01662011409863985	8.688240528047678e-6	-0.0007258597121377353	8.643003413980555e-5	0.0001569205600144747	2.3957083408106737e-5	0.0017707922379648889	-9.520002500928853e-5	4.088357343730953e-10	-0.00543258107420447	-1.7216939679024949e-12	-1.6034735522478941e-6	1.4097725012319944e-12
-9.493235623718587e-6	-0.5447774561360227	1.2668004914718416e-5	5.1043418465024724e-8	-0.03057376994738421	1.7694978150691412e-5	-1.7046701438059599e-6	-2.1347910900354064e-6	0.1334562552723604	-1.8427179773722538e-8	-0.3367472268182931	-0.000226076661402409	-0.0049933767647135936	-0.005800991581797472	0.032490858712472766	-9.930009041254917e-5	0.00033531329718812004	0.007789984386347409	-0.010231084055782002	-0.001516961645201613	-0.001980406134993765	0.05857386574643894	0.022929885694557683	-0.0007231324049643857	-0.01880798653720856	-0.18435128504628642	-0.000984632745343962	0.016905554865240764	-0.06460159594719994	-0.00834698257563666	0.015230251602529984	-0.04363192161982705	-0.0421721648569452	-0.07164251364401168	0.06954719632708863	0.12277571863183018	-0.13807688967319215	0.03611570210175028	-0.10919884781908057	0.041390406417075906	0.16886639589264327	0.088149520606127	0.0559828163802823	-0.01420719488301605	-0.07094024906143855	-0.009958333212017409	-0.10169408282455977	-0.22211240738796964	0.0033968213147749947	0.19894460800501332	0.06084638299195863	-0.014664414708532473	0.16218304275245543	0.17212149687416242	-0.07827342253820974	-0.1392844390094606	0.135887627286118	0.09671608880798506	0.0752097141775465	0.1349390308465227	0.07058383176383326	0.06494060010420707	0.09093327128712797	-0.11909706821597368	-0.14209303735002327	0.1680071869661392	-0.11008560569395787	0.1441145910820745	-0.09542578538971826	0.03650713064429215	0.1264784474753191	0.022986104975686813	0.06404185690721104	-0.029809538144001585	-0.03665303583188028	-0.007919870988098331	-0.11060511785011196	-0.0037182215540214687	4.4317580686659825e-5	-0.0036752012676353613	0.0011086191297110966	1.6184040210722965e-8	-0.155552780054485	7.474070219400676e-5	-2.3179513550246918e-6	-0.00950013435538446	-0.000760739105741271	0.006934971667744075	-2.3916167975897585e-6	0.00030030803710934104	-3.474453544773964e-5	-6.230358540213318e-5	-9.32710938114747e-6	-0.0006760407915015222	0.000245654331530472	-8.403403005114079e-10	0.0018689486731801738	8.371307120229416e-13	4.7796465548369465e-6	-4.493526365876796e-13
-6.6784720044083505e-6	-0.3526535110604662	3.925012074808365e-6	-3.4706677195467974e-9	0.00856134621914587	-3.1075178885320434e-6	1.955537233773465e-6	-2.0847789480554754e-6	0.23355546403490718	-4.1097201639712146e-8	-0.29821088397692685	-0.00023788101077199382	-0.0027359777361840886	-0.006904455318882943	0.005394466265128027	-4.2213513661077815e-5	-0.00039758457023034274	0.012157353125816613	-0.026712659024601182	0.003285698975936652	0.04104520193437207	-0.26410484074619045	-0.06195327649860984	0.0004567377648108603	-0.01810716665334706	-0.14199991745200571	-0.005895148121254976	0.02805204391213262	-0.297997057131314	-0.0305496030358384	0.014319243370058616	0.12675889872941506	0.02572222643971296	0.041307271847124946	0.021447860903279225	0.07220851790416269	0.008716786009378407	-0.042200798095015035	0.2555316691209788	-0.08200999657078112	-0.09433549695249999	-0.0450465563539908	0.04760166312832072	-0.14481652178184387	-0.0833003258812476	0.08011301842990906	0.012478261482541397	0.03440586925871161	0.044947204193041136	-0.14485638267542153	-0.10624379162758366	0.10558265403106143	-0.19895896149499173	-0.09989959197780957	0.12241834230509291	0.1110480637266186	-0.06855095594145662	-0.04055765109806652	-0.00598650734287053	0.0015809275245739335	0.06182393871172612	0.05615774146366676	-0.07285732787349121	0.07848236826516057	0.13750565635122644	-0.22733313413493206	0.006307377432321936	-0.14211801818279285	0.08073856295488205	-0.015532206197606011	-0.030794048197924022	-0.012235542993276588	-0.07592806619165143	0.03566259760606882	-0.0022297729452885992	-0.026361066282027182	0.17803426671357417	0.0028290336500585446	-0.00019751732775322544	-0.00029010596000685377	-0.002285076160811015	3.237432413547927e-5	0.3352663736755899	-0.00011006087972142795	6.539074755487363e-6	0.006745917810698968	0.0018685818253440512	-0.004063167153973342	-1.5389600686365927e-6	-0.00017331694257929228	1.906138340002139e-5	3.346111476118335e-5	4.844695405299255e-6	0.0003398736952865517	-0.0006802224660864972	2.283358073317569e-9	-0.0007983404423225731	-1.0992715754473291e-12	-1.5082309664382065e-5	1.7211079741940701e-13
-3.7914511448212987e-6	-0.14945493835921822	-5.321659204602988e-6	-5.730890593919654e-8	0.045818126320871594	-2.3227892915184347e-5	5.07896190919074e-6	-1.2321061055959385e-6	0.22339882449049542	-4.3787196439882245e-8	-0.08545191305987179	-9.831056753131892e-5	0.001320509290976386	-0.003307200702595635	-0.025733333203480622	4.774280478776399e-5	-0.0008158516592465396	0.006899056521300155	-0.019250837793487966	0.004817971241920093	0.04256965464723199	-0.31293484311781505	-0.08159092615832339	0.0011154019367054062	0.0044553904415201	0.07334727404703403	-0.003257692649648152	0.002772533095578633	-0.11821354919384112	-0.009851152771593394	-0.007522085742358086	0.10310870924517145	0.05229047981441556	0.0865240691947504	-0.06197856708051433	-0.09964858531797534	0.1402988413096057	-0.04146311434870219	0.13207424505461676	-0.04684590433449871	-0.16165630787535756	-0.08368627606158689	-0.06468182348400926	0.04676829218737953	0.0917367772229847	-0.01343635469932808	0.09650685911992085	0.2065858002949815	-0.025859802462387317	-0.11368716031632906	0.007855836854167741	-0.058787430750766825	-0.0176306348909747	-0.08988875443967985	-0.02538224703923574	0.03754318089645784	-0.07175305053403735	-0.054775669650117424	-0.0684995803173787	-0.13680820465250165	-0.14627578593530233	-0.13595133752569544	0.004234364130237792	0.013635864871749706	-0.046755784035812084	0.16125198666140853	0.10010739189027908	0.08615829745101954	-0.03580732485349171	-0.009662798346608398	-0.07132650597587716	-0.0006827124101414959	0.0754392400237379	-0.03626898490262548	0.040996082174283334	0.06073143490671095	-0.2505836135007576	-0.00209697728276008	0.0003798318861200745	0.004307091806349472	0.004052191207840442	-7.477544090079252e-5	-0.6236535409403446	0.0001843254774506623	-1.4040437110873672e-5	-0.007515242075772794	-0.0040189628419471275	0.003787011360132492	6.463199909048683e-6	0.00015907619899688401	-1.6579476246264506e-5	-2.844539928133706e-5	-3.96832037944061e-6	-0.00026828524680262326	0.0016677588153043868	-5.690198983081696e-9	0.0005183136904654931	2.4894626571416477e-12	4.268997677474116e-5	-9.739582053434233e-14
-4.6450729762482205e-6	-0.09063206691829805	-1.919334890373196e-5	-1.571482682118859e-7	0.11872238712633236	-6.141752291429369e-5	1.187409465219483e-5	-1.1339857046391233e-6	0.3306031891456063	-6.88635480966913e-8	0.09199897868682151	5.762687521494693e-6	0.00582577388279556	-0.0007569883368653932	-0.06329693501103306	0.0001481435373224935	-0.0014022356114101139	0.003059633474545633	-0.013735029677522343	0.006360257224608534	0.043511331572165066	-0.3494116523094473	-0.09668216666235738	0.0016137486026512966	0.02608260914023523	0.27249480141905835	0.00030153143495504253	-0.023341777368175467	0.10756704776107653	0.01485563286013815	-0.025871112150203213	0.02446348570383004	0.04700270278856351	0.07616502249551321	-0.10513774769458072	-0.20351558370876807	0.16698275743237728	-0.004409222493523002	-0.11197496515887244	0.03216871891175292	-0.054548080610725296	-0.03013199956118702	-0.1002961833400059	0.18094852725433633	0.15189754767545818	-0.08959099054103514	0.043661496248696356	0.07841905926051179	-0.057816462425261464	0.09837501397827698	0.10899939703976304	-0.1233210347571492	0.19418326690676363	0.0842351554574782	-0.12624307827025696	-0.10799852727581541	0.06411350348067917	0.042566562782771905	0.014443301789702096	0.023716098132215216	-0.028634544900913425	-0.01984943162183666	0.07154975412853454	-0.08320498649782238	-0.11992684481584898	0.15461868382940908	-0.06482738403247637	0.08845218777832499	-0.058251941883485	0.02259457810236705	0.08739697375297377	0.012799065913834149	0.012589454609361868	-0.0046358728703098364	-0.03673020178368712	-0.034733173418153726	0.08040288451945751	-0.0006101719877980653	-0.00023928371977130852	-0.004795356639322987	-0.002825006067202236	6.571578585212058e-5	0.49214872060107956	-0.0001399629376841559	1.4580802419788903e-5	0.004714099603554088	0.004403056315523283	-0.00215285363961125	-9.114029047244278e-6	-8.965600661277631e-5	9.043253690340102e-6	1.5312912293963076e-5	2.0875977745576364e-6	0.00013795387792854948	-0.002347600275638294	8.315436859153575e-9	-0.00023458747518234608	-3.951242740462237e-12	-7.669910488667409e-5	4.014441249859042e-14
-7.0969686390477085e-6	-0.0611282250409913	-3.741374255541761e-5	-2.821576515184464e-7	0.2077137128462411	-0.00010792260046239473	1.9623964939628673e-5	-1.001719664738374e-6	0.3990685147943329	-8.490043388335395e-8	0.2483519794294935	0.00010821404640257177	0.008567763456937301	0.002039945539735682	-0.07602130804907062	0.00018576760496555512	-0.0013766042981196336	-0.0021164144913678935	-0.0007826282483340161	0.003829171059558757	0.01590044801705439	-0.1475914216675907	-0.04426587507304729	0.0008432845737634142	0.02547560519355359	0.2363751265476922	0.0035816968604138687	-0.0274304086909356	0.22237916632533825	0.023972771672095005	-0.015586172442954568	-0.08294808798159632	-0.017119891534858333	-0.032053617833849586	-0.012436232459384968	-0.03776135702587866	-0.038472133491726845	0.039339578381647665	-0.1818381141409595	0.06040248317746864	0.14646638394727268	0.07597796510105949	0.04741554041031435	-0.02323503044132854	-0.07575083887076713	0.007803074299456491	-0.09916156657439038	-0.21414375502909153	0.0342353781791662	0.09070021084060173	-0.039656204415858105	0.10081304234150892	-0.054536611644034054	0.05044521080976685	0.0874729294583458	0.023075570242934183	0.03452385033673063	0.02586466956203096	0.05743633704849821	0.1171848288092521	0.17117111305025554	0.15400614735742496	-0.07230109929827037	0.06864203759484705	0.1689001564499559	-0.3303208066528702	-0.02055822050268734	-0.19808521859654046	0.10981695546700838	-0.021368651734069485	-0.0541838279782219	-0.018105516992028454	-0.0940982912059962	0.04321343646882378	0.01750976383018928	-0.003474015709269598	0.11600037585381802	0.003134662411224362	4.908538424009894e-5	0.004435985785510969	0.0013254514648915025	-5.365394686291376e-5	-0.34550647885022967	9.545281265208845e-5	-1.726072188278361e-5	-0.0027022064066860065	-0.0056811085988039715	0.0011299453171112357	1.4414970839753808e-5	4.674220943005303e-5	-4.560631180320303e-6	-7.649801837777224e-6	-1.0198451808981003e-6	-6.605464983950308e-5	0.0041026985141129225	-1.514130310152991e-8	9.991399580574594e-5	8.06540297580574e-12	0.0001714901371529803	-1.5884683854842317e-14
-1.1165859098986346e-5	-0.04429374230588549	-5.9762261143725976e-5	-4.1956249971905187e-7	0.3007066790217921	-0.00015649501595132336	2.6670683541872644e-5	-7.228544276641003e-7	0.3743859804839296	-7.992423343933613e-8	0.31888352537515935	0.0001676303851639409	0.0077206800548796466	0.003934894095015519	-0.05007666465140585	0.00012307864597856918	-0.0005901332127891519	-0.006121885851990132	0.012684483511586755	-0.0015993637349729602	-0.023992674866045022	0.17204092655626754	0.04420400575028279	-0.0006882327246397405	0.00019062998156379066	-0.03130204416731694	0.0031307816000577396	-0.0024468513869174914	0.08193161336559268	0.005146141152025929	0.01376111388430497	-0.08318031222737977	-0.0578230050027359	-0.09536280734392812	0.09778112558665071	0.18240905930984583	-0.1859713472074424	0.01878295968656573	0.052298743237500486	-0.013734798926775205	0.07830964075422997	0.04073713663228719	0.10294749849340888	-0.1812696039968139	-0.1510646843740637	0.08917462941551883	-0.02610609287214538	-0.03288879698197448	0.04887756237260807	-0.13011128074665032	-0.09282028183790626	0.07724760528762566	-0.16757586908526118	-0.11371995167098581	0.07305335222977345	0.09236416517677483	-0.0881736161447862	-0.06314013408361266	-0.0651144304930568	-0.13429930443681787	-0.14008063983730684	-0.13813386430144167	0.005635767299214808	0.007349069763511169	-0.07172872727512392	0.24496806856524808	0.09244382682544935	0.18522848303178902	-0.09403623787875577	0.009236995851880328	-0.003285732885615914	0.01588322158133903	0.1378129134222682	-0.06512002576195097	0.006804434630335236	0.04086387351965309	-0.28805482895635903	-0.005085133534980698	0.00014559241560539688	-0.003808125093874419	0.00014782925047863264	4.537750066554124e-5	0.22839762539946978	-6.193712361419871e-5	2.4479764272466027e-5	0.0014568196704083719	0.008772955834073469	-0.0005591976699669488	-2.5582939187581957e-5	-2.3080680385036576e-5	2.148090284830587e-6	3.608187991139004e-6	4.6779242527854905e-7	2.9811670773933254e-5	-0.008213813005401405	3.137592377443619e-8	-4.033774240698318e-5	-1.853117152094465e-11	-0.0004221157148864686	6.525762421687966e-15
-1.611539193534392e-5	-0.03004091679453794	-7.980176347155043e-5	-5.128953142204423e-7	0.3546953872805755	-0.00018475154927628576	2.8788523829747634e-5	-2.305148433423166e-7	0.2065431044140968	-4.3259951100882834e-8	0.23171516899606381	0.00013541022315529107	0.002489191326608678	0.003503787867178058	0.00880009899549088	-2.440729778943586e-5	0.0006104148608919006	-0.005829376835967245	0.015919747779374264	-0.0055794322088307405	-0.041778468691101266	0.32871519823501194	0.09008544877902463	-0.0014961003533011344	-0.02530740551899764	-0.26365196162825355	-0.0010478970190473393	0.02549452440943398	-0.164767450829839	-0.02044570938597057	0.024228108047474377	0.03645856505956417	-0.010811926128671054	-0.010855203049473678	0.05571158376416679	0.1125438266035346	-0.02561239263392657	-0.03527490531959182	0.19121054150718808	-0.06254800957653958	-0.14542812718579295	-0.07636057144277175	-0.056995550259173834	0.04773455540001215	0.09991644453668756	-0.0258459932899557	0.10767247152168555	0.226035989938394	-0.054278848209843536	-0.025790721393908575	0.09135322944572792	-0.14762450131990892	0.16125817739037696	0.03296442876629628	-0.14277757022130133	-0.09941478985588517	0.0400610307706352	0.03376520530585099	0.00970885729721768	0.029555787868052102	-0.012231973151195594	0.008273299995419632	0.06544501647294797	-0.07785827089651969	-0.07682192833029552	-0.002509169803464392	-0.11739591388388995	-0.08542638374303246	0.034596321573807313	0.00623279319251777	0.05977386149006082	-0.009422452368498896	-0.14670602918971148	0.07160564794051193	-0.030152839559581306	-0.07472733953112193	0.4425583874206875	0.006861966925708547	-0.0003486731117588392	0.0035170870448780677	-0.0016460630138851228	-4.7062587298427194e-5	-0.16483713445200426	4.4782480095991715e-5	-4.178319491067067e-5	-0.0008417016395739131	-0.015972666014644255	0.00029552524736675754	5.097458885911862e-5	1.2364082113881545e-5	-1.0305820316354565e-6	-1.8122538336206735e-6	-2.2197467245253884e-7	-1.4102167189909071e-5	0.01826543609584011	-7.178162843464494e-8	1.708935758513515e-5	4.6351139714978634e-11	0.0011192056233665449	-4.260573952658731e-15
-2.3010808728270107e-5	-0.018797068838597657	-0.00010009990536588317	-5.738310384469098e-7	0.3775308694521024	-0.0001967609653878252	2.6791695881660263e-5	3.202472600458562e-7	-0.03162962069713684	8.744257929954958e-9	0.03965864566051153	3.4837643075470735e-5	-0.004051613049815958	0.0011481996135126564	0.06225814590656912	-0.00015609956872565084	0.0014082177665803335	-0.0016883696891210733	0.006980144629710582	-0.0047401328968428545	-0.02281833540856511	0.18779453697235068	0.052946459185959256	-0.0007935305141251461	-0.023580078630599924	-0.20948738762790584	-0.004022747707272456	0.023685099254840088	-0.20469095140204585	-0.02001544141139847	0.0024686785958827574	0.1050838261920533	0.05214744764668939	0.09002388049277442	-0.07079157152231486	-0.1315562473873495	0.17607289336217347	-0.02789375805448025	-0.01002455160767334	0.0013447449799429555	-0.08632797652008938	-0.043217758921518426	-0.10003049375826427	0.17681704621472516	0.1392654638562239	-0.0850275182148055	-0.004487369478990401	-0.03937751141402305	-0.028892234099270837	0.1418976147066537	0.04576600882779212	0.0060295376759438414	0.07163088315249386	0.09092216185889844	0.029056427209951448	-0.01436085097850402	0.05596419135949944	0.03266610636217165	0.05550936189784111	0.10324323599625505	0.15344710778536613	0.12876087137655323	-0.08251093795883462	0.08702997023774026	0.16712797465069754	-0.24166402122506309	0.07783009089488721	-0.058051913604170606	0.04235480994449434	-0.019189114645132704	-0.09590463845051515	5.268948235273939e-5	0.1123868803250495	-0.05813577206156874	0.04795874197006226	0.0990127189606118	-0.5515639663038795	-0.008117127028834397	0.0005572759132858017	-0.0033898421941054887	0.00335321295145239	5.7108252888960894e-5	0.1330200953539243	-3.7581996680393224e-5	7.454934128065252e-5	0.0005554832227151954	0.029982544164078855	-0.0001817602697492439	-0.00010257254784557237	-8.064169989525573e-6	4.912287956792734e-7	1.068345016275799e-6	1.1217432663248883e-7	7.515289728732028e-6	-0.04076232823814628	1.6447972671501088e-7	-8.515856814708053e-6	-1.1563726490626607e-10	-0.002953189757151906	6.448355871435959e-15
-4.398134840517768e-5	-0.018663982766720464	-0.00016986426895622818	-8.802300920483801e-7	0.5525477461624778	-0.000288062518889527	3.4118381104103314e-5	9.470629184731105e-7	-0.27456001594217755	6.194056020393005e-8	-0.15088023716358592	-6.621753752845727e-5	-0.010450315544076603	-0.0012743632202943899	0.10794458017929157	-0.0002634152302257134	0.001968226531366018	0.002738415680647352	-0.0038708846028036544	-0.00213349216615629	0.005009339122630896	-0.030948196105243148	-0.006993753091297117	0.0003206082902099649	-0.008061732933837959	-0.03051288440172422	-0.004351128542166844	0.005864045735296337	-0.08822514859724295	-0.003936805582754808	-0.021362460946789126	0.07826205424486231	0.06378655692314003	0.09932694821659428	-0.12476018737237972	-0.23657195961432365	0.1800985305703668	0.014376696153822987	-0.19834816890815052	0.06347456064057484	0.09828756474902063	0.05373982881278488	0.01300734335474522	0.022576749511571702	-0.047993180568618635	-0.002253287581653762	-0.10860042813810049	-0.23277804903184696	0.05073290036985485	0.030605092845403987	-0.09245861925780695	0.14718321662163122	-0.1687113708908093	-0.05120887872748154	0.1362619767524452	0.10363253381509542	-0.057582377994151904	-0.04721057634294746	-0.03737374656925485	-0.08735480831044998	-0.08011569051011758	-0.09093690668195896	-0.009030201366629895	0.015086790885767412	-0.048673738838877725	0.20209019704522105	0.04271816909343966	0.1433505583639008	-0.07707456243572468	0.014986673130526474	0.052290680257137866	0.0093592069427625	0.010209636110879949	-7.618351142250756e-5	-0.03340490968835996	-0.06199919696523147	0.3330871449836968	0.0047702709132856425	-0.0005011224984781403	0.001756297938880654	-0.003839763891144643	-4.926307951644638e-5	-0.0615161316668557	2.0285129001948294e-5	-9.830565703940834e-5	-0.00021362099131557054	-0.04205664122553917	7.0963467878862e-5	0.00015654791988795099	3.990461642662776e-6	1.3703521884722232e-8	-4.20137611316077e-7	-1.604056496697125e-8	-2.100555782965808e-6	0.07102154000569759	-2.9625248902425283e-7	3.0743799973586222e-6	2.3160403821763323e-10	0.006337235607314431	-1.2210009489016075e-14
-5.375956478900308e-5	-0.013397123031973367	-0.00017644171445603456	-8.007442910589777e-7	0.471703681711028	-0.00024594326872340815	2.376651945453449e-5	9.784890905191214e-7	-0.32097817512137533	6.993111931652083e-8	-0.21650753134993453	-0.0001090008801594443	-0.007430920035160682	-0.002518798471185106	0.046659865872059426	-0.00010143783657657381	0.0004910912414949613	0.004329801383497863	-0.010309140717203397	0.0031165446215624393	0.026551455228473353	-0.21006011290880852	-0.057864465948944704	0.0009907659230597556	0.019154285337819123	0.1930696430110761	0.0019517386121423953	-0.021000389189633394	0.1720635031912565	0.01862956004713922	-0.008763101033957488	-0.08743162417432827	-0.04259801827415593	-0.07844182614815409	0.05716456405092884	0.11342934925157985	-0.17404759730911018	0.026212462428212943	0.04059766843988696	-0.012588443165807034	0.05486713882078396	0.024798962732705175	0.09448409367147417	-0.1873943263330885	-0.11558962855422782	0.08623456039348489	0.07609417649609748	0.2011436583828504	-0.008823777598049276	-0.16736793140728698	0.036550486377746626	-0.1442846825130005	0.09205344063423027	-0.036291845501328794	-0.17763547675517863	-0.10583740810003547	0.011938944924624075	0.02765736428142166	-0.004511551445606586	0.02132356339784513	-0.03583935030474973	0.008385305327917864	0.09650665345250133	-0.1109789845160868	-0.08842015846399985	-0.10027559034414855	-0.1558185311153492	-0.2091467670763425	0.10170274834537368	-0.01036401637883434	-0.010488749644860337	-0.019393451165460717	-0.13362982262802117	0.058295493816860645	0.025245183355370855	0.040302699649570596	-0.20534960755643114	-0.00285068895464801	0.0006409396836021307	-0.0008635539657077809	0.006254431058802877	6.865417571210665e-5	0.024941053291402462	-1.5108702545072893e-5	0.00019532878467457872	3.538845745092252e-5	0.08784290726047447	-2.2790751035177517e-5	-0.00034974623162057754	-3.4850390258680145e-6	-5.314654098004974e-7	1.7346933162176645e-7	-6.424533171213523e-8	-1.1671557542073205e-6	-0.17632083461213624	7.55004603397474e-7	-1.426505371888534e-6	-6.41669718370634e-10	-0.01853656872959863	3.5314555208382395e-14
-5.208694521971064e-5	-0.005000893831640944	-0.00012470397347484226	-4.034327203484983e-7	0.19199936545822366	-0.00010011264843410015	2.085747288565301e-6	4.353548271399427e-7	-0.15097451067219736	2.9784828489637394e-8	-0.11187162853253271	-6.038391499195851e-5	0.0019771958352332946	-0.0015391210690472643	-0.05892858539447267	0.0001600334350952798	-0.0014739614083019257	0.0016176323474937058	-0.005422672553031678	0.004634451589234219	0.015878954994911845	-0.12889171129813182	-0.03609663553405282	0.0003299971601626035	0.019371683069298866	0.14240395632965647	0.005361052786591907	-0.016349613973653154	0.15899456148855545	0.011267722026271462	0.018416948683220944	-0.10160896044026876	-0.0719307473757479	-0.11172729176548234	0.13337509077764573	0.24996809531623454	-0.18927491889049988	-0.01635489681159748	0.19377440770483445	-0.061766823451714026	-0.11357419450379264	-0.06121081845288775	-0.04937685448872772	0.057445365105249405	0.10022104836168902	-0.0403640503293934	0.06158318243697888	0.1013388469306763	-0.04453909221821394	0.101740568164575	0.061433528727088245	-0.01763541524298825	0.08321900997517684	0.08842019319380953	0.050062474692103905	0.014733131096097392	0.0439987632532788	0.013018458161734974	0.04334278954387539	0.057832147144195226	0.13124038511622207	0.07863844317258531	-0.13654049336319024	0.15647985138537251	0.18798597230443653	-0.03658163668623641	0.23528895264707245	0.2378141728797088	-0.10879631549998635	0.005020882089624175	-0.03138476645850539	0.029912877470169984	0.2622880042772393	-0.11972465520284585	-0.02087057360558646	-0.026891390822919168	0.12503573405146445	0.001665797828146209	-0.0010048199677013467	0.000299235562058007	-0.011550305240341553	-0.00012315473729366971	-0.0014930115920732063	1.8333104897584053e-5	-0.0004298278339931514	0.00011720501839006395	-0.20039959601266402	-6.2148191933458095e-6	0.0008394779998328533	5.951399061259266e-6	1.5247540430871667e-6	-8.539615873084557e-8	2.0533999743142607e-7	5.579430595151103e-6	0.46060412720087485	-2.0157532186467594e-6	1.4796850685518443e-6	1.83993490253605e-9	0.055751973228872	-1.0711452568778634e-13
-0.00010483856787230594	-0.0017270237245613212	-0.00018861259414946973	-3.53460970606423e-7	0.07286318515409859	-3.799479440963411e-5	-1.7965641825248756e-5	1.842054005675717e-7	-0.06908210160372764	6.601809747211878e-9	-0.059979413072227816	-3.708868689758532e-5	0.012172484109821365	-0.0011364116657086778	-0.18268882869443634	0.00046584003892987373	-0.003828636317564657	-0.0006675856745325159	-0.0014003667737558922	0.0064320578757182684	0.005914399700240116	-0.050146279962004776	-0.014420916128792042	-0.0003589721437372157	0.016651165166502956	0.06858498972213399	0.0075658585385168205	-0.007728783234357078	0.09332578565548584	-2.2226399658074085e-5	0.03811972826973991	-0.0675123214404858	-0.06163402022900232	-0.07975923772997064	0.13070458218252426	0.23052051014044642	-0.07401560737321129	-0.04555058974900964	0.1813153428167586	-0.05672719842539761	-0.166086047820573	-0.08335394862417256	-0.13758744857471336	0.23512272842026843	0.1963713206185298	-0.11705942983360251	-0.0366814580438273	-0.1398929841747689	-0.01593678274620658	0.21489370458385137	-0.011421377601102014	0.13793573152484162	-0.06466202186268455	0.05685294288510554	0.18809649439940865	0.10789269791298049	-0.006653937469855641	-0.02737618474241592	0.001686302611493602	-0.028647131808313846	0.013709302975564167	-0.024804590981271392	-0.062299612559778596	0.06590273807142388	0.028697567952942947	0.11463984510099032	0.031986308568978855	0.07487664867310276	-0.03971978655968957	0.006986926444289919	0.03356600375726919	-0.0035540313736026202	-0.07130206509129274	0.0371475454870754	-0.006627372935594237	-0.014817724884170234	0.0836814355739467	0.0011851408970612412	0.00045603374611252983	0.0005276786164854693	0.007638190937201416	8.572299995941906e-5	-0.023047244871649778	-8.690452964359578e-6	0.00042617825344376097	-0.00020728479641310603	0.21320494447300573	3.2629627619313375e-5	-0.000985006402164872	-6.006561033852711e-6	-1.964362510338275e-6	-3.202079562643105e-8	-2.824989464298079e-7	-8.444915774924023e-6	-0.6330666391434591	2.882153276765975e-6	-1.436076666046294e-6	-2.9838909599429513e-9	-0.09807863693630338	1.9187870980625476e-13
-0.00030001640893801383	-0.0007638156211259057	-0.0004865937725751474	-7.186704187309312e-7	0.03751609689690563	-1.9564934285586648e-5	-5.76867955397156e-5	1.1437640322843903e-7	-0.049175170662078146	-1.0750602035990672e-8	-0.05517835529277275	-4.0979525122993946e-5	0.031031921590814752	-0.0015161493640028084	-0.420086197443637	0.001046815459475751	-0.008396234936200887	-0.0033383955796385248	0.001959541955705926	0.01063530556530579	-0.0019313828034490026	0.011927802513258935	0.002694799381670158	-0.001129858507854488	0.016628061662433764	0.00512695948670474	0.010443861240500639	0.0003445925252915633	0.026054416698730282	-0.011311397783011516	0.05430239691942563	-0.022516506891561382	-0.0367125769209507	-0.026225327415029923	0.09172869451348595	0.1395264796573214	0.06905483246793406	-0.05179160068629997	0.0707409364519117	-0.0196860943298493	-0.1011614455244566	-0.04467099900962532	-0.11388474301917799	0.21165364839790898	0.11965416111002056	-0.08574725967922386	-0.09656436088569476	-0.22977045622867734	0.03068071185823946	0.06604476601730591	-0.06968777383288458	0.11055820421541214	-0.1247840441511496	-0.05736743791759904	0.04823959597391641	0.034159208499202516	-0.04688506190695923	-0.02219644405428767	-0.042923790514537256	-0.06318976092747666	-0.12925207532836117	-0.08123948261041124	0.13260757233063547	-0.15479329272051615	-0.1881019450739601	0.02752427104305875	-0.24209060591643716	-0.25660410401317313	0.1189669553051579	-0.007528860561033462	0.017231819657325096	-0.028301166599394398	-0.22894230642372349	0.10176262872647787	0.024703875666091175	0.03628648458119759	-0.18021622240455895	-0.002479034645153232	0.000650000374815613	-0.0007260161038297012	0.004758908785283785	4.2586589507696586e-5	0.023498353146095826	-9.777388048245654e-6	-5.2728810740228906e-5	0.00012178889177190023	-0.05301195564156799	-3.5207701325895474e-5	0.00041770875605477004	1.7441831479502466e-6	1.074523075853611e-6	1.2839127156861148e-7	1.8309012382127e-7	6.320413460079797e-6	0.4532746206679893	-2.280703785801033e-6	8.480987946470711e-7	3.103857018736289e-9	0.11863406779026771	-2.396823491519391e-13
-0.0007962171266545963	-0.0005512629230543073	-0.001215623467151342	-1.6727890773689175e-6	0.031985934215124946	-1.6682690224869532e-5	-0.00014007774180968988	1.1650893911315724e-7	-0.055926025108572426	-3.3779428333938675e-8	-0.07410111441816446	-6.035355286735136e-5	0.060957571389329716	-0.0024012957762125963	-0.7695841768647	0.00187433649262935	-0.01483467028219111	-0.0067517229924594895	0.005550368386779146	0.015038857661319885	-0.009783086091980534	0.07373088786747589	0.01970550801261944	-0.0017572808597541075	0.013392772473793522	-0.059377519183340444	0.010541751190705462	0.008319986547758609	-0.05091821438007231	-0.01818760288556002	0.046183782743742206	0.034111648845991584	0.009959501046694165	0.04371412692905456	-0.00530602868243418	-0.04432845671143932	0.16165164893448242	-0.013537808856364015	-0.1032389301067218	0.03545250540903541	0.07122252336784742	0.04247581086271458	0.04290045360590523	-0.0680580833959687	-0.10489369093537275	0.05513678181147554	-0.021109733863865107	0.010556050338997248	0.031719261054958474	-0.18678447195971504	-0.014190776407844044	-0.10272370144536015	0.02877035030581034	-0.06781128228950235	-0.1800192092769053	-0.10454567817667586	0.002968823161828915	0.0278183324308413	0.002893756288950066	0.03927269142110453	0.013451795182337653	0.04513988345871889	0.02357223490006993	-0.014885577302622735	0.03887153630877425	-0.12659036804212917	0.10547679985399455	0.08065604500031513	-0.032996851286357154	-0.0016103625376268748	-0.04695201569489689	0.026440115499826743	0.259685453120838	-0.12249648518353018	-0.016435636588342854	-0.02107753401106487	0.09916332774669172	0.0013964472991253377	-0.001192633474334456	0.00031737720041600056	-0.01355975305770167	-0.00014087434989345504	-0.007734818831648345	2.1788928482800568e-5	-0.0003477461288847409	2.360914795283965e-5	-0.1313674146233431	2.457055978025925e-5	0.00030351558116518284	3.152431751058725e-6	1.6089291478267376e-7	-1.8597459397915767e-7	-3.427500680033574e-8	-2.706110964271698e-6	-0.1822603879074701	1.327763472667287e-6	-2.3985729736109853e-7	-3.2610737318063446e-9	-0.15499117878110913	3.2644626158646716e-13
-0.0010821087863181907	-0.0001817548710749025	-0.001480721155848551	-1.877419032303215e-6	0.011335599412784059	-5.912493386536631e-6	-0.00014853430982671542	4.4270805855888816e-8	-0.022108614239131578	-3.182900816567041e-8	-0.03096106766901399	-2.6033283748491015e-5	0.035358027787314984	-0.0010432962174907955	-0.3490065460094157	0.0007675978064879452	-0.005775748530848921	-0.003109010062413116	0.0027602286424224017	0.0006640482851605233	-0.005264816112436271	0.040405658725020915	0.010971827381334676	6.576383157590513e-5	-0.00940491920478875	-0.036502216270899245	-0.005528093933636403	0.0033841684756376264	-0.044393315102447845	0.005084408123630238	-0.04114037454570851	0.0298810770426618	0.03810743161409664	0.030900505413752107	-0.09225701131170458	-0.1424950117410918	-0.06879796218697173	0.05350551910147976	-0.053830906371763916	0.013063795665556372	0.07767609200578003	0.02970266817951545	0.0951774962041964	-0.17911101666021687	-0.06689545535768303	0.055679136053885074	0.1106871257437954	0.22233272918967417	-0.0545678398188061	0.0912055758074278	0.08245894465008499	-0.01307373252790542	0.09659313665634801	0.1303642367937695	0.14979036266098333	0.08810770207576685	0.04335545441553847	-0.013617148978118287	0.03894721340548355	0.006808188333778017	0.10937529197299517	0.012726034605497686	-0.1693692980022919	0.17856663920283217	0.12486940860694919	0.18789092370503394	0.04850831791166929	0.10548618838555905	-0.05697498103110016	0.01071998265136259	0.07875262864710499	-0.026592538328702803	-0.3138865596936017	0.1562389957036131	0.01147208817993549	0.011279364276298855	-0.04608197873829032	-0.0007451643766781075	0.00221317832232637	-4.567161986475431e-5	0.029300491546553977	0.0003184082042644654	-0.0035621911970330415	-4.702983977656795e-5	0.0010107528577025864	-0.00018731933557393992	0.42231809011664107	-3.585379473403119e-5	-0.0012975966594511957	-1.0898404225174712e-5	-1.5484944200436679e-6	4.230957153340479e-7	-8.034588403284934e-8	1.8839130453270687e-6	0.10557919448882605	-1.8531217497154365e-6	-7.009838015584866e-8	7.590806328472765e-9	0.4084423935564534	-8.800412659561175e-13
-0.0028485039545304786	-5.7176202743556694e-5	-0.003597696432506709	-4.305388289662163e-6	0.003829881480880222	-1.9977016810616708e-6	-0.00032104566113178316	1.6036728145845904e-8	-0.008341702472698215	-5.829614430687202e-8	-0.012427586482060339	-1.1046317081674943e-5	0.03526639492269425	-0.0004136850081097926	-0.1488830429157657	0.00012167116772472154	-0.00011082383280448964	-0.0012919945638807367	0.001302321849328548	-0.013456002729500373	-0.002683345567645381	0.020902827045416014	0.005813250092080887	0.0019044494782162202	-0.03381679428929847	-0.019492943583277262	-0.02214308954898507	-0.0012793270652651622	-0.037533879210973016	0.028227661288339832	-0.125061924131984	0.021114452804132686	0.057580323842279374	0.010029556890766607	-0.15447108431237044	-0.19780863968431303	-0.27405991537490604	0.09410096681546742	0.024187956181049033	-0.016568698504546737	0.02995480286531044	-0.004459251427335	0.07095454998270394	-0.1386612406973595	0.02934682476663117	0.005384407088041984	0.1277328404678992	0.19570351126776045	-0.07969644386569441	0.25887511080848846	0.0745785657054163	0.09379037339392651	0.03425094506550915	0.14027171689035098	0.2597453393930097	0.14532133793358318	0.01625538947142937	-0.03251476003946985	0.007158843300342127	-0.037933811924667146	0.0034652705736959288	-0.043682784351762836	-0.03589646425488586	0.02117610839452546	-0.03817288188212109	0.11355621531931155	-0.11532429685870818	-0.10611079627355999	0.04703682516295543	-0.0021343069775915883	0.014505225002638858	-0.01463696961118922	-0.11591543808358303	0.048455496855114945	0.009910677951486932	0.014034608752528507	-0.06922040710205618	-0.0008923004384896536	-0.0005080154104433127	-0.0002808786117409329	-0.012210043571047668	-0.00015531847743225627	0.011101646749575258	2.4058571271910045e-5	-0.0007869775894956212	0.0001905600490318515	-0.3665226723820936	2.0599465227903995e-5	0.0013401334331499346	1.0705540439100088e-5	1.8731789005607073e-6	-3.7804939901080366e-7	1.439746748094781e-7	6.961775654372969e-8	0.03086636456684788	1.4168479135336716e-6	3.5280657736610783e-7	-9.242434032804564e-9	-0.5672927931180733	1.2556384124772343e-12
-0.009033857477692264	-2.0119535519644337e-5	-0.010873121322728593	-1.2620605789610828e-5	0.0014667299614013474	-7.651016840729561e-7	-0.0009069520163176026	6.6800522097309835e-9	-0.003667828751232116	-1.474887843734194e-7	-0.006047280848553049	-6.28601729709497e-6	0.06707599213525028	-0.00014866330829521298	-0.07007283457766511	-0.00042892720843801246	0.005468678978711982	-0.0004703172098023539	0.0007115192055899833	-0.0352029866167553	-0.0015804974385635363	0.012379237532925344	0.0036136452188947413	0.004544900980183411	-0.0702266220965917	-0.00918659843388478	-0.04499746434740673	-0.006280092192825611	-0.0372663370527519	0.055826279606327384	-0.22154640008722737	0.013009922827328583	0.07449169875652242	-0.011619582406728508	-0.20355982729332017	-0.22986552715777703	-0.42918271252393614	0.10541774551195658	0.09378133741414157	-0.04004870170668215	-0.03317178637907463	-0.03622684180196817	0.002697181683703448	-0.006320891207351667	0.10541281776885651	-0.04884026915941842	0.035751503460551615	-0.004932038514538245	-0.030100208772008447	0.1608300842159182	-0.014182375687152032	0.09433975904523545	-0.06797299128611985	-0.026704626337985024	0.03603464991176025	0.005763236857025067	-0.03317031129925062	-0.003552321310585277	-0.03578823619075253	-0.021216138358670554	-0.10820461680577338	-0.02572858251902916	0.16018244744847432	-0.17394201372905682	-0.1320747686748226	-0.1749693551467531	-0.04621965523145495	-0.09931606350381428	0.05399930985532168	-0.010365355075578564	-0.08207212151178189	0.03040826292789077	0.34574833552040274	-0.1703266945264494	-0.01529371759999841	-0.017472094536264526	0.07838120050979434	0.0011854227466110978	-0.0019158580521910218	0.0002186904798474748	-0.020798154929597003	-0.0002023745881927809	-0.004897213921638452	2.7982695787147696e-5	-0.00027139442193668296	4.348061408365744e-6	-0.05734039520636543	1.3674792565698812e-5	-0.00015447308290784945	-7.53493628099372e-7	-5.689833947469802e-7	1.1633684370015995e-8	-8.985835819180776e-8	-1.96859025138052e-6	-0.1441861374718817	1.4175571862173886e-8	-4.3375727731137514e-7	5.940395092252386e-9	0.4908446006150507	-1.147285246790829e-12
-0.026064108718684947	-6.801671791965228e-6	-0.029923773791921356	-3.376543254086234e-5	0.0005584200808343709	-2.913182515569719e-7	-0.0023424894133493163	2.8429830040144454e-9	-0.0017052738314403543	-3.4362949581889487e-7	-0.0034590176067918477	-5.1398334209397975e-6	0.13602725653959766	3.7497258971471055e-5	-0.023774267996627928	-0.0011650955670188257	0.013344678872266424	0.00015404547672581703	0.0003448170149342178	-0.0645521163720466	-0.0007940386386206567	0.006014562688901465	0.0019855431291040115	0.007504143728605913	-0.10691308785907458	0.0011839537252417986	-0.06474350188622144	-0.010733088538194515	-0.030468676295191316	0.07264949586396248	-0.2625556875726774	0.0007487730531632909	0.0619535631693046	-0.028290389969646713	-0.16393251445190474	-0.15424755726869638	-0.3552064360511956	0.046948555204272296	0.09780400283498125	-0.03460610551473818	-0.0676001920469158	-0.03583264956624037	-0.06818037430969884	0.13242600924277007	0.07202180176705111	-0.05028184539427839	-0.09928926177455219	-0.19945193004652528	0.058279294913544284	-0.1587219387225422	-0.08258657381622733	-0.04514775941484718	-0.06720072442589359	-0.15063679761265733	-0.24660859079491457	-0.1436206023559085	-0.025400998863953965	0.03188529557623729	-0.01039466212698792	0.03731929427181781	-0.0020561542789494236	0.04505141902748302	0.02069079695318888	0.0018650654787667337	0.05958187461887503	-0.07207737617557741	0.13245787507589415	0.14673121097772557	-0.06939880857626207	0.007493292512553174	0.03307211426048795	-0.003959033252272892	-0.10042772070860934	0.06082411812314961	0.001352545181437112	-0.00019495218387327595	0.005146310060227302	-0.00010849333500925762	0.002301472891950318	6.943879473772507e-5	0.033989727727134475	0.00037751008884329487	-0.005651786968685003	-5.6030267318691804e-5	0.0011371699174104466	-0.00019626048787384914	0.44373944359755135	-4.012066992059582e-5	-0.0011185603706713003	-9.621072959320465e-6	-1.0303591971710935e-6	3.605897864467078e-7	-6.218637464347476e-9	3.015497287095492e-6	0.20006657166609373	-1.4402201302110562e-6	4.188429258006332e-7	-1.5386915341446565e-9	-0.38302112935084387	9.992724889506376e-13
-0.07417664131536528	-1.45501119991516e-6	-0.08114326154987406	-8.896674568818763e-5	0.0001995699049529287	-1.0414671705970941e-7	-0.005953865930338642	1.3324443687170394e-9	-0.0009897441985252386	-7.862165362948785e-7	-0.0030123189233628445	-6.907959005953215e-6	0.27922010046471274	0.00024325117202118104	0.011682551229599946	-0.0023960763464935253	0.026718629497930618	0.000841812461017992	8.398050782031097e-5	-0.10732880369885504	-0.00016022802524511687	0.0006510564035524524	0.0006556908802283282	0.010930159219768809	-0.14317175164656706	0.011536829667016413	-0.07950308095740069	-0.014164684840119533	-0.01809009969307393	0.07487326720150711	-0.23573621236135217	-0.011757552522566658	0.024430787730028325	-0.03261572754642178	-0.05155791504100978	-0.005151288926737552	-0.0887992952530037	-0.042973121504471634	0.03266673190365306	-0.00389668119363952	-0.04300829381071264	-0.003342100798222808	-0.07228244479503984	0.1359007391379498	-0.036726049445637884	0.0030169006543058503	-0.11395674045516802	-0.14507046778623187	0.07110480007502626	-0.25841010785892254	-0.031793935356098056	-0.11725993766343004	0.035931182059809205	-0.030567092485879216	-0.12397975651402605	-0.047005349562943596	0.02636853084764211	0.008949145068091899	0.03493093545529026	0.022000739775510342	0.10824772062077692	0.02297433143216817	-0.16231086406080558	0.1736801486488148	0.12194357757611653	0.19262860553382566	-0.003934138848751205	0.03813764800485983	-0.024709076768403927	0.006431751384328683	0.06263755131923072	-0.02795570115112872	-0.28211080534378763	0.13081967072937373	0.014286881082425196	0.017628064318786385	-0.08262900746171994	-0.001092965687770852	-0.00025685317688927886	-0.00028637842459032503	-0.015065552542101263	-0.0002150998909723617	0.011231678265786665	3.647973514906734e-5	-0.0012049764759146262	0.00025451375062113257	-0.5437396912673512	4.391733257834429e-5	0.0017677954906442422	1.4677042813463978e-5	2.103408275347385e-6	-5.556632935582728e-7	9.94411289128444e-8	-2.7811507136987768e-6	-0.17783526663804555	2.3718482499643367e-6	-3.1468562725067706e-7	-3.135630916863922e-9	0.253755987837908	-8.246515147182865e-13
-0.21867828097951916	2.0308801405377955e-6	-0.22826984485207535	-0.0002434141658352873	5.8425707768622326e-5	-3.057491895175167e-8	-0.015732133816285698	1.0547673327664294e-9	-0.001103815599633351	-1.8767308568049196e-6	-0.0047527048102590785	-1.3331540458642925e-5	0.6046616686266039	0.0006021193288460363	0.05371606719612018	-0.004900855854446051	0.05395734369410409	0.0019660730210456535	-0.00014209297089662343	-0.1839068570296015	0.0004256480501574275	-0.004534464634346258	-0.0005055619690594731	0.016204724073220253	-0.19416570039642486	0.022951000669684224	-0.0966400458881484	-0.017762830520540743	-0.004332203164198994	0.07005629034807452	-0.17322185582241315	-0.021671161458916503	-0.020332256251171486	-0.026195417800592993	0.07818354973374539	0.14584809377765598	0.21621973329321886	-0.10870035528560898	-0.05207731192038394	0.029241172668627417	0.01453471845781904	0.03178472258229467	-0.013320048918218003	0.015084631124722706	-0.11097403189176148	0.05335381058556664	-0.0026532747838940093	0.0748370927279482	-0.000648188047174196	-0.02777463182382875	0.061487286547360534	-0.02691926982886232	0.08817480580518114	0.1357469819032106	0.1891390248950643	0.12509664584441985	0.03528123037141685	-0.02941372798746969	0.017010470594611568	-0.03450439307430857	0.011360957226856146	-0.04399951597954291	-0.02134879610646108	-0.007680495928221093	-0.06727851455769131	0.04547876921776299	-0.13138889935592368	-0.15855465749412428	0.07718550291634928	-0.01018194619054864	-0.06318326734653812	0.018288099102599417	0.24902768280172863	-0.13180781126614008	-0.010460141227489617	-0.01202340260217793	0.05422152015436097	0.0009230472208965751	-0.002086453196851218	0.00017909872232833857	-0.019704390443513523	-0.0001626379093552649	-0.005735651248430889	1.796106363595451e-5	0.00029839505573390004	-0.0001122226124157244	0.23466127604002415	-1.822574323165349e-5	-0.0012421513115104558	-1.005014536616675e-5	-1.8771648475496283e-6	4.1833895732257265e-7	-1.363853316428687e-7	1.0677565021044444e-6	0.06715750720849602	-2.2356370644321943e-6	1.0983146464527138e-7	6.919128368995317e-9	-0.08315345752915784	5.398988873498965e-13
-0.2955011696484021	4.84643008915632e-6	-0.2779261311443727	-0.0002777605306002115	-0.00011298697296141524	5.884010880723975e-8	-0.01649330354161869	5.596633660056313e-11	-0.0003671252430577504	-1.4943196804578828e-6	-0.0022969424803765404	-7.2899009094807015e-6	0.3519031519839775	0.00037121489036842127	0.03956293653996282	-0.002125820329713616	0.022381138307447097	0.0009464739223654269	-0.00019836505660808523	-0.022507443442267214	0.0004540191688964697	-0.0036639154995941163	-0.0009833904629592237	-0.0018525961709581207	0.04725843029041104	-0.00045038955754008597	0.038821547731336434	0.007009561279154183	0.016726282792407184	-0.05406509409265908	0.19422574885256338	0.008061724193823191	-0.026356210383994633	0.031002242516054525	0.05579659098631369	0.008303358264889663	0.07933628763104181	0.06166491766094176	-0.02177477114937941	-0.0028916063130748904	0.037556307932768276	-0.009300314644470453	0.07869493589704854	-0.14379776104561842	0.09757620091615313	-0.034532552117412255	0.1158521642146711	0.08894650391333844	-0.07058726449263306	0.28305276023065756	-0.026331074523128755	0.14402715694570087	-0.12632926778099066	-0.12171720505521456	-0.09266079676808785	-0.10496978828601229	-0.0699142431375592	0.030252427612459012	-0.059078095592850446	0.029100195275148386	-0.12555029115888183	0.04580384981150756	0.1965733280582866	-0.16106549279545918	-0.009449858177862695	-0.27208119885947124	0.25103218788752457	0.2661230364354185	-0.12380190293054519	0.014206767701472979	0.06939425805129955	-0.010842628577298319	-0.24973436461302415	0.15277154102388962	0.009211024397557527	0.010050568018655254	-0.04356779810963318	-0.001080084166931952	0.005360473035774235	-0.00015721466343899398	0.06545274616282162	0.0006392408650327218	0.0038118543965330065	-8.412172524274557e-5	0.0003693786599793282	6.206540269509953e-5	-0.12659391001582926	9.620690187811531e-6	0.0018895231899318105	1.4962995935123525e-5	3.5116338704399563e-6	-7.038480371798772e-7	3.1557914848337476e-7	-5.044773048190621e-7	-0.031131577218400076	4.689924909123677e-6	-4.654476087884163e-8	-1.9869406482435868e-8	0.03279428350416031	-1.051710036984981e-12
-0.45744645765749553	8.95828786582481e-6	-0.37498417255762756	-0.00034103540219743156	-0.0002933802281014017	1.5292550235211522e-7	-0.017656692584936018	-9.476550082490773e-10	0.00043314940727744167	-8.320454483131713e-7	0.0008142425175317047	1.2118333096549348e-6	-0.02707816970105748	-1.4726145747597646e-6	0.007668118172706653	0.001669128373520401	-0.0202172193716944	-0.0005396195625906944	-0.00013612376256116887	0.1545674968276029	0.00015902511564476127	-8.934773952140596e-5	-0.0007194867911993683	-0.01834953248739668	0.24574959156611348	-0.02343769135247159	0.13618020158102534	0.02477495414247429	0.01959259874228649	-0.11842140629599068	0.33582546451529705	0.027863311210257813	0.0020871932420835626	0.046630401493629965	-0.04181725159927516	-0.14070696013537004	-0.17228444984420235	0.1349445795247832	0.043619961556781495	-0.030297774014426446	-0.006180307375668945	-0.033642924027922	0.022459260659941555	-0.025730950041596007	0.11577705717413607	-0.053590686627676305	-0.01088060771589841	-0.08839230059844205	0.01482798007221099	-0.05422145010695856	-0.05233022458552201	-0.03023076938477043	-0.034148415779766114	-0.07193389079306367	-0.13837456590275807	-0.06029767842215661	0.00923279654517016	0.00717173972349569	0.0315514694305571	0.0087959195572445	0.1048275638178865	-0.0002289795119923832	-0.1766671006393066	0.17597397769004677	0.07743247150552048	0.26727172695155466	-0.19071310272162847	-0.19310374511569733	0.08704112574600317	-0.010125502448291496	-0.04036080663090981	-0.0017644123842750353	0.1350976765592634	-0.1055991185558561	-0.004727660637252509	-0.005107911218695277	0.02114550185456438	0.0009742955111339616	-0.007822506010287524	0.00011634795488384142	-0.1085571050703818	-0.0011224496658754912	-0.0019843466494391844	0.0001549060361846783	-0.0011120461176679403	-2.577617207795424e-5	0.05132065626742456	-4.286127801109152e-6	-0.0031921649982482366	-2.5137789897843044e-5	-6.528578148785359e-6	1.2801817850741776e-6	-6.353466642239347e-7	1.831359028037216e-7	0.011108586894072242	-9.776097848232523e-6	1.5439132250438803e-8	4.7270604419170394e-8	-0.010260744217119833	2.4867576877490497e-12
-0.43752533978980734	9.324210630795582e-6	-0.27889738290673716	-0.00020600474866942775	-0.00029594206161761595	1.5429889176018735e-7	-0.0071447167884736654	-1.2199148065817368e-9	0.0008614245380262273	5.565332760119716e-7	0.003134817934658307	8.473745735196602e-6	-0.37778132405589826	-0.00037258799563065796	-0.03292289820365766	0.0035188685541500397	-0.03899757172735536	-0.0013897681751441002	0.00010077530985239114	0.11801631894808533	-0.0003582634467536108	0.003612419324322158	0.000580398664767591	-0.006810243109900999	0.052490828413544396	-0.00880678465383275	0.006510211989193618	0.0007880011979022016	-0.012284045048557297	0.02932187854765679	-0.14332841706959334	-0.0057640422493553025	0.026370026040956156	-0.03223722592964401	-0.05438048069037606	0.0010489662133201655	-0.056621551066075665	-0.09675533483087859	0.008809675025274383	0.012593769997803643	-0.03469371578584801	0.02564505658318572	-0.09148537625404218	0.15953463259286407	-0.1712574755009919	0.07090832134140218	-0.10712101909466662	-0.014871355161031441	0.05744206736884799	-0.23016978554816125	0.08040893042190278	-0.11130445642086108	0.16434646480872242	0.20875025237642453	0.2633433964535231	0.18353407520971618	0.05770548973343256	-0.04044234515333349	0.011510294352465145	-0.04290166701971988	-0.043333618367441915	-0.0454257505155043	0.10251849592898583	-0.14345852059341194	-0.12684203748172143	-0.21839040488287778	0.12443236723270201	0.12144442779909913	-0.0513385380746952	0.007209182415543101	0.018501199748494963	0.014741248867517001	-0.050691204211308113	0.08373136618096769	0.0018257089596110943	0.002158064374711957	-0.0075093502474165	-0.0012994297484305722	0.014462955082853016	-0.00014120461741964907	0.22170623665100808	0.00238684273704122	0.0015674916638301832	-0.00034041277354042443	0.0028426396202525985	1.2919317915527362e-5	-0.02452897622347099	3.347303675307889e-6	0.007790465009291679	6.138785271133686e-5	1.659190946297351e-5	-3.263207780289379e-6	1.6737399116308754e-6	-7.518646555348951e-8	-0.004412256099017918	2.7051191377545913e-5	-5.593658536362511e-9	-1.414616137191977e-7	0.0034684204370557152	-7.809783962535983e-12
-0.3202441434331532	7.423336540149372e-6	-0.0879770243841887	1.275374718823219e-5	-0.00017092259592882018	8.913679192427205e-8	0.006841011258200334	-7.642331573539633e-10	0.0007006742294273505	1.5567240376236895e-6	0.002960293756326643	8.549483755202328e-6	-0.4000898417201812	-0.0004111578118701245	-0.041939943461968325	0.001883663865481916	-0.018660995901028366	-0.0008453376938502427	0.00022601166575182685	-0.06098589388479775	-0.0004374626030773411	0.002803723489880547	0.0011461694030463492	0.013942313246563115	-0.2152554512542756	0.01841770225793514	-0.13287350225283456	-0.024389006922852792	-0.024528017170679463	0.12968060824639538	-0.3826369805736158	-0.029347592000263975	0.0027032791651742383	-0.05141955673816597	0.03413981354307696	0.14082085438338135	0.16983840377594026	-0.12672120108124613	-0.04469636478766367	0.028469377061717746	0.0161767909644458	0.025672806874376924	0.013627225755849449	-0.04391370372142245	-0.036765326154101816	0.017872317394008616	0.0780889607587208	0.09825175429395173	-0.05569621355270859	0.2384195066911702	-0.016688935180642676	0.1312268747028555	-0.12004946527374007	-0.14409317487509857	-0.1403581353398077	-0.14670970774175496	-0.07543716478868448	0.04321128921530207	-0.04688987186570094	0.051010391214041925	-0.04259963584358137	0.06728611206692126	0.021051801221596486	0.04717024874601823	0.12362414234552717	0.09526953856599732	-0.03248072708078245	-0.029382254531525195	0.007273572910675541	-0.003860356966812881	0.003308480717435662	-0.02822726812952852	-0.031245525285397605	-0.06727142624330545	0.0007851192985953159	0.00032758808520365335	-0.004321068252549519	0.0019718333164105845	-0.026297179182267594	0.0002211087778488524	-0.439099435278762	-0.0048945886122505056	-0.0019905708082665736	0.0007184397352480269	-0.006601006118674268	-9.545591105608597e-6	0.01661566072610813	-5.255458441350003e-6	-0.01906812830977532	-0.00015056954962673272	-4.1658805031208335e-5	8.260713236438177e-6	-4.312282552987323e-6	4.1684161428134914e-8	0.0022368447042827363	-7.331877996540016e-5	2.471684912297434e-9	4.1076520327504307e-7	-0.001389943488552091	2.3976138865992377e-11
-0.21040581176768908	5.542185809642719e-6	0.11123645974521006	0.00022946308811128135	-1.4224912036075316e-5	7.4446254271965284e-9	0.019181933905019474	-4.034439184784022e-11	0.00023301809390713357	1.8531128575726905e-6	0.0011571177633245278	3.4759870806919395e-6	-0.17293989990194758	-0.00018380585505891646	-0.02104281912492463	-0.0011541053278083524	0.01580745804012228	0.00033960179013604874	0.0001563647628728404	-0.1813636124518246	-8.923983262846755e-5	-0.0008166395530300671	0.0005439018479252988	0.019259492287939606	-0.23044421278919608	0.023831568391519967	-0.10665572684199198	-0.01872722902760145	-0.003598835703363973	0.05234474806231855	-0.07568106339306313	-0.009005796039491384	-0.02521456559305968	0.011961186815545609	0.06759073429665241	0.04884995546030807	0.10569900168733688	0.07638183752405442	-0.014333316088849912	-0.00973023464424453	0.03400831116813654	-0.027314303957571173	0.089459209226081	-0.1511566376766566	0.17918395397993214	-0.07551867156696127	0.07731913353572462	-0.026120968028480573	-0.03150417060071402	0.09796504767856078	-0.07018551794682622	0.024482086391180713	-0.08121422783088525	-0.09504729500239828	-0.1492781982110831	-0.05411696049403421	0.010302214818839778	-0.0027703804836558404	0.03945034967880817	-0.015671865260404375	0.09403800564037508	-0.03736485900489593	-0.12929972342552476	0.0816798349178092	-0.038731340339718666	0.08365119589330902	-0.07415446662526443	-0.07483733297216419	0.03976375670864294	-0.0006688086750552269	-0.024313978357224836	0.035751002597535164	0.10702550134926214	0.038623223096740995	-0.0033281855456285536	-0.0028031940433244362	0.016128580653294575	-0.0026865954720223587	0.04111200935872972	-0.00033286949467772886	0.7550372605156978	0.008749099120029611	0.002991075411149055	-0.001326212014059737	0.013445844067042509	1.0832606851529647e-5	-0.017406784563107427	1.0341921907595919e-5	0.04200806977493482	0.0003325749140947747	9.41582004503061e-5	-1.885908401035724e-5	1.0013695599352113e-5	-3.9211589308862926e-8	-0.0018036265403393223	0.00018014756490521838	-1.7131861484998012e-9	-1.0875950699109748e-6	0.000858904949073611	-6.753914296912909e-11
-0.35448567276618126	1.0235275099135244e-5	0.4316194063809157	0.0006808879611692742	0.0001282731185753283	-6.681694947953024e-8	0.049613873255194535	6.499531636127624e-10	-6.0912344227981394e-5	3.504973051895229e-6	8.685478468548405e-5	4.229945312457181e-7	-0.04264578860224025	-5.51204559243396e-5	-0.01004210994129723	-0.004698488818344865	0.0570140939357452	0.0016691657719458634	0.00013695632061067053	-0.3420550858870827	0.00024055374865279353	-0.004584591973211996	3.109580197263595e-5	0.026049488438358873	-0.24799937644974	0.029229716422685334	-0.07374547527943172	-0.011550542022928077	0.01793818440561961	-0.03476319643173794	0.2497463468085526	0.014156313191336683	-0.04332369622845303	0.07029295070628397	0.072011884034503	-0.06569430130480157	-0.014193819792169757	0.22940398949041751	0.025960679595898928	-0.04096439912229429	0.022633198995749358	-0.056224973114674115	0.07895193991463761	-0.10615125153272233	0.21020901180559579	-0.08777244183949495	-0.016085141298593245	-0.11826939481788465	0.03308069558577082	-0.17679398040514813	-0.02338521958834079	-0.11844867942790338	0.08016696348102331	0.10660008971657163	0.08499257569634297	0.1303972099105454	0.07834286711279281	-0.043719730827557826	0.05070651036210411	-0.05156351852242821	0.04197023514426211	-0.06553499106886738	-0.009596166229966258	-0.0574729371470655	-0.1175910440418954	-0.1145706965921868	0.05950033874822494	0.059517138331620055	-0.023488693790246953	0.004201903980382442	0.01063247209719903	0.006590234234436998	-0.03504550450356134	0.04273568971086118	0.0016448925474385478	0.0018750803497961932	-0.008761436591145217	0.00027932109474032574	-0.01192803635034309	9.861751037920641e-5	-0.34679124285974233	-0.004655865290242839	-0.0013191120997289793	0.0007884325120977725	-0.010663658675818406	-4.587714534126652e-6	0.0067148027822377665	-9.442505771437015e-6	-0.04092149987195785	-0.0003259845949355445	-9.721920009481133e-5	1.992327042122516e-5	-1.0975683302858613e-5	1.951885869599934e-8	0.0006404825008465182	-0.00022256232859321767	5.652109613674128e-10	1.556209140177612e-6	-0.00026752777313529557	1.0833994067545935e-10
-0.35979698992631054	1.0710932138169316e-5	0.5323208687423191	0.000740545903886336	0.00019380185005717782	-1.0097821576708217e-7	0.04754184104748559	8.426108187609374e-10	-0.0003029015661422975	2.1186869118160114e-6	-0.0010672118822957766	-3.0601799548391173e-6	0.1319236832494489	0.0001320735962036957	0.012285775130208267	-0.002795916472988831	0.0314001751017732	0.0010417969650659137	-5.734212178946235e-5	-0.032083802689913024	0.00023555578305050652	-0.001853706661190363	-0.0005262949590934566	-0.006802480380779755	0.12826791751358516	-0.012108294810238313	0.08165712021753563	0.015021353576703969	0.007775466822505017	-0.059820446508464624	0.11505685781179334	0.010259576729093871	0.024663335907619585	-0.013393774617597012	-0.06958978399271289	-0.044884488671091266	-0.10391426912140958	-0.13463473743326734	0.006775532828442704	0.022598081651565474	-0.04435338766799418	0.05428687087550934	-0.13394001385866422	0.21543003567826147	-0.31167916948622004	0.13456021671918122	-0.0645097976809351	0.12451198572222533	0.002379637129802527	0.07338551461182216	0.09420896576806413	0.10300731032283511	-0.0075457424173192445	-0.03327778360546102	0.044960164075487224	-0.11498686574077159	-0.1134186847120264	0.06462238551944308	-0.11558725402382314	0.09626421942304664	-0.16139854128944597	0.14517857630576014	0.14548715237662707	0.017426594174256932	0.24499009004691913	0.12589865883301934	-0.04262303742834742	-0.0442527974591512	0.007355809996411996	-0.008192781368628187	0.0012240917466974366	-0.05027246108729202	-0.029306440191680546	-0.13407446705160808	-0.000501778589256735	-0.0016670679974617637	0.004981265473515955	0.002006116908633948	-0.010957350537182012	8.052877607672704e-5	0.16018994089793295	0.0037745242656159333	0.0005768405615793706	-0.0008297483207868467	0.017289823072347384	2.48537689429007e-6	-0.00232516884849533	1.816943196022991e-5	0.08183335047792849	0.0006555461175541278	0.0002046168103466174	-4.2757973054176335e-5	2.4285010872784202e-5	-2.2450568792908854e-8	-0.00024179764535772993	0.0005411110866343771	-1.9209833723721204e-10	-4.214130256483006e-6	8.493731206829132e-5	-3.1786598023700104e-10
-0.21279699524047668	6.431899526038176e-6	0.345126387612155	0.00035051643180927794	0.0001368665045252855	-7.131993940700195e-8	0.012808564177908717	3.632726533506007e-10	-0.00027694953779720463	-1.1716025985879512e-6	-0.0011575537537528435	-3.333675650093091e-6	0.1653251803343946	0.00017486759784901313	0.0203642624426845	0.002437041848827287	-0.03201521745511584	-0.0008401693116298695	-0.00017658903262091075	0.3230565496701961	-0.00010478289071104083	0.0035639414429168743	-0.0003123231453543776	-0.029085737403286238	0.2967592699251954	-0.03370025107876015	0.09882431389400995	0.015891393655920336	-0.016375522176874983	0.023804981102684974	-0.23527197425330693	-0.013574537121614778	0.04285169622900886	-0.06959324006441085	-0.06786285543797127	0.06983371270851602	0.03057084902586147	-0.1909263593487368	-0.02814907831535938	0.03314582628991555	-0.00094720681229459	0.02845251703524232	0.0007761394106314962	-0.03115309733386617	-0.0038264435020930743	-0.007028907392302969	0.06951261406786381	0.010717917296320982	-0.035251567084810566	0.10332982428497947	-0.07639650642112435	0.004297290181566823	-0.07157198474507534	-0.06548005671201	-0.1416081870280147	0.022385547107089093	0.07455476422799315	-0.04976302240317226	0.12653296380159487	-0.101961892377266	0.2222102745800826	-0.17792851323511777	-0.2404562980341971	0.026867256166310804	-0.31993571590552206	-0.11970929270891374	0.0255111895110037	0.030439934291577292	0.008498183250625603	0.013337264470860831	-0.013329758033747252	0.10578594083465817	0.10097100384588803	0.2609948017859627	-0.0004605651154993562	0.0021523872670877048	-0.0033991569044807997	-0.005230515419299451	0.0399778687077357	-0.0003072388459257648	-0.08107469828298393	-0.005617335586557512	-0.00025949704197679305	0.0015069422684244847	-0.03972135524928459	-2.70643966460149e-6	0.0001919636476901957	-4.59984320891893e-5	-0.2093394504258839	-0.0016819863216914078	-0.0005381305567026436	0.00011367740430141132	-6.568805378552242e-5	5.212018655553763e-8	0.00013941860502220482	-0.0015482590572135912	8.845828236569986e-11	1.2934843936862703e-5	-3.483862948485421e-5	1.0325541778354773e-9
-0.09429669999306893	2.8818890854265256e-6	0.16359997058639647	-5.703289733138828e-5	6.971423841551846e-5	-3.632991076046983e-8	-0.023586563042073554	-2.033459458577364e-10	-0.0001603443992487623	-4.06188745173371e-6	-0.0007391764732168071	-1.96834237033421e-6	0.11394490333565795	0.00012391937408156879	0.01617177041476391	0.006125144703634761	-0.07472934218128982	-0.0021785391660156944	-0.00016311463463664078	0.4034076670572763	-0.00035434184973851673	0.005802035423127697	0.00018536056224235237	-0.022387940642095053	0.14991295807038113	-0.019113886451567016	0.003764488931046882	-0.001573524302781841	-0.02019184914809427	0.07744660343643944	-0.2757609464287917	-0.018593805078134757	-0.0016041084595012495	-0.02175173480353857	0.03581895257970592	0.07735933671983156	0.11613201277317405	0.08280548402909674	-0.013369996813246993	-0.015595335426366805	0.04428867620198479	-0.05298750780100475	0.13391052258842157	-0.21293481823570426	0.31208059688108564	-0.1335250514296703	0.045675191068453316	-0.12779734231018303	0.010135205875264355	-0.11924503418774496	-0.05586567871306544	-0.10537482720836008	0.049185991245790504	0.07769981158849075	0.05444661390741673	0.0977176984581602	0.05445878219123912	-0.02036586985697947	-0.007925085264611866	0.00952928306525301	-0.07849215544415596	0.0540548450294186	0.13379578105457157	-0.04964065358594906	0.14809604767001716	0.03015520451095688	0.005957273188583495	-0.0006626933914474914	-0.019938726386103632	-0.0129274815493447	0.020719956652006634	-0.12724564365596533	-0.14156354293500661	-0.3117390484778309	0.0013321794514291052	-0.0023334538488063855	0.0014227840122247506	0.007988320571318097	-0.06910454236867368	0.0005442071811048166	0.011180613652996899	0.008384007427701744	-1.1294651667935486e-5	-0.002499231621737561	0.07632896568691891	3.949382204160301e-6	0.0018619256757039996	9.655413189914308e-5	0.44170854405645876	0.0035591681995447745	0.0011664410542055886	-0.0002490888105968307	0.00014647626130353609	-1.1481905398680325e-7	-0.00013019546859778104	0.003662893126624711	-5.961298121803793e-11	-3.3056679165067776e-5	1.966993982494737e-5	-2.812812753700352e-9
-0.03354696494701471	1.0375255743433343e-6	0.06304387242553317	-0.000489022109067816	3.071653678515113e-5	-1.6007985697191117e-8	-0.06820774669702322	-8.184105030618996e-10	-6.797986356358319e-5	-7.5090118413271255e-6	-0.00034964759115048427	-5.772382251002144e-7	0.058654864129898024	6.583712286577226e-5	0.009972868246272377	0.008861397172284013	-0.1048813452890508	-0.0031498193923249476	-0.0001050973111111908	0.3336563531240008	-0.00046646770744454384	0.005640175985789572	0.0006033602447046288	-0.004095534037286269	-0.08449732159441962	0.006845759510130979	-0.09376904193051314	-0.017975902680519667	-0.008596418340602707	0.0705981995753108	-0.08504151521707974	-0.006738561649454458	-0.04448246908119469	0.04819999997316729	0.10282713379464203	0.0031576552248262224	0.07141151507433287	0.2530277848570216	0.01861928148379384	-0.04390312004590915	0.025165306160617774	-0.05622715417811586	0.058212536580271014	-0.05368230809861531	0.1204187515139056	-0.03719899046456969	-0.06003258306485154	-0.0326960121344334	0.0365031667900023	-0.10746627471361189	0.07770336676852135	0.003334690426742677	0.06649157210999304	0.04994787010457241	0.12944050417663058	-0.051010694469287035	-0.09156339778761632	0.058130133899966685	-0.12258926517946134	0.09663432454190776	-0.17503172908303077	0.14326676010460548	0.1490784464813486	0.008898965178813556	0.2088436182050838	0.09482819141153412	-0.031222647173907207	-0.02977920286955725	0.011483491953889972	0.0009482140850928626	-0.010865754466548354	0.04685568642046875	0.07085348930018504	0.12232771448302926	-0.0013039048624011729	0.001068102329952525	0.0013994259939006236	-0.006211064001006891	0.06534780730252522	-0.0005389396676040437	0.06279181184651737	-0.008517769196792202	0.0002787079679132374	0.00281820382637539	-0.10365364178257351	-4.79370538095103e-6	-0.003794186984019524	-0.00014861317912975153	-0.6839797257621979	-0.005533480845531957	-0.0018755986066643082	0.0004066240242963648	-0.0002449988285508154	1.953387195330336e-7	0.0001456663228390724	-0.006644918807601347	5.2648503612306996e-11	6.649776223878684e-5	-1.4810598865299832e-5	6.149878067933412e-9
-0.01910851219676492	6.041000362166926e-7	0.042111244408789286	-0.00150616487757943	2.771594765946586e-5	-1.4444277429803806e-8	-0.18900447917246213	-2.257041893606506e-9	-3.8104780560372156e-5	-1.775288265965045e-5	-0.00024231373624249847	3.7807200496962944e-7	0.04640245882038953	5.453125718862285e-5	0.010196370701581877	0.017026637046530697	-0.1979574143795195	-0.006009585607013271	-9.910094510869744e-5	0.3960230041633231	-0.0007559454422359363	0.0074772878595569525	0.001225398123673848	0.013172329420828938	-0.3344515311407622	0.03398992205211422	-0.201705347097476	-0.03604636210554864	0.0029578347615591624	0.06283214517720209	0.11166325842221134	0.006056560648516262	-0.07778281784285876	0.10617765885807981	0.14353166530917055	-0.07195471607547194	0.0014267173658523771	0.30129674935963824	0.04094200960330972	-0.04840807094211608	-0.0111993152921228	-0.019670890539296125	-0.06355691535913231	0.1503161988944129	-0.17460414677500286	0.09263259743469823	-0.1042435534074027	0.09706202700141947	0.022409071970861415	0.03297701416042544	0.11372853882286993	0.10769453593836603	-0.0049846175471720475	-0.049321606349928174	0.016043738917347686	-0.12195385912726703	-0.09618744238029636	0.04113091349111589	-0.025227239355452027	0.010665655586948479	0.04926260130407256	-0.03588527599407642	-0.1211105066237283	0.050063832859573824	-0.14435337706254323	-0.035564679150244694	-3.72271873419483e-6	0.007481624934725234	0.017250467900920753	0.012607942023627236	-0.016377097755592505	0.10702619894567685	0.10998372315464958	0.2552762627516178	-0.0006066315917273024	0.0016796874739159404	-0.00231484702038183	-0.0038627326318181956	0.01969549440071379	-0.0001201550903633386	-0.06563208081801113	-0.0005655126526234733	-0.00024869266582782247	-0.00021338523167337142	0.038760384150260424	1.4723538501598687e-6	0.0025644481160064653	8.884283108754817e-5	0.41624915851119054	0.0034087785230513933	0.001274190052995422	-0.0002879649780705845	0.00018501128901893954	-1.5614530081767275e-7	-7.68855527906715e-5	0.006096822508454891	-2.456947839624135e-11	-7.565819442227097e-5	6.338368590962276e-6	-8.167261639894498e-9
-0.010857193626443117	3.5384073682198647e-7	0.029865472537149374	-0.0027339860602658694	2.790855646619267e-5	-1.4543136508214915e-8	-0.32116323971174854	-3.581915827466481e-9	-2.99155525900624e-6	-2.53061923653191e-5	-7.449415571667006e-5	1.219303607634384e-6	0.019164012776454128	2.434584846489887e-5	0.00621168990875608	0.017631273115475257	-0.20061707710868038	-0.006122082916348056	-3.7437339502066624e-5	0.19672483232897972	-0.0005340263000682618	0.004063212107243912	0.00096694851243612	0.019816175910364622	-0.2925152122434719	0.031098131790640637	-0.11887657004340466	-0.019371511409113164	0.011400707616547979	-0.01214544000801017	0.18251427553744717	0.011606950972320958	-0.012141664706332309	0.02558005638244477	-0.004149990603911802	-0.05028018517778135	-0.07057044553882576	-0.1140328496223998	-0.0012545615458609133	0.024485132223392776	-0.028056729442851182	0.051594105768977994	-0.0678644796017677	0.07018177325793078	-0.1352516579749512	0.0411440090237202	0.06848589939991434	0.021371881625796327	-0.040204133699108885	0.09909154766111633	-0.11319099944677119	-0.04222018693093084	-0.0645379260929137	-0.025852041749428983	-0.13765689283273447	0.12193690547394949	0.14936881716201827	-0.0869005924436348	0.14242462084967894	-0.10567579777299865	0.13120250685842394	-0.10989782396156693	-0.03140623351120925	-0.059420771273520745	-0.05889212706151607	-0.05521815259465244	0.031227290826486204	0.020160193211391342	-0.03375038209784484	-0.0185198077753483	0.03471710892563167	-0.2061350189900522	-0.23609385658458062	-0.5099063647598441	0.002282488900952867	-0.0038711374114741848	0.0025222738639608406	0.012858570471159255	-0.10105170070765308	0.0007604489643044943	0.06347618597362589	0.009634433642071283	0.0002160740827259513	-0.0023873287923392855	0.019658815425124685	1.5726176086187926e-6	-0.0019074053475656553	-5.6099818606505925e-5	-0.2779982428924284	-0.0023610302063924084	-0.0011288855219256377	0.00027800237648575865	-0.00020082628382130097	1.862574153035923e-7	4.48801995334309e-5	-0.00875230290348128	1.2599969678728229e-11	0.00013714131380840756	-3.0177240843104313e-6	1.706241790399496e-8
-0.010205562454879408	3.439750504707906e-7	0.03501520470660437	-0.005372696882429195	4.181515314232234e-5	-2.1786757239494834e-8	-0.5934434776607392	-6.073696922239376e-9	3.140755077670008e-5	-3.854383505277176e-5	8.389736205516307e-5	2.1513009959858536e-6	-0.007054512859996044	-5.110074911452919e-6	0.002000063007483859	0.017039325414713924	-0.1871133742029004	-0.0057388794480221035	3.117254285647797e-5	-0.05855195366751901	-0.00015172773516979043	-0.0006759037690491493	0.00037746091933529716	0.017931893774487284	-0.10532596729866026	0.012424232559475782	0.031662238372383855	0.008688511982562284	0.012139746811866622	-0.07869990441777311	0.11631450972725738	0.007639633286872556	0.06437652696119932	-0.07878008447175244	-0.14794589578044506	0.020112326457848106	-0.06957605190295438	-0.396799363004809	-0.04194604543690178	0.06744060207660163	-0.006598669845301476	0.05123134850118592	0.027721653980941716	-0.11621181815310887	0.11223553118711133	-0.07540287260691847	0.12445281965694252	-0.09151582067784687	-0.03089309540989167	-0.02086584594992586	-0.12098866034770422	-0.10833232970269407	0.006001507974361532	0.0522265117454615	0.00267013700271531	0.09690755142010658	0.06261114354302058	-0.013035384712140233	-0.03317951410976008	0.03916470587677035	-0.11663866948320645	0.09673566801407203	0.13981077577559858	-0.012452310249585097	0.1833754249990838	0.07629182393350314	-0.027201604051847673	-0.025817442628981405	0.013618329835246953	0.0062362206837799465	-0.021124537920525592	0.1222060409830452	0.15591201561368143	0.32708417415086266	-0.002216728133362239	0.0033241648464810425	-0.0010094399612246858	-0.013428895786422576	0.12547704334769744	-0.0009956894572676622	-0.03260986520798722	-0.014834426989600247	-9.991123912359893e-5	0.004135902482135252	-0.07396635796320845	-4.321205010260343e-6	0.0009588020784164962	1.9319674949447307e-5	0.12164528973900235	0.0011710462267883678	0.0009630099062445385	-0.0002683971753655867	0.0002233769756402361	-2.2897437347568772e-7	-1.745869608358509e-5	0.012714254474787745	-4.152803101398206e-12	-0.0002418771828381983	1.0145683922179857e-6	-3.390757552334773e-8
-0.007571401157222113	2.6020837352869197e-7	0.029248398592076206	-0.00597960528068886	3.8877033329560995e-5	-2.0251468645056423e-8	-0.5939657341967655	-5.112883094936723e-9	4.521850514201467e-5	-2.5972314532599593e-5	0.00017788367801294114	1.3196897534604622e-6	-0.027340143177858867	-3.0149543192106026e-5	-0.004073148580277134	5.3931025737322114e-5	0.008787686194424613	0.00024086202672674029	6.612319322427118e-5	-0.24480883502410858	0.00041181702923925867	-0.004590191122080797	-0.0006787876607075582	-0.00770478965644511	0.2283499031477073	-0.023664980478344325	0.13585353479745899	0.02387254867534952	-0.00618013860022909	-0.020298678290009642	-0.14123799585913865	-0.009423760770626326	0.025656114246688615	-0.03951030181438332	-0.02091865812810421	0.053032401905332024	0.06559822184437336	0.13654200799667449	0.0051941149603835085	-0.0323701512934282	0.029771529798913857	-0.06606803957149875	0.057713192493114324	-0.02273433149562741	0.08664272340794721	-0.005292854694325676	-0.14305070715823054	0.03671487493480452	0.06131042116603284	-0.08298299596348219	0.21362214342530614	0.1374574482609542	0.059076648815269146	-0.026718865778348283	0.13490618847180477	-0.22849950435666935	-0.21943166163075922	0.102771619445793	-0.09914803056507633	0.05218590922980523	0.03299616200454872	-0.030168399796491937	-0.17686421180719683	0.0784379017879147	-0.2265922011311271	-0.06927452066373464	0.016795271032532144	0.026407599290857647	0.009116888166965709	0.006597764999682149	0.006991894395982898	-0.03904411206465283	-0.0789196132343357	-0.15614187440755462	0.002441786723168665	-0.003398255602563559	-0.0002891908275291107	0.017208496370014356	-0.1914157339718378	0.0015909487356095264	0.01615467151616264	0.027342671654254316	3.446147439608466e-5	-0.008106633222047296	0.17894654317572647	1.0119535844205219e-5	-0.0007210264519940983	1.5745889232615662e-6	-0.06614991109005906	-0.0009576968189060049	-0.0016407359992890447	0.0004991452139596203	-0.0004531695910689436	4.919422423865782e-7	7.432390264984029e-6	-0.029943522972451064	5.788841628273644e-13	0.0006391915327423493	-3.616117660461338e-7	9.687259951539191e-8
-0.003492137524270819	1.2142127519404466e-7	0.014462288404025601	-0.00434550533176261	2.0409827952012384e-5	-1.0624694783610461e-8	-0.3245082534633757	-1.2630151616813091e-9	2.9541590990102024e-5	3.902195246813581e-6	0.00013591881899514477	-5.893036952071698e-7	-0.024725380023652856	-2.9234241783526738e-5	-0.006369058531031042	-0.016983166947044173	0.19615239312268642	0.0059865336635118865	2.990047301912324e-5	-0.14332131375281637	0.0004848249489390194	-0.002918501579557517	-0.000897965842602759	-0.023161957582366166	0.24521390046410468	-0.026662859809417003	0.04164244815131441	0.003759617517256064	-0.01481844052023535	0.07026280854944664	-0.1669150477928657	-0.010364684229089916	-0.05890344370392059	0.07165950027557191	0.1443302897432201	-0.01267512692698572	0.07448680582602517	0.3895175363375657	0.04147585833305111	-0.06376589446623175	-0.001036956825978659	-0.03279013726257074	-0.048659405866843516	0.12541666794158793	-0.14946600137886307	0.07790144346822764	-0.03923112324028173	0.06833692349627579	-0.010786191077054377	0.08464733905195565	-0.055610789472132834	-0.01204257057711211	-0.05955966976066858	-0.02542220508389397	-0.14118870776224784	0.15358160977528737	0.18219100321736947	-0.11174351559653362	0.16216317794646545	-0.11026128348547543	0.0703002291924989	-0.053156482393718646	0.12305595233137831	-0.1070714017475661	0.16862044872851267	0.036514753001805095	-0.0023922471929262445	-0.021725142011635203	-0.03007843278470726	-0.018827033490832604	0.007343252708249454	-0.04400536241028924	0.003273592018125108	-0.009659595512605087	-0.00297889727372197	0.004095710102662728	0.0016482056608104897	-0.0250421831782888	0.3200330607213413	-0.0027560554361040213	-0.006783767869626675	-0.05322854480006042	1.3613337902271627e-5	0.01640539965478084	-0.4059110786312588	-2.3025482229238614e-5	0.0010153496521456762	-2.3758233031467846e-5	0.06527554224940027	0.0015397990375909604	0.0037501826431625574	-0.0011751890838119367	0.0011018590870976955	-1.2264394635974618e-6	-4.7861985119161155e-6	0.07831713664604095	2.3182549629963134e-12	-0.001807511097184777	1.886639452958284e-7	-2.9127122645394834e-7
-0.001336822495629856	4.7030309889561916e-8	0.005944587306127069	-0.00430631536742181	8.930118752635205e-6	-4.634222292459908e-9	-0.1482699674519286	2.363619027423143e-9	1.6513996616467855e-5	3.4071677891971824e-5	9.089991985900339e-5	-2.4543409698428963e-6	-0.019741676026109975	-2.4838099395331492e-5	-0.007483087633343721	-0.030336653058958413	0.3384807184799574	0.010355302571971953	-1.632619128119628e-5	0.02030797275465436	0.0003399758554214344	0.00013987679616417337	-0.0006758980104098061	-0.025199257009478282	0.10376876707745253	-0.012155918630588347	-0.08249345735047314	-0.019123243189392247	-0.011235031576691014	0.10162422908107807	-0.042379380677675375	-0.0012619031813290308	-0.0819162787037522	0.10558189844773257	0.1529291604618198	-0.0642123618067692	-0.004767708928715177	0.1316292078200686	0.021818176578261253	-0.007692622281070302	-0.030274792311965042	0.05089683130423367	-0.07615563286581153	0.0649888202699698	-0.13329097889273328	0.026305648355001293	0.13732077282850444	-0.029165093335331696	-0.061979089119943265	0.080713712092674	-0.20890132976540815	-0.13584465511186017	-0.04926197913274854	0.033364160819428626	-0.09467072576187896	0.17406487889762057	0.15132528134393555	-0.04999099753781053	0.008479423009029173	0.01623900781244718	-0.07957414048887704	0.06752307565650623	0.08525367429086855	0.0052919314572331955	0.08973431235600685	0.0369005866706832	-0.014354618510056538	-0.003410738158423826	0.022876078532547268	0.015364810064403529	-0.016018491428659534	0.09453838073383997	0.07474493340031116	0.16861360606545694	0.0016869531758196832	-0.0025062670721906627	-0.002128731747007952	0.02019916155105414	-0.3160437824160584	0.002863885198312016	-0.004644460047296824	0.06567196291183966	-5.8453407692748557e-5	-0.02129328142118088	0.6084721965347004	3.502342480909276e-5	-0.0013057876873921028	4.7772860981945206e-5	-0.06987877325113313	-0.0022586163868473907	-0.006350184019245558	0.0020278830265147915	-0.0019517156728776938	2.226712266406583e-6	3.3421367735503957e-6	-0.15005294021983961	-6.207956024240069e-12	0.0038152729375617537	-1.2620042575877258e-7	6.647920699716504e-7
-0.0008423180206524037	3.0099686364019884e-8	0.004113660777112455	-0.008825122481124931	6.682178562340737e-6	-3.4340042671219422e-9	-0.11714090794596621	8.042267540437384e-9	1.6385494914386654e-5	9.037451591886042e-5	0.00010668852196370898	-5.8332883267875855e-6	-0.026516301814320183	-3.4658101099468985e-5	-0.012382463309704746	-0.058085541470297423	0.6371264286058697	0.019502210953934007	-6.837877222584665e-5	0.18917338632766503	0.0002774239304088322	0.0032285080515330605	-0.0005890338595417044	-0.030059551483775315	-0.03292131642642297	0.0019268406061367233	-0.20438605604502086	-0.041139079983663396	-0.006153498060918791	0.11762693992843723	0.0909930469277225	0.008191197099397127	-0.07597537947000199	0.09869066799160132	0.10128331552347526	-0.08836038357718064	-0.0816768979014034	-0.2078837367445401	-0.01218065711081616	0.05361395156152489	-0.034588783272310415	0.09152994373776766	-0.03285989783107179	-0.058586555033453516	0.015705967629492973	-0.05261763271202652	0.15423389511767388	-0.09172436496086075	-0.03590963263488976	-0.031004125975730323	-0.0710939964317957	-0.06369018103348989	0.03361671477517327	0.03976953881976228	0.1027104449023341	-0.09492434617607848	-0.1341299397757093	0.10079136964366775	-0.16104135019221913	0.11141179984683552	-0.07259686613979861	0.05239274194457308	-0.1275780524088375	0.10659205656152247	-0.17940769959968936	-0.043716978197995984	0.007112256233805625	0.02297728251040551	0.021563228962403425	0.01152682726606516	0.0012717689363562906	-0.009849380926882326	-0.04691267907064456	-0.09145865917619764	0.0018071792806357012	-0.002215467691145244	2.80327406346621e-6	0.008835058211140709	-0.0374179940824447	0.00010707391470442251	0.011452884388960763	-0.01612355596216697	4.898820033720792e-5	0.007031435821778148	-0.35374230518776595	-2.1424345928743038e-5	0.0006883820316313836	-4.2438124422727874e-5	0.032030331788607126	0.0016163193542454678	0.00539020007082508	-0.0017832827919166128	0.0018084437399479014	-2.1699323041191043e-6	-4.266871042145435e-7	0.16280035399679704	8.465859090145411e-12	-0.004956965111813826	5.038423155709961e-8	-9.87487894474218e-7
-0.0003421194023040323	1.2346005466654791e-8	0.001771546149610452	-0.011661224773000224	2.99531181067634e-6	-1.4939390698777205e-9	-0.054332918857448495	1.0657209086517485e-8	8.588314282378733e-6	0.00010310727501756933	6.057997333461587e-5	-5.523921293564341e-6	-0.015962327770091975	-2.102272746937195e-5	-0.00807840786513679	-0.04084165150378091	0.43416488049142654	0.013287279965170762	-5.941888227908344e-5	0.17051483818609692	-6.450754967601835e-5	0.0029826245422199978	0.00011577469170175048	-0.0007394306166529779	-0.1299973972564462	0.013669987937985822	-0.06541855094149787	-0.009902201740508786	0.0074350062948974754	-0.031077386603191537	0.0917310539919801	0.005138561439729483	0.05172154385487614	-0.06962650688359694	-0.11677665025959998	0.035553381823118214	-0.016383688432139366	-0.15881476138035108	-0.02295804406676427	0.011476785717869566	0.03277801492470504	-0.05959413149164344	0.0820272538315461	-0.05205381923613357	0.1294336264634864	-0.011153784747234524	-0.20080984388305617	0.07018592822365156	0.07977965065481729	-0.06259161408954829	0.25458544838653113	0.17989416333366942	0.02497442376031923	-0.06593917520191528	0.008119322974416435	-0.08748135898631765	-0.02638111033083758	-0.05382759548127257	0.17137427904598088	-0.14751196439457936	0.1681608522443842	-0.13356033996740513	0.08087333566280923	-0.1480930216848845	0.15593405747533667	0.02623967294136398	0.0031319648176432457	-0.03372592871532484	-0.05783759202001164	-0.03523984940572316	0.013745924016981395	-0.07662455310963598	0.011243989285648563	0.0004770761639179416	-0.005199555599475311	0.006935725213501519	0.0021230559572252058	-0.03832413448914749	0.3962434340035589	-0.003096672209184026	-0.021175216927624363	-0.02850466560996181	-5.520321689866955e-5	0.004770918941716523	0.27502652619501655	1.892870406257352e-5	-0.0004522511480773086	6.404160976875017e-5	-0.014732947335833805	-0.002018948492576309	-0.008141398787568421	0.0028012710697227217	-0.003003904728258719	3.793552996039784e-6	-2.143631044085813e-6	-0.3149048263301825	-1.907273037421442e-11	0.011165251649510807	-3.217291452844647e-8	2.4681756273191207e-6
-0.00012497232401118626	4.552624446483786e-9	0.0006869482066829632	-0.022000569523499013	1.1618522869719116e-6	-4.781141468249584e-10	-0.022150925414024	1.8101536099364955e-8	3.9352382509653385e-6	0.0001521339507179198	2.9855127501144697e-5	-6.329391905288834e-6	-0.008291148585661963	-1.0695127278748107e-5	-0.004508227072118809	-0.026028336994752196	0.25152704715075724	0.007689011566412052	-4.700290582332692e-5	0.12505586479156186	-0.00039528297088084474	0.0021440122173324127	0.0007956946977783069	0.028804724920502595	-0.17908024872235478	0.020216974631880845	0.10247725656582041	0.02589313868148814	0.016946497866456172	-0.16218750065831167	0.03527244087048147	-0.0014731518972883597	0.13967228180306163	-0.1821332633199318	-0.2403703430298476	0.12954717307544977	0.0637683537462573	0.054646519408648536	-0.009117232224080764	-0.04323102964809286	0.05955698977728875	-0.13557512920717696	0.08662226555818221	0.02666075795458734	0.0604669425106325	0.04652604218440147	-0.2390691912235105	0.11887851425812301	0.06290730224457763	0.015381177301379265	0.11985213658839002	0.08932252070619154	-0.030828999222121026	-0.04075946524283463	-0.10277999908528287	0.10175003866091036	0.13669968621588138	-0.09024507788510272	0.11259219879856905	-0.060643984224164525	0.0076618898794764655	0.004546755977432808	0.08972508771936759	-0.031717708599659084	0.09594823381337886	0.027705825027791328	-0.00944188764237383	0.0034006686393761865	0.023968917559153105	0.019841383785546996	-0.01436925490972557	0.08529925628392092	0.03568162414118883	0.09097456350436636	0.003962175197026491	-0.005866218941049023	-0.002530498756152512	0.037819816415666445	-0.48135864040464427	0.004042375147524757	0.01862266558452484	0.05805528116512783	3.304236293188986e-5	-0.014262611223076042	-0.1037560430358777	-1.0454530813303053e-5	8.938302065346987e-5	-7.287887083162747e-5	-0.005400455085380215	0.0020427777763707584	0.009707195448111161	-0.0034660367309199414	0.003917481164100692	-5.190679691152722e-6	4.65983524357212e-6	0.4739033238810128	3.257911778895006e-11	-0.01947270471183099	2.3909601556279758e-8	-4.7844817210823695e-6
-5.190089775404178e-5	1.91407204495897e-9	0.00031358523126708503	-0.05365733168296138	4.2550968141179127e-7	8.628821648089952e-11	-0.009665228489570266	3.9640984706573734e-8	2.0037896879531456e-6	0.0003042336218602726	1.6429943978852213e-5	-1.0472561072793346e-5	-0.004816228661446253	-5.531733178187892e-6	-0.0028150791215355523	-0.021236593653438517	0.16253884305314464	0.004950465204425658	-4.715308352979536e-5	0.10064875460472332	-0.0007863672397235427	0.0015772305692303042	0.0015635702128771398	0.05899786697945625	-0.2203421569796899	0.025660088986211173	0.25841498149161923	0.058197174991009584	0.022681624998298015	-0.2542706441648599	-0.03169778017330993	-0.007544059132098904	0.1657549656535836	-0.20793451155014228	-0.24776058349539382	0.15668976706112347	0.10684450675060199	0.22933027095957859	0.011532322379401536	-0.0646596955924939	0.03197529959435841	-0.08473904139381788	0.0029434742721230894	0.07708390109802395	-0.07416547015134035	0.05170862088572911	0.021991094537145928	0.01450336718962751	-0.038014473971607426	0.07143755287306677	-0.19261794068190694	-0.13809132153664666	-0.038450890885812994	0.05205951922071156	-0.04069510838638289	0.11266334393918127	0.05756294579957248	0.04213309622411199	-0.1665549216891884	0.1486428186037937	-0.16862542909004344	0.13310199438884668	-0.09366268094827353	0.1538046433311866	-0.1760553213612751	-0.034126842799605275	0.0008176808384096901	0.03217313745148702	0.04677046793411778	0.024036979257926985	-0.0047318943041740336	0.02039899753734449	-0.03526972658730819	-0.0631767782730343	0.002092921661135977	-0.0020097869093722576	6.602720999452673e-5	0.004594055393888297	0.07728058323724704	-0.0010041441627939036	0.0007870267385969585	-0.03799966458842485	1.6858840315144705e-5	0.012203933929705604	-0.1362054371225235	-4.724739052622273e-6	0.0003276288412014974	4.346522733158359e-5	0.02273637755040332	-0.0010183850908914273	-0.006699786667973828	0.00256551617830221	-0.003188251623921435	4.588262016533284e-6	-5.541568226959662e-6	-0.48901490129437425	-4.0435372498232036e-11	0.02510257613040901	-1.5256348164057814e-8	7.163195891781758e-6
-1.927816757887079e-5	7.278419473567312e-10	0.00014776516972143046	-0.11726342862428013	-6.79660513765466e-8	6.999316016099294e-10	-0.002163605022680882	7.724114762901191e-8	7.097237786007427e-7	0.0005488200418868883	6.38831020534521e-6	-1.622659410652899e-5	-0.0019799286086051643	-9.731806061563653e-7	-0.0012425335678903464	-0.016689278580137627	0.0733569977135887	0.002204035666741627	-4.2297150832953934e-5	0.055590938356342746	-0.001003708136626931	0.0006212993435233405	0.0019202636995298353	0.06848363763734755	-0.1696798546923689	0.020117685431935053	0.28767619506117137	0.06091663373702495	0.014890427880697346	-0.19019490493359809	-0.07738206803926481	-0.0080276564963583	0.05650415741537823	-0.05708063728376882	-0.042832216470306134	0.04444848867439108	0.047891546417142314	0.15562131161777537	0.019262043737383633	-0.012162065436148187	-0.03673513204378469	0.07701337187223585	-0.08483434516336821	0.01691634773289185	-0.10055390032993744	-0.020767744298148837	0.2473040516523075	-0.11396352049600891	-0.07394672640945865	-0.0009794451332980625	-0.14749615095959334	-0.10236983900063068	0.028382737693888393	0.03904203811058434	0.10508207684278342	-0.1159486553793063	-0.14506997077554917	0.07996756701581101	-0.05751048902273609	0.002351760200182809	0.06554690803812493	-0.06768006774644839	-0.04139000435269378	-0.053427370909429756	0.006731670488593952	-0.005243839010117799	0.008794426151696351	-0.0301085281912669	-0.06303366086764851	-0.04239136475543784	0.0191050733330137	-0.10636473192515322	0.0012405621600777503	-0.023835590043447485	-0.006384917198010223	0.008304549301355772	0.0024487177596725393	-0.04363303407549561	0.37647037395815885	-0.0026486503685443363	-0.019778273309960917	-0.0003318834362850409	-5.890343177144126e-5	-0.004820437352002965	0.3368678766383909	1.8638523838862553e-5	-0.0006685541411619833	-7.473545648270519e-6	-0.03678706296051075	-0.00014819446126048894	0.003038482981755561	-0.0014646511622962016	0.0023128822807287966	-3.93214987385454e-6	6.549418139462339e-6	0.5383060845054285	5.638321152199102e-11	-0.036656938963801566	1.2052764386702443e-8	-1.2310911461661953e-5
-1.416238995277515e-5	5.651474002318913e-10	0.0001754197889474786	-0.3266200795527047	-6.4424257624938e-7	2.1662019099050883e-9	0.0028213769755101423	1.9614953020684334e-7	1.0095901793120542e-7	0.0013156082095444055	1.7987027316472993e-6	-3.4983281128844745e-5	-0.0006881657972185034	2.8488296908990574e-6	-0.0005277605120749646	-0.023140360162927198	0.031586410089058485	0.0008812093668892681	-6.0338051219091526e-5	0.03512232671283538	-0.0016491863870708168	-8.563357454050707e-5	0.0030153438332846394	0.09827582433570353	-0.1580967672218488	0.018988760802673962	0.36218720187195197	0.07211259290087273	0.00786078524159499	-0.13246322711618064	-0.12120704872496128	-0.007763687388361295	-0.06229400310207768	0.10530757938032598	0.17106739106803925	-0.07855168795062482	-0.025784754431033088	0.014120243049137449	0.01788438162526801	0.0463656803695503	-0.08198040737599968	0.18782786952982816	-0.1094036490421727	-0.056567409585022724	-0.04529326436189362	-0.07550104474157968	0.23074458532027464	-0.12691542636922176	-0.031340197216767327	-0.07226919860380764	0.07594593617661673	0.06213462045735141	0.05863443339782041	-0.028067786300915942	0.10279136903832269	-0.17312743721990426	-0.13040097649226537	-0.009860560733447543	0.14833629165542145	-0.1480423275072996	0.18260983180127086	-0.14482263460007355	0.088222169123874	-0.15882187720209198	0.17648799758812453	0.03418290578456053	-0.0020869515295732777	-0.026674440538382	-0.03493628540073952	-0.011716475366748136	-0.002018488806400792	0.02056973576854418	0.034774305449526755	0.07307369812266849	0.0011639514003632112	-0.0026883321423755366	-0.0015134530754496002	0.022365848737009086	-0.34447653031938513	0.0029653978517791835	0.015447392383184879	0.03828891767941994	3.535768497737672e-5	-0.007787544900673238	-0.22221267369051298	-1.5491679994421304e-5	0.00042132965898302626	-3.44883046513797e-5	0.02170267085115691	0.0011981272061962166	0.0028867922633359355	-0.0006989518939693601	0.00016609372971932573	6.839546433309862e-7	-3.4655741068462585e-6	-0.2766689125644494	-4.7104729079990026e-11	0.0331273874167681	-5.350345214961595e-9	1.4246212300731125e-5
-1.7036777203833396e-5	7.096658542255939e-10	0.00028143022862719443	-0.6601805230330067	-1.4496144055589877e-6	4.402545469893784e-9	0.00865420435985858	3.5232463745419294e-7	-4.974144629080234e-7	0.002199270060162184	-2.8074975438928743e-6	-5.1593908238356e-5	0.0006604156778374661	6.3693695979902265e-6	0.00027795692263879674	-0.024878835660359574	-0.017018030711698672	-0.0006326237154188341	-5.89905220617741e-5	-0.00010956300883658622	-0.0015754426059179094	-0.0007530129835164037	0.0026686697450493957	0.07242935416092923	-0.04654097513524868	0.005644750408407055	0.18122272039735768	0.03113410904440385	-0.005548033318559338	0.03512116279265954	-0.05755889870573706	-7.928924585001826e-5	-0.11682779717658633	0.15557125395952615	0.2015633261587428	-0.11477455838744022	-0.06929047665131022	-0.1457129264321168	-0.0073774755573470935	0.04190674995549485	-0.004137930529457431	0.012377795374145795	0.04192016004251109	-0.036723855103250894	0.08581800131240691	-0.0005975664077980947	-0.21054631232300902	0.09826109686961365	0.07158876261163657	0.001959702155512069	0.14205496420168798	0.09487145737275898	-0.03726834373763058	-0.03207694528102677	-0.1330137579177278	0.17501797283854975	0.19208915313295458	-0.07544065748538895	-0.02346256331420689	0.08755818519714711	-0.18411789519834337	0.16753319993986393	-0.023119611299176085	0.17552252352473283	-0.14763758624823792	-0.024609939221116053	-0.006692887806691347	0.05799110823070999	0.09973096797330576	0.05590397491477275	-0.016650606770199375	0.08069709632944795	-0.04512625511854638	-0.06954374502887525	0.004787101345835765	-0.004464559405396071	-0.00024852288567047483	0.010519475935719013	0.16518536616839063	-0.002105284679645686	-0.006227159385606797	-0.0660692576046149	-2.9420953371463263e-6	0.01867325680478374	0.09125487671851738	1.1528742907267187e-5	-0.00016691259549089609	7.865128900048923e-5	-0.008152013507039407	-0.002338569987042894	-0.009151448927891805	0.002958361390668046	-0.002673193709674046	2.4250829724478326e-6	1.2062636744017534e-6	0.09389833971182915	5.738780457786863e-11	-0.0445440570543843	1.7103000708720406e-9	-2.475377769758165e-5
-1.3061515796498074e-5	5.542543530254532e-10	0.00024122172935044762	-0.6068997647446968	-1.3698102507130371e-6	3.950087192668844e-9	0.008725711320554753	2.350108172935808e-7	-6.663665788353987e-7	0.001153300174981331	-4.675103128829253e-6	-1.5187771092004432e-5	0.0013163544753104566	3.061593563613574e-6	0.0007672053950503518	0.0024880850008084793	-0.0454971712334981	-0.0013980705572364527	1.8311005464306113e-5	-0.03518953578236959	0.0007076071512866072	-0.000344995558379739	-0.0015325560083829515	-0.06440645593318728	0.13941447684510527	-0.016784556091258722	-0.3026738975228	-0.06245312043989564	-0.009093826769142138	0.1396441030542102	0.11274146538946492	0.007757504362941043	0.062044312697111026	-0.1101250784054437	-0.17879659081468502	0.0866947913317799	0.03523087430501968	0.024423414771133942	-0.015658519723170602	-0.059973177027285	0.08391555848605972	-0.19389685119117317	0.08534243442947585	0.07919206234788251	-0.00970650786714801	0.07590933339504541	-0.060848000244399215	0.04412955207478405	-0.032445032438409446	0.07034908899544351	-0.22338168850674234	-0.16525157359350306	-0.016976805267935685	0.06702155509243947	0.06187493567407748	-0.05569499732869699	-0.12446416727089822	0.11738803012312127	-0.11285837268864526	0.010264390297207923	0.1148410889397434	-0.13256516049606787	-0.04897777498898659	-0.14570758398978623	0.0840363544744242	0.01108921122198627	0.015293506440253839	-0.08997610671493064	-0.1661851091040757	-0.10677382241241185	0.03835385655710059	-0.19923856642489304	0.06577816522618174	0.08299022386234989	-0.012360904999733607	0.01337927259394945	0.0021148762022482957	-0.04810462660394456	-0.07486884376185904	0.002443853962884015	0.001052813627631908	0.14012752772194093	-2.7368800829973322e-5	-0.043471957616846774	-0.04177562607915123	-1.8097926137780954e-5	7.092254733316636e-5	-0.00020382945092974059	0.003054203481776342	0.005915277944104222	0.025334411070848883	-0.008481743623330568	0.008215861740403493	-8.370723116067624e-6	-3.9948034755154065e-7	-0.02862185476547343	-1.469523578344345e-10	0.11909777800107302	-7.017252479275205e-10	7.407415381080934e-5
-4.978747961313307e-6	2.1313537072124421e-10	9.681030545394315e-5	-0.2511486719511799	-5.735243796474848e-7	1.4310964609534627e-9	0.003752463583129463	-4.4146609808753956e-8	-3.183980330611746e-7	-0.0008035688700848143	-2.3917745215931534e-6	3.549488918238577e-5	0.0007069853470368507	-3.2602553342864216e-6	0.0004501384845163	0.027162128862648134	-0.024156448558243865	-0.0006320552756457487	7.363958347011978e-5	-0.024558486522507326	0.002060321145012157	0.0005255051250481826	-0.003654417205079176	-0.1081875700187651	0.11471364262351245	-0.013668847830398439	-0.3071276377338142	-0.05597986378033195	0.0027305368059189136	0.005660063281727745	0.08401409636038598	0.0013636015820747242	0.12239404259783551	-0.16180546419301434	-0.2103655752294623	0.11621612805445102	0.0675729856017828	0.14139142332860533	0.010730492772305616	-0.027685180501668235	-0.02775709736152521	0.06571129656383079	-0.08343075301411149	-0.005129016946283241	-0.08044727651022908	-0.04461976918098412	0.2543176470824769	-0.13157592470460894	-0.04552183234446154	-0.0647265572586806	0.07022497444016848	0.07027030849463431	0.05475782068219985	-0.04344350980052823	0.06183359433494206	-0.1070786690424033	-0.03784945353884328	-0.08159499307401205	0.18423278710129806	-0.10281088279624723	0.008644251306572842	0.040347740358094776	0.10196764068657196	0.06451777620042909	0.006704922484617494	0.005181531095379485	-0.022145242819080688	0.11511823618697958	0.22085050585312596	0.16105571589488493	-0.06368722459710115	0.34298189672132307	-0.09568314526167981	-0.1094275589570041	0.02304232979354513	-0.02640205229299887	-0.00468424427379685	0.10296881469867106	0.018322538760616583	-0.003959851473872469	0.00352970393480442	-0.3000656103865058	7.486170722312894e-5	0.09685342134667072	0.02593791441947385	3.961557015166178e-5	-3.603828475307802e-5	0.0005211124934262693	-0.0008558289251207067	-0.015136337199442702	-0.06675600526161453	0.02262026596592325	-0.022368603341230607	2.337445834794949e-5	3.8747636349041724e-8	-0.003346988915060904	4.266643891491506e-10	-0.3520313046627985	7.113712290757699e-10	-0.00023305229751680766
-1.5768549015432658e-6	6.801264501369827e-11	3.204134796849094e-5	-0.08533103062840179	-1.9682505269017705e-7	-4.107041009365764e-11	0.0013177453249503513	-3.48290157766145e-7	-1.2291502984179692e-7	-0.003133957093042289	-9.8566327266748e-7	9.734579653671374e-5	0.00030506250241013535	-1.0462916233022757e-5	0.00022475029151288752	0.056517185593599126	-0.006671937812079075	3.331542409763105e-5	0.00013299323113678124	-0.012838274974564351	0.0032891725962007345	0.0013508631160233722	-0.005402979188007084	-0.1313958607031067	0.060604561543442355	-0.0068995841321444484	-0.21041982539590967	-0.030052232401915666	0.01336567021074103	-0.13088978575051208	0.012380616919499592	-0.005820914091671221	0.10249722540129834	-0.10204319098437084	-0.0954939355345651	0.06104764751731431	0.046255079006515876	0.12795469139669724	0.026823718533449087	0.031803150246526204	-0.10819081157750743	0.2498769479040316	-0.14943766219626392	-0.08291648103026306	-0.04671384346287247	-0.10531239773020123	0.19698160669788006	-0.10987970361261164	0.011904362119895179	-0.09380762067633155	0.24475420861746955	0.18319225097455707	0.029267014822151077	-0.07257522374462805	-0.05542832994985003	0.051968734783159214	0.12388070822132118	-0.1106072090462417	0.08155984734399072	0.013519553345117861	-0.11720377168581174	0.11991628236942316	0.012755948929332128	0.12036718569359034	-0.08686850691980683	-0.013666322983692854	-0.001319848834751166	0.012927135185273872	0.017239650167418796	-0.01841652756608439	0.01514360641519149	-0.09978878044129652	0.018999572978048718	0.01570137161042877	-0.01060681921349424	0.014406301682257261	0.0029336576637235437	-0.06562978202708661	0.0529475139460826	0.0024154641253173736	-0.005667882297113071	0.26742877089506756	-7.542758955032766e-5	-0.0923992379223624	0.0015551011258114458	-4.415126465261501e-5	-1.3011195308694667e-5	-0.0006757216800109805	-0.001603846279371228	0.019809741738049405	0.09092613856437815	-0.03135441026756656	0.031898577501430186	-3.4345426033859094e-5	3.273348790153499e-7	0.035011486121117485	-7.231402425651734e-10	0.6114323230024533	-8.607177500224834e-10	0.0004446380952558826
-5.356031172520738e-7	2.3308649991330712e-11	1.1475059487979227e-5	-0.03156538138630581	-7.373065301245895e-8	-1.5661511497400138e-9	0.0005083110262887954	-1.0435169510332465e-6	-5.474747885754732e-8	-0.008666343849321578	-4.899598289405047e-7	0.00024403643658884797	0.00016253717849746223	-2.6318955599624605e-5	0.00017029671741844508	0.12708580013690482	0.006031992235568741	0.0007225439491784919	0.00027367818912998193	-0.007698140935179784	0.006151978456070295	0.0028124536648738707	-0.009608467881693561	-0.20279054017778536	0.02470857185587794	-0.002128405636110192	-0.16158382158919724	-0.010416371729847523	0.025622806254414	-0.28099557091483973	-0.05868107165915882	-0.01287206161468568	0.0724782669789661	-0.028825601213652654	0.03267416347118825	-0.00461133414438597	0.013964593331005493	0.06776199876333855	0.03211763391670556	0.07775601351798649	-0.12711219655156367	0.2863142165148767	-0.11459362304900965	-0.10125551273597368	0.021671033280991334	-0.0834248494308624	-0.03917919304009788	0.015477214833563582	0.05752276831879878	-0.0215118040896794	0.1405645128060126	0.07851755589895748	-0.03189055556456556	-0.006250360039466073	-0.09847964778497477	0.13782778903760678	0.10874649959097729	0.02919125641907086	-0.15266913150362138	0.10721215792345966	-0.04187873133740298	-0.011161422218918221	-0.09939531368047773	-0.044763169100911104	-0.018387581438328294	-0.005994961197788792	0.02224306307023176	-0.11657146896454833	-0.22287671422706584	-0.15699625039771326	0.05939980664353313	-0.3115524049694926	0.08942962306378996	0.10401052169092179	-0.018376638724537903	0.01926349388268947	0.0031561505708384884	-0.06702559485893372	-0.0521839382268047	0.0023408603926755034	0.0007246587793298424	0.08576470320769071	-1.3292820153073184e-5	-0.01868660714128656	-0.027483312305979685	5.173492720708661e-6	4.970074317567662e-5	0.00024309347325606194	0.0026806780514198806	-0.0074996234044817575	-0.040963164716110924	0.01513661410378167	-0.017072427943144813	2.0264342025455573e-5	-4.659348488993587e-7	-0.04399494352485623	6.453227013088897e-10	-0.5763060035786058	6.997711574303334e-10	-0.0005089809077126624
-2.489472571374415e-7	1.0963813006003242e-11	5.72726722383159e-6	-0.01646604235350501	-3.913468183882106e-8	-4.970901662515459e-9	0.0002809930513519686	-2.8184507681787777e-6	-3.845947076598828e-8	-0.022288985316401527	-4.0360047289314527e-7	0.0005818915945646694	0.00014388535433932804	-6.162120074287847e-5	0.000230345233951856	0.2791210337826906	0.022526035579598463	0.0018654825192231383	0.0005575952011620837	-0.005824717796119229	0.011528373692749061	0.0053506428284018515	-0.01733594257882648	-0.3306708027459102	-0.00594084637445487	0.002214091343333141	-0.13525981135709328	0.007957276299090816	0.03872986478995207	-0.43542369516029267	-0.12727809822119754	-0.018493158848293414	0.028910177732370465	0.050734899662314106	0.15341136982032455	-0.0690712465766153	-0.022870030133628195	-0.02316723967509856	0.021648588368313654	0.08375886339642498	-0.06255399020592932	0.1282325103161474	0.00769165520242604	-0.038068369178715936	0.07206968103425943	0.011236714869167774	-0.23631712522710596	0.12486803944009699	0.04101239392756478	0.07592861182982806	-0.13609166461789834	-0.12634476669130917	-0.05137185796569644	0.06884665328020656	-0.000996341453085997	0.01742750914397395	-0.07123483008450546	0.12186326871637095	-0.12717961338370604	0.011928702405671926	0.10902166461787513	-0.12164857736116985	-0.024034505845070178	-0.12376624151671053	0.08601713669918082	0.013838165898755195	-0.0022902018444183186	0.01045740045590518	0.02860992430475422	0.06686721288836286	-0.03719891479421268	0.2253897323717833	-0.05632083295287042	-0.06075762822561491	0.020310821670284362	-0.025650435955397524	-0.004855970420645697	0.10824811577870314	-0.014972584407417928	-0.004190880792326948	0.005060042716912251	-0.3437184980643573	8.74502826143129e-5	0.10985539740217254	0.02818035075979901	3.8446810770345966e-5	-4.356014819067339e-5	0.0003793583659206009	-0.0016826137040369803	-0.010578804293594563	-0.03878518948304563	0.011792120889548396	-0.009283817459683513	6.810829144273528e-6	3.2182034658547176e-7	0.028357432355539905	-2.9039708246587914e-10	0.3143944523816336	-3.4826231227649855e-10	0.00044965810603892604
-1.0521859663097442e-7	4.687813412894553e-12	2.5946627729636346e-6	-0.007791990070788941	-1.88443379247202e-8	-1.0192214253135212e-8	0.00014090996748672118	-5.156894007794094e-6	-2.6512390954592504e-8	-0.038113348550204484	-3.1753154784014415e-7	0.0008898370418952591	0.00011478444647472529	-9.101532426325498e-5	0.00025299102134949914	0.37708811476514326	0.034370485544060525	0.0026226191425894885	0.0006678851040510733	-0.0015608632741126688	0.011991805923275395	0.0054706193110196435	-0.01694681957843594	-0.2746308132886075	-0.03289264094123435	0.005154326111333832	-0.014872861424685465	0.020652857468190094	0.020792053458535072	-0.23308185900016856	-0.0842845659886167	-0.00662264577781574	-0.04419502359532035	0.07678076838635219	0.111199758809306	-0.05791392510150915	-0.03317200586200029	-0.08424918239536358	-0.017516383112752408	-0.023189776867087925	0.09530251794345737	-0.22401050855463678	0.11768720669768476	0.08754701481276006	0.0024931114013604094	0.08671636192622195	-0.000816303888621233	0.001213645535117322	-0.054029244274328994	0.021236980827314053	-0.13216751321519324	-0.06452675094397875	0.03916470711052397	-0.010149469157597964	0.09874047732643895	-0.14360057020726713	-0.08376947527415392	-0.08392590394528918	0.2208285510190176	-0.11433814365785033	-0.02782631945776922	0.09382664306282956	0.11673076041063399	0.1386783277189461	-0.0494320812926375	-0.005953043392111699	-0.019959628632789772	0.10574442495829808	0.19310916957278382	0.08054325789829905	-0.014536141458079294	0.032544597036134854	-0.018911971440879215	-0.026973834655282396	-0.009303088684820202	0.01712028232894656	0.003854966364729481	-0.09216371850717278	0.07557797218723013	0.004336013965878446	-0.009192838570784673	0.5068983058079749	-0.0001388002857228289	-0.1756364397025495	-0.026529704001925225	-7.965942404623491e-5	3.624274877872782e-5	-0.0010222493324106366	0.0007867275069803857	0.029351185212427827	0.12270756832399615	-0.04021995411380053	0.03711973090811177	-3.520400352988867e-5	-2.510733984163017e-7	-0.020521425461366267	5.3179637668314406e-11	-0.19120306740242	1.9262483342775536e-10	-0.0006564330311276093
-5.143313345554049e-8	2.322465862779745e-12	1.3751456183416258e-6	-0.00434566352849109	-1.0732041999190806e-8	-2.199907291750014e-8	8.412552208178789e-5	-9.97390396495837e-6	-2.4999687587144606e-8	-0.06840083303504316	-3.208208969416194e-7	0.001401817666322417	0.00010956730343875064	-0.00013723069559462564	0.00030557045090219776	0.5078570322064063	0.04876818383282064	0.0035735280164425065	0.0007576777693470149	0.0029054329474872166	0.010710827422017871	0.004653739953171351	-0.01338018567300564	-0.14292793075080323	-0.048604656304980225	0.006276941991059392	0.11168228551074924	0.024408367540542125	-0.0079758940613123	0.09481346852212016	0.00894679375651293	0.009652896241064064	-0.08455216447157557	0.04339114068716246	-0.017911492866453257	0.00038971567805141244	-0.014300748121559332	-0.060437875427226374	-0.03837958009149146	-0.10537553923904261	0.13776782392245576	-0.29995022348081923	0.07267644532777967	0.0941683102237313	-0.07053396317378978	0.03850557883017164	0.23594983676762704	-0.12436514864569348	-0.06078050440791821	-0.07004434721215624	0.10714767126499289	0.1153777559059796	0.056819583999936654	-0.06927788128329733	0.002863377602584094	-0.010168569597643326	0.07709312762375244	-0.10772576450644789	0.07081653387354553	0.024280546384340164	-0.09904111574979581	0.08422625389690391	-0.02739443529415521	0.05746205817027711	-0.060918106179413	-0.010369245786499573	0.016588266640905736	-0.09025761422115074	-0.17532777791552975	-0.13634863011364695	0.05064996042971363	-0.25654124739768314	0.07469144251522766	0.0873872384812179	-0.010243846569546883	0.006171819705001212	0.00037218986910394006	0.0014175666502850015	-0.08190040024143652	-0.00150011745903407	0.007744141530128765	-0.38802609129557303	0.00011498983855350477	0.15152722132469057	0.015222109203294063	9.35233840373556e-5	-1.7773040895266795e-5	0.0014332760869732175	0.0002822151157326658	-0.041810203507525706	-0.1853921155295476	0.06247126075843318	-0.06045248657335581	6.0528093000389305e-5	1.6709009222449416e-7	0.012570855451763637	1.774100839651259e-10	0.09870625023531157	-9.125538155054975e-11	0.001067412503852526
-2.658245002052482e-8	1.215846574980549e-12	7.676575437726124e-7	-0.0025448606605918394	-6.418813602931614e-9	-4.1591041374799964e-8	5.248590247700486e-5	-1.666980061031803e-5	-2.6019817806957743e-8	-0.10465458699817441	-3.206338277119379e-7	0.0018255448429211583	9.51271674588577e-5	-0.0001687028688054648	0.0003050012662972985	0.5343810630871154	0.05253610740525542	0.0037440983818259888	0.0006027850694003377	0.006145781801367533	0.004741523516467422	0.001679835021746675	-0.003394402580849054	0.06992358390208295	-0.03350314271873328	0.0033516150260880506	0.1592803168461888	0.010464766057791397	-0.030258402413157363	0.34392654346301793	0.09423070254256419	0.016686776414823398	-0.037546525287932675	-0.03626841142190117	-0.1277907319875573	0.05826220342863748	0.02132676532455288	0.04193639735856733	-0.007925864151444306	-0.0442413583220648	-0.026837424179840426	0.08174125552232062	-0.08929656167539807	-0.05472498508639104	-0.02532728443930113	-0.07588207822912607	0.03802309499712993	-0.01640017045865731	0.04955418575275958	-0.02017405053885768	0.12431823201214674	0.05041711917846842	-0.04786683058381766	0.027452568464220062	-0.09952316129755495	0.14708636550327284	0.055847501676630044	0.1335555560768223	-0.2595996116594991	0.0995528187533793	0.09229459912444854	-0.15203513879134606	-0.09665532697956278	-0.18294516614574163	0.09816651933701329	0.015025772180096257	0.0032286917849022115	-0.011253442939031313	-0.00866122557328725	0.07692728335371979	-0.04713541736071951	0.28798986569872254	-0.07547008298932252	-0.08483726411278378	0.023381847102812207	-0.025945998752845034	-0.0043966401015528705	0.09006266893421411	0.05333437059009126	-0.0019287052745717292	-0.0038567740474935155	0.16664677221125357	-6.251825942200853e-5	-0.09415082298743885	-0.0028222719310909317	-0.00010261126225851944	-9.714384012562135e-7	-0.001938087485112771	-0.001371556659277275	0.057495048936626374	0.27017070201089943	-0.09338625161141162	0.09411881092762972	-9.826476526406808e-5	-1.2313026913936663e-7	-0.008223957743772724	-4.81959406466257e-10	-0.05090217193152104	4.226506047980021e-11	-0.0021223977011700732
-1.0821979118102016e-8	4.998077867446088e-13	3.3247560680635437e-7	-0.0011462753061890118	-2.9617592387003394e-9	-6.672608313107453e-8	2.4955332417186385e-5	-2.2828469244819127e-5	-2.3935958153844996e-8	-0.12694922040808573	-2.4623801565370595e-7	0.00173161262674831	5.169375531222318e-5	-0.00014483348916019545	0.00018409678222035763	0.3333270950875233	0.03326309978404108	0.0022711057653697075	0.00012024909737269954	0.005437110221527892	-0.004349249591057508	-0.002443264471817982	0.008968678427854065	0.22764965396617748	0.010229164190581338	-0.0024745307194197486	0.05913189354121215	-0.013375706289420558	-0.021261652150301503	0.2313918278670603	0.07502129391411057	0.004063538688382636	0.05653679043864418	-0.06925222799267827	-0.07226626055801849	0.0388245330613379	0.02726075210237747	0.08054620571181514	0.034873945407823945	0.08682492924107951	-0.14518440201224572	0.3206881152395997	-0.08786011960388244	-0.1011697458661785	0.06792208355942546	-0.04311627309222907	-0.23834219191701778	0.125980491671314	0.053496963651961826	0.07480104520491017	-0.14368039302472702	-0.13266571713400466	-0.03892880651756599	0.056364973337215074	0.04629616743695983	-0.0727011882521047	-0.1096406537724958	0.016732824242308403	0.12858034016729084	-0.10686408570416867	0.018603391903444302	0.05438489691146668	0.11954917813143576	0.12383189599382532	-0.03927134214912252	-0.006092585213419684	-0.02055700221174201	0.10452147752602356	0.18635027610301722	0.03053369411687229	0.017140724001349878	-0.16681940486610558	0.03732381788469196	0.03987696315317803	-0.02704950678789815	0.03665491036869295	0.006996478967413283	-0.15477268743681505	-0.013814606548636636	0.005020688671491587	-0.0003942768658027611	0.061992999533320256	8.256071633562028e-6	0.036874411765759396	-0.00915745831243365	0.00012909580984897615	1.9915206222496743e-5	0.0029972726202268244	0.0028626125386728577	-0.09029973235022849	-0.44674857336948615	0.15785404528698693	-0.16463687760022738	0.0001778307160566761	1.3582763758065223e-7	0.008048882242895645	1.0937577399163022e-9	0.03737526929044457	-2.6858054866273155e-11	0.004926114210160983
-3.946061766272498e-9	1.8376506970032098e-13	1.31179351821898e-7	-0.0004779373077314803	-1.3184723379538413e-9	-1.3271655885382927e-7	1.1332338905349672e-5	-3.918649926291928e-5	-3.046226625958858e-8	-0.19312097887682006	-2.3280242847816327e-7	0.0019761168791141807	1.7266727070299793e-5	-0.000142829417622177	7.874292191376915e-5	0.14998547285667838	0.015335149136476843	0.0008890388045468059	-0.00037004762235562025	0.003839211724800979	-0.012660132431167287	-0.006065246986592767	0.01934655939514448	0.31495075053283933	0.05011980393753211	-0.007344298446397099	-0.0675417662829593	-0.0309734357388744	-0.00047047269606175467	-0.013618434386478688	0.008556024565179994	-0.011400094512235798	0.10681319980492429	-0.04628421278549742	0.042178515086161106	-0.013533424223827958	0.008297424069770645	0.0352676280689589	0.040055694127445626	0.1222374832135405	-0.08282939098239939	0.15323071420606996	0.03227124531036533	-0.006679862070955143	0.06486712633390046	0.0526091443848869	-0.13719529847781642	0.06433759372474325	-0.031791652354082156	0.03836769669867493	-0.1509200250321465	-0.06847445213317556	0.04376962524367933	-0.026965655198563046	0.09883146682297812	-0.14095048129837312	-0.04446869642933098	-0.13694062940124258	0.22242912765354061	-0.062093237206563484	-0.09959684230442822	0.1285030905878931	0.03993801518343262	0.11954767817412855	-0.07689727978688844	-0.011269310236198267	0.012193138394337291	-0.07116183572543927	-0.13922924851441953	-0.10430100860898203	0.030694017283235883	-0.12266452259286938	0.037951292692945685	0.04411938584702427	0.0068043262984918695	-0.016998895655604092	-0.003977915070497674	0.09934040132880473	-0.035159717864263314	-0.004830871455586529	0.004419285906672564	-0.2582365890260844	5.019732353200705e-5	0.03802605700477446	0.018113799139649996	-0.00011562900153039811	-3.3404950246820555e-5	-0.0034780785256172987	-0.003820876657616541	0.10673775135983671	0.561126701465726	-0.20342362339080786	0.22075494083793012	-0.0002479128060897196	-1.4596194928783947e-7	-0.008101320880728253	-1.8789043036812787e-9	-0.031113484663106653	1.992713631992502e-11	-0.009429001368003662
-2.6559387069703833e-9	1.242743662269466e-13	1.0015791131610322e-7	-0.00039823859440016	-1.2665268810389992e-9	-3.588759106554207e-7	1.0762638309587306e-5	-9.6351231770056e-5	-6.605811433389063e-8	-0.4408633026175698	-4.154166754849432e-7	0.0037817717441779967	-3.8858282154986725e-6	-0.00024730924916411406	2.6858123632410237e-5	0.06378965894562055	0.007145023231969412	7.115522124148677e-5	-0.0010564786450821687	0.0038960737967710006	-0.026228101920865457	-0.01204941279936198	0.03694487245159841	0.49207787876559667	0.1009868410235451	-0.013742229429129739	-0.20407557342963326	-0.05253083808760378	0.0203019651799363	-0.25892894661527327	-0.05821157947481102	-0.02567319150743384	0.13783380467787154	-0.013440105711044353	0.14731200282957607	-0.06246253358719102	-0.013310617824681119	-0.02577312934688898	0.025845549056800587	0.09566075532804458	0.03337088180426318	-0.1173087838221133	0.12799296522636136	0.09314381054257981	0.008406980315725697	0.10279266071128915	0.09968506374370223	-0.0632463147453752	-0.08295486179096759	-0.04265695019450837	0.026006687936088853	0.08263315073799266	0.06955931963926794	-0.07263071041798512	0.010988801765638628	0.0007932225611440857	0.08781627585868454	-0.07044943562220884	-0.0606327589141344	0.09171155916793965	-0.03872606539137746	-0.03358424632167582	-0.1147511526038939	-0.11395734191506607	0.03519836560758083	0.006340504075168309	0.01865932333919354	-0.09072053063679472	-0.15863639952074562	0.0009595129555108328	-0.028332917073668862	0.21545348610913176	-0.052908910468603465	-0.05869495434775847	0.023501752857285854	-0.026845925075062595	-0.004600168266757327	0.0922690437836819	0.03916644724607413	-0.0013889307596500929	-0.003283139588117509	0.16599337017352453	-5.3322478433309357e-5	-0.07214313904160702	-0.010319958927890541	-2.3703560885356308e-6	1.788497698840632e-5	0.001219786543699839	0.0017962426354129425	-0.04036738217199064	-0.263755081114237	0.10369117148180312	-0.1263118086470882	0.00015737361338094818	6.655833568566296e-8	0.003566006877803868	1.844708166978676e-9	0.012400693584331391	-7.436669066632027e-12	0.011578106306166444
-1.3570447613411177e-9	6.193559056904597e-14	5.7036568008336304e-8	-0.00024398388247043204	-9.462296215664856e-10	-5.089572873151482e-7	7.319564449777122e-6	-0.00011714405676752082	-7.096609792949074e-8	-0.4775872513982183	-3.5845630719791776e-7	0.0032093365131368604	-2.251240207099001e-5	-0.00018527406680837744	-4.489646554793809e-5	-0.0715967480513942	-0.006645647270472364	-0.0008025311043212968	-0.0008038962562839161	0.00010430393476664113	-0.013473771126906633	-0.005630191912741191	0.015912756257527763	0.11136964189093199	0.03068626368460036	-0.0035015624303026335	-0.0808511859205529	-0.006271036718259987	0.013077927350525143	-0.14256969367252717	-0.04032937416916712	-0.0008390602438750575	-0.051557610310479646	0.04134118582437516	0.010913040487264797	-0.006941774496438319	-0.011790422788138055	-0.03872717059702513	-0.03754769750255779	-0.1151548167835319	0.08052969631458826	-0.1424894947638098	-0.054699299271977045	-0.013562778503646724	-0.0669027939055422	-0.08185406638570963	0.09650547325007135	-0.03627135860753107	0.07262590423325906	-0.013581948824018898	0.13429837448102128	0.011609298482544467	-0.09378463864574835	0.08620594079585396	-0.10805344612956738	0.1402297004768165	-0.03702991606476254	0.20926238742520448	-0.15492308889725132	-0.04565044334869174	0.14671862540605812	-0.08628870057640069	0.10908954387623665	0.032726631987203825	0.028820803204556805	0.002133668855160833	-0.041571755112496875	0.21747376187068035	0.3958856496495214	0.10264989383162668	0.019837073940625633	-0.2684523468173947	0.05884551983137193	0.06419412262795944	-0.05240326543925097	0.07058001956026752	0.013275970942365128	-0.28830974793115144	-0.048652044446507434	0.007845712317297873	0.0029709561890428125	-0.12382991611864849	7.333080575320203e-5	0.1312453585390331	0.007625411614058171	0.00012158998455831564	-1.220913064570906e-5	0.0002684457237192416	-0.0009178891930307061	-4.566035957601078e-5	0.1470683058962214	-0.07701494630585946	0.12493650750414248	-0.0001881607607263783	-4.076117427177146e-8	-0.002070863523197427	-3.6234256390575714e-9	-0.0063199741916236405	3.422980222410217e-12	-0.02726441054712969
-9.894081146509837e-10	4.0784776719978785e-14	4.635381773878536e-8	-0.00021228889148293954	-1.0779095582693493e-9	-9.020921709623764e-7	6.9694812746485795e-6	-0.00017449152076385276	-9.184024187258484e-8	-0.6150312155527452	-3.41941397748901e-7	0.002831746185172481	-4.202803180466267e-5	-0.0001262467455405633	-0.00011439437402406289	-0.20114115369956478	-0.019809653004218483	-0.0016002192729676762	-0.00039111915959560983	-0.003718577876343763	0.003511997323591476	0.002702367165171842	-0.010785606770893066	-0.3187968236024825	-0.05527333468697052	0.008564197964803563	0.08953462227240766	0.043760519956628385	-0.0031628407612617655	0.07462198003030135	0.008390011093011617	0.02469462028780436	-0.19405362182152655	0.05715110757811465	-0.13585392559350845	0.0554003803865247	0.002086565680966139	-0.006129233846282604	-0.05537979337069125	-0.1835907777841802	0.016608127120494212	0.032103218417310904	-0.1561255103677731	-0.09954835499298614	-0.03833938102364233	-0.135946629462674	-0.07253250126677571	0.054331514140215566	0.09728358076170157	0.041183400702117054	-0.019236482899281194	-0.08261715789874186	-0.06679405523818988	0.06176054158166361	0.005184052137869266	-0.031522123345307976	-0.07898402413997108	-7.937772003940857e-5	0.12629190035281834	-0.06955882598482246	-0.038632221050018845	0.08254691252643198	0.0482981061225993	0.0927930925693442	-0.05469076526276128	-0.007943522711344953	0.018128867018722968	-0.1100588211882099	-0.2088838336850418	-0.10681646952170601	0.006632448326052727	0.08676419890075204	-0.01417249544943855	-0.015502004145524937	0.04203870466739767	-0.06535515236763766	-0.013079456043268945	0.29939510602450087	0.031395814469963146	-0.010231184799362546	-0.0013557900326751971	0.03363975499606578	-6.599278554802389e-5	-0.14530230301576336	-0.0034406909436085335	-0.00021956338638558443	4.834648157205864e-6	-0.0017410451687615396	-7.63170500843978e-6	0.040456579032862316	-0.029720651212289624	0.051495053061097806	-0.129466792507494	0.00023426477716059334	1.9686766349865272e-8	0.000913271929547151	6.464613026536825e-9	0.0023192655126081994	-9.504973401461143e-13	0.0560285028649227
-4.0349354054046195e-10	9.795276735651832e-15	1.999788309756354e-8	-9.471735069030452e-5	-7.469585477085832e-10	-9.079570245790203e-7	3.244154399134282e-6	-0.00012805049691935744	-5.00911872054352e-8	-0.3244377448752504	-5.391762765914168e-8	5.809635657549189e-5	-2.509013913734557e-5	4.521836134660853e-5	-7.440336299879141e-5	-0.1318676178625392	-0.013141205552360813	-0.000795204595303016	0.00045428532155055486	-0.0030600691757227787	0.01620995445504239	0.0076659140692923525	-0.02386243888068089	-0.31828641137023816	-0.0629024321543577	0.008399628370462969	0.12649903733998008	0.027787631034878413	-0.01435471664305537	0.1713660193419982	0.04308560040772634	0.007245254020053167	0.015934567126714705	-0.0327416911905635	-0.03035233553263214	0.013062810878983859	0.01188454685226236	0.039236398523914875	0.04420847812145396	0.14145841916204052	-0.0852833680112354	0.13257357907868425	0.11598499796906256	0.05683039181244237	0.08451792150867221	0.1500743158452032	-0.05113666995346997	0.00035424967815424896	-0.1416543502684298	-0.019297260130250037	-0.11782343739742633	0.0631985840271999	0.15632653071420208	-0.1500014486441067	0.10257634722024818	-0.10473621351192554	0.12749589463247368	-0.20916365033282908	-0.013129956291807875	0.14248486254022427	-0.09131577040899455	-0.03540876120928779	-0.18231017246737763	-0.17688552613943387	0.057764786914816554	0.011037889387659948	0.00908870002927457	-0.016056349276396223	-0.012541326123367776	0.1043707496352964	-0.033107202937328606	0.09209268480799569	-0.0298370906110493	-0.03221851668907462	-0.03829726143298442	0.07406321364556206	0.01600311049065408	-0.38992131322282353	-0.025354144022636978	0.01658566538947233	0.00037551377945717584	0.03909104361502976	9.389071209247523e-5	0.2412573947360906	0.001703787623016399	0.0004782829390545637	-1.1718487898610833e-6	0.004691129257355734	0.0009396812753289599	-0.11567389748739693	-0.06080826929411971	-0.07344681793710908	0.25752427494781244	-0.0005118826081911615	-1.8746367837870012e-8	-0.0007327483500531418	-1.706383007878941e-8	-0.0011851015191992097	-2.3222033957834964e-13	-0.16247718490339152
-1.3990948028813851e-10	-1.3768289421848809e-14	7.267372149911684e-9	-3.53910287298612e-5	-8.569157701604209e-10	-1.449663537676782e-6	1.2550175183957002e-6	-0.00013598722334132174	-2.525256529066251e-8	-0.13880101244622786	2.219508242174258e-7	-0.002705484098917438	-1.1968503524225673e-5	0.00022250961444563074	-3.905109930489459e-5	-0.0666838426267038	-0.0067134132218676385	-4.433590222178291e-6	0.0012603201557151392	-0.0018333925309751654	0.025642579246891617	0.010887571355771439	-0.031129435140897332	-0.212270191901879	-0.04551623163311839	0.004802865330646541	0.10392018029491906	-0.0017691407121528668	-0.01726605014993899	0.1662089702652556	0.049688378858528504	-0.015428805815459728	0.21322349843193228	-0.09545670603990401	0.100567706754956	-0.04064004099726069	0.010565408460448664	0.04286949730422194	0.09513158891234325	0.30753536806036114	-0.0791411629351455	0.06210196514209268	0.2288391451556105	0.1327841787172716	0.08567038042511962	0.2136322345137721	0.05238630047760923	-0.05420455432828551	-0.1411829610049991	-0.045450088056625926	2.8704643759638372e-5	0.08982101478146964	0.07978866416623444	-0.05973772492302166	-0.008985996772666642	0.04267889412370688	0.06293144790446634	0.047020985656644726	-0.12220575789943044	0.016460602490115446	0.07649594289528322	-0.06644235507546467	0.04222810245865971	0.0016793470575016843	0.022127550270643188	0.0008937686525311659	-0.025148272670570092	0.12307449592985686	0.2191142878845415	0.01093808745678837	0.02585647497039579	-0.18006953532800984	0.04482556185550859	0.04911273561915852	0.001546799935723736	-0.023055878222788387	-0.006429791889379341	0.18639766335465827	0.0025213167275925895	-0.012465774561919662	0.0008117395019518394	-0.09225856603777555	-7.620210327728337e-5	-0.22724150941415006	0.0005579369163775042	-0.0005995694709201118	-2.7859499021990225e-6	-0.0068397591675473934	-0.0017176260148229223	0.1724846865820827	0.14421631447188954	0.08823049221958336	-0.3687547752779393	0.000773526147823428	1.786696946758578e-8	0.0005891482850963767	3.0744988063951104e-8	0.0003075202066683331	1.4931891684759804e-12	0.3285639505314837
-4.5547087569257276e-11	-5.3544961192602095e-14	2.4728606513608923e-9	-1.2361670026329677e-5	-1.8245873833519337e-9	-3.4422261014424582e-6	4.5292087573714133e-7	-0.00025751670727475195	-1.930926786824119e-8	-0.05506701039509895	6.390028752917254e-7	-0.007049020284107033	-5.582293651429853e-6	0.00051984600522693	-2.2170264577873607e-5	-0.030952642559501312	-0.0031654986877954466	0.0007844372993239309	0.0024746960434854203	-0.0010192092117242285	0.04044016371494227	0.016106394613646227	-0.043600920896550405	-0.12306152216214214	-0.0287206762278699	0.001215939329581816	0.07510188398521503	-0.03118759098329778	-0.0173079218350016	0.1304729118176676	0.044298245980417934	-0.03331285787636355	0.3281437381791283	-0.11813661585644503	0.18856689579059968	-0.07567334323547315	0.0037019054494876052	0.018510651400414184	0.08039964408358301	0.25429398323902447	-0.005246132550441294	-0.06294183673273379	0.12145471260048932	0.07535433498733735	-0.0013600739338649748	0.04824225350971968	0.09328817952726606	-0.0420403411848216	0.03992276286092489	-0.00941646784000548	0.1178399047465222	-0.01607413889107691	-0.11692804697494134	0.12627509494272515	-0.10593348111442855	0.11771649232825786	-0.10957590788399962	0.217920623794864	0.0009762178225790202	-0.14185932677451016	0.09101090837849946	0.03834270556286752	0.17868320872182022	0.17667824883345942	-0.06115163325028841	-0.011241691955831728	6.4644422785101185e-6	-0.03316902985066311	-0.07621721181814163	-0.10992699168722009	0.018351837692987365	0.01640047687375759	0.002193749175487675	0.0011522096500576687	0.03717208294646938	-0.056009003039436955	-0.01080507189375021	0.2342395320952838	0.02301669554063658	-0.004645850188869732	-0.0012182257922783348	0.06136793648841625	-9.777941260300284e-6	0.016324271419948966	-0.002418676233266884	0.00030235208198630813	4.898337932048103e-6	0.005011032786979601	0.0015085238911278877	-0.13101628715988786	-0.15151211881020052	-0.05817045814016505	0.3044572505324722	-0.0006933735148501476	-9.708447719965373e-9	-0.00023329561892583098	-3.735331727022788e-8	0.0006297673148774215	-2.6453573614542588e-12	-0.4803234978712041
-1.504535003120928e-11	-1.6722213354037101e-13	8.549278286722052e-10	-4.390931548963494e-6	-4.9699124642529045e-9	-9.542724536917846e-6	1.6643303124635662e-7	-0.0006437455177046303	-3.153263529210984e-8	-0.022365627297779744	1.5855810059143502e-6	-0.01686650948723392	-3.412586017360037e-6	0.0011977501752831483	-2.004549571347636e-5	-0.014853074100628626	-0.0015850879328672158	0.002060557631421181	0.0049674266421111425	-0.0006306085346501488	0.07148633375103373	0.02738134972772712	-0.0717583266519211	-0.06729512860625239	-0.017828629980857748	-0.0021343397339781568	0.05623697770849563	-0.06417349106722256	-0.01780640309439037	0.09585803606693671	0.0367468024990626	-0.047269782636321	0.379492818994959	-0.11401919841919163	0.2324012431928627	-0.09051582131292846	-0.004391345540121861	-0.014370213890604257	0.025662655661262232	0.06867330201167982	0.0721298559739816	-0.1447962803448344	-0.07943090513610719	-0.043258855548366115	-0.08725247910110068	-0.15955841952940794	0.04064076570835372	0.013777554300371534	0.17763795823617756	0.03768775004628966	0.09026670263770172	-0.10134972226308447	-0.1600431642828013	0.13420819698199446	-0.050990222279458514	0.015792140442132216	-0.11523494360314288	0.035529078617504595	0.12249083848866854	-0.04916974798151758	-0.05933245212921125	0.07213297915188294	-0.023165694048416466	0.010537105547594808	-0.024543795644597393	-0.0004952105577194306	0.02514717960397618	-0.11619551859697518	-0.2029176567600619	0.023732827654892763	-0.03279515260247421	0.17334641377847138	-0.04575596265866477	-0.049619683001567716	-0.021428321714159714	0.05612867462145911	0.013084179516254785	-0.3369295062187533	-0.019427125558314367	0.01602094270205331	0.00021837177258191722	0.03725371098239642	8.51121461717948e-5	0.21188130847568104	0.0020753598788471866	0.00026413399600323014	-2.822786133948304e-6	0.0006966229818848053	-0.00014203678673289032	-0.010333364828066793	0.0496681460421773	-0.012657112562298511	-0.03660735419997965	0.00017331688015025798	-4.274941190585589e-9	-0.0002515328435169197	2.8175361348937643e-8	-0.001323507257157716	3.0949309916662262e-12	0.5186411598477285
-5.223768827970849e-12	-5.075008112371824e-13	3.116421443299867e-10	-1.6480242567676315e-6	-1.3909814801024034e-8	-2.67683415754727e-5	6.482482638317107e-8	-0.001673925050641123	-7.255327955429877e-8	-0.009774602157785037	3.80237203044729e-6	-0.03931671174058479	-3.726428784006954e-6	0.002719475121896263	-3.070987459430939e-5	-0.0077644834201564	-0.0009461768360926497	0.004559767449948874	0.009889215476745842	-0.00048793794829962364	0.12928413236635336	0.04819692063536534	-0.12375299591907768	-0.027960819770292508	-0.010109652162790575	-0.005841155102963525	0.043274633675225854	-0.10273053220356033	-0.01828366707072074	0.05942378742435761	0.0263892603018764	-0.05435087684013198	0.3468591136636143	-0.08089455977586757	0.21539614909874413	-0.0787114704756239	-0.010904738244367544	-0.04023902237935459	-0.042551088237188464	-0.1545905742156675	0.0996567907635351	-0.12330209535563644	-0.21697695939267414	-0.12555558558834107	-0.09773008181756807	-0.22268870134900343	-0.05388175870256938	0.05490927797818101	0.1173872036162264	0.03944468754852218	-0.05116153129303874	-0.05382146953743505	0.011494025909637573	-0.05082662733951754	0.0784703723296837	-0.11030780621212187	0.05774858739503795	-0.20544157292811635	0.03141679107161461	0.13187779787047604	-0.1005642692866674	-0.02962603472588795	-0.18051583790153297	-0.17624019913954309	0.0608585982420553	0.011272903422602652	-0.004951963343619442	0.06047087094600499	0.12493354166521865	0.10178728298311535	-0.005047998776758527	-0.09224085141399826	0.018473650678312442	0.022047548119912455	-0.025120280882847925	0.021317900673194105	0.002386306835909713	-0.008424750846643514	-0.00821176714330063	-0.00805568614618929	0.0010275531035103128	-0.09578610718193616	-7.012638346124896e-5	-0.22153462426381448	0.00010193578838054451	-0.0006026706348990283	-1.5883347102444444e-6	-0.005884246392585264	-0.0013295088268395296	0.14409022116947007	0.08658412314015616	0.07496320903828199	-0.25470790989212877	0.0004519200612567893	1.5811327374303922e-8	0.0006042387297083662	-7.866795910055902e-9	0.001541905328852347	-2.808099435890982e-12	-0.4487676838095421
-1.7714426171439754e-12	-1.4561897577071131e-12	1.1170305282282948e-10	-6.113619866289026e-7	-3.690783540603304e-8	-7.104476963235712e-5	2.5160979702885604e-8	-0.0041186534331648095	-1.685681068409865e-7	-0.004454844214541442	8.474859704258087e-6	-0.08510973289034256	-6.173623414546854e-6	0.005734831401547966	-5.619902742839024e-5	-0.004180816202085709	-0.0007223567998307142	0.009057534338996604	0.018111308778164328	-0.00045979559645206475	0.21538875728957838	0.07832245709378903	-0.1976418530020945	0.008887499929986394	-0.0026202275275297926	-0.00961676711030477	0.02813510244269951	-0.13425505949882235	-0.01590024609491212	0.012634971163284393	0.009919101343419943	-0.04508708651906583	0.18360784864011934	-0.014629350407936677	0.10855882334805093	-0.03151385325223468	-0.011801798122379619	-0.04022498946896323	-0.08181221498921447	-0.26911256943375955	0.042837087918079025	0.005344277479515075	-0.14781193069546505	-0.08295153673119426	-0.00856227395700658	-0.04933204964810513	-0.08451981994802289	0.028984759848827146	-0.09191062655158293	-0.01238423053306406	-0.12011496223606606	0.0725887085311738	0.1658305814409204	-0.1548898127955768	0.08106994970752371	-0.050414217816594095	0.13224096934035268	-0.07578847463623756	-0.11906066427329498	0.05546450648728049	0.05875476869481619	-0.07111301446032035	0.036913790167815624	0.009500975651742544	0.015820908324756695	-0.001965622891568642	-0.023404426026203736	0.09259770838714612	0.15352530900615619	-0.07444755088950455	0.03562674911324573	-0.11866813296389217	0.03454324649088138	0.035888003002734356	0.03945698792690658	-0.07261452092574766	-0.014990124087589422	0.34388399820956	0.02696014710573074	-0.008383524126459069	-0.0012751340705692783	0.06611438071827776	-8.388138392460728e-6	0.037076039690475515	-0.002204979132106079	0.0005146748792270906	4.9318899881651586e-6	0.00759289698381722	0.002024106276601939	-0.19434466696015423	-0.17629792960888657	-0.09843940438658776	0.4223034435340006	-0.0008730710801450763	-2.0752232105276766e-8	-0.0007333762808232607	-1.4328053336809974e-8	-0.0014459342971850787	2.2891767421699094e-12	0.3549590370059874
-8.851113410022197e-13	-4.484213745693127e-12	6.044446103023425e-11	-3.4784477817007923e-7	-1.0567015058100026e-7	-0.0002034062017363912	1.530949837231278e-8	-0.010988252132700549	-4.3100737920863053e-7	-0.003470512235924833	2.056397262763458e-5	-0.20094909242469008	-1.3570779984485335e-5	0.013214953748423675	-0.00012170391542542925	-0.003443048474966553	-0.0009810733886876798	0.019602130198958664	0.03653056378338356	-0.0006450069268163502	0.3980414352825289	0.14153647817432474	-0.35181641555070675	0.04856390590057453	0.004208883972445513	-0.015710766326708647	0.018031438250408455	-0.187373675864913	-0.014674974649706811	-0.03345828802611709	-0.006574199398596086	-0.03260275702605295	-0.006683836773275165	0.05427464918852287	-0.018661093933013365	0.02262811299046011	-0.00932665570073772	-0.02356071916791426	-0.08416617909983719	-0.25604321428503296	-0.04041616143046975	0.13057179876481256	0.028278341747647512	0.023150672182417162	0.08737228581340944	0.16510153928096954	-0.03432802179932713	-0.025690295045919638	-0.20558418721206861	-0.05022879394847968	-0.04645732227643745	0.10925585290874879	0.11002909937561899	-0.047715019531435546	-0.028804845101347384	0.08292443793459472	0.01151705439370651	0.1732113965950127	-0.07171674508275021	-0.11651238553366708	0.11437423168240085	0.0157681203082363	0.1861688022964202	0.17733853214012027	-0.05949848599372359	-0.011294531880245921	0.00782209843445825	-0.0753730503316455	-0.15042630943934107	-0.08176516935073608	-0.006767070237674103	0.13537405802722502	-0.031519168742761464	-0.036170248600435786	0.005849726124382532	0.01818685224896565	0.006149082626978095	-0.19659328739318588	-0.01033802909318323	0.014081581197120448	-8.559957511570463e-6	0.039598425428610994	7.738029641983706e-5	0.18837064133029763	0.002196264993731968	5.559019689159255e-5	-3.829698919231657e-6	-0.0030713116738278635	-0.0010717146433960349	0.08741033681205082	0.13082756327482825	0.048353230465468425	-0.287938718103833	0.0006997505444767435	1.2278143689518145e-8	0.00042300164727511274	2.9801933109025673e-8	0.0007236087874269963	-1.0559235650139683e-12	-0.16082653669973263
-4.18245530203665e-13	-9.545995970853177e-12	3.074098476797808e-11	-1.852728189424611e-7	-2.0249171367336332e-7	-0.00038975708138887927	8.679743709171167e-9	-0.018955835199738313	-6.989884600007565e-7	-0.00248190566482749	3.061123117131469e-5	-0.2863621013189294	-1.862516807078985e-5	0.018106392659130652	-0.00015527500688734705	-0.0016939850153520027	-0.0009391673621725285	0.024132337632271038	0.03992121845093718	-0.0005010023571773044	0.37125461701239626	0.12662795902224916	-0.30608636798275735	0.05637190560564378	0.00799741654704185	-0.010283311179713189	-0.006415090986196439	-0.08804852756861031	-0.0002189391422686808	-0.04879082839430026	-0.016646095911402526	0.013979316256580481	-0.18947827590601532	0.06050218869566072	-0.12419343302249958	0.04973437363877252	0.004901580305899855	0.025814146483027156	0.03346259579929298	0.12791605126340982	-0.059347218466672	0.04503721051578089	0.15635729470688467	0.08897278708995834	0.02911889622572726	0.08118218475471972	0.08214320093937112	-0.029849382045694074	0.09495949025627322	0.01758953555162932	0.127627736341302	-0.09561411012998369	-0.19241475421796214	0.1710280095797416	-0.07064836537555455	0.014652412396824174	-0.13743103521073707	-0.019332370688315642	0.16466841092335918	0.025790516295912468	-0.14332092504158472	0.05882091946254679	-0.18981156013877137	-0.16180341790698047	0.03704087967772075	0.012847022795596227	0.01482313459477979	-0.007022165417905929	0.018032075091734694	0.17611173380840212	-0.026788548776639998	-0.06244921123799482	0.008073281487070646	0.013590972838371976	-0.04801408004321929	0.04499852968134806	0.005497009450132581	-0.03511280783242873	-0.00977347999132437	-0.015459459686895036	0.001290315596809417	-0.13835303526559883	-0.00013393028550758972	-0.3891239826909275	-0.0022242352912194064	-0.0006279337055546982	3.007063530582147e-6	-0.0009776277967306537	0.0002915885461421113	0.005047892871838322	-0.11252111129710617	-0.009249985444301612	0.22826351721174992	-0.0007318265421674699	-7.831152921939548e-9	-0.00027130576431129915	-6.033615051730624e-8	-0.0003929308073854091	5.222098756071409e-13	0.07795227308194146
-1.7109391782730224e-13	-1.9425194045956897e-11	1.3571678236313325e-11	-8.594013593999806e-8	-3.634352644455311e-7	-0.0006994876396243313	4.320334630192052e-9	-0.02978673599160106	-1.011695278003081e-6	-0.0016171384449568435	3.918412339959943e-5	-0.3430573849878312	-2.14165102076302e-5	0.02037671585594862	-0.00015604259807658913	0.0004660264303828034	-0.0006574979392274034	0.022492035786919995	0.02892947909650419	-0.00012689832842938532	0.1681045772419508	0.04830011926733368	-0.10208560955564891	0.030069980569675955	0.006417357696900319	0.0021596155814031523	-0.026086816805846347	0.07840948249289424	0.014423294969933392	-0.02176089851421481	-0.011309870146351602	0.046655799614518524	-0.1694230669235949	-4.491504014764863e-5	-0.09174029412079071	0.01996165168157967	0.013203643711053507	0.040669704587595897	0.10509980410652793	0.33312342875579465	0.01313829542690288	-0.11089137893451795	0.02696521759935261	0.004539280762570971	-0.07903249407666628	-0.14528975970960795	0.044214875506777315	0.023159540075261477	0.20903105773043207	0.04930528487648714	0.03234362371047932	-0.09399402769112995	-0.07337758826752305	-0.0013857383030990433	0.050753252639849075	-0.08849424724813115	0.04338845936718971	-0.1635832600316845	-0.02458368249444065	0.09984486993165798	-0.015733228502198354	-0.058614750501574164	-0.039984081151732034	-0.04665078349294653	0.028483140706588302	-0.0004257219404283502	-0.023326043129688015	0.08298670246208462	0.1307831401451277	-0.12820215756644193	0.04038486436394315	-0.055016016365836036	0.02101619851740571	0.018273407799344728	0.06193130428130664	-0.08421456852084194	-0.014354455401111443	0.24994651242394406	0.02608644599347465	0.011304011351860993	-0.0022139093272012947	0.20572259317416394	0.00016209762928352675	0.518972054799157	0.0021756352453602542	0.0011916493438031825	-2.2501872312789157e-6	0.005127030234286189	0.0004565766239829189	-0.09808401685711993	0.11182453530813045	-0.028225160977810054	-0.21612767519946469	0.0009412970391662564	5.552299274779111e-9	0.00020751214565991615	1.1827619998105108e-7	0.00025483352696166836	-3.079150910866112e-13	-0.045019046919487965
-9.83895739469177e-14	-4.870373733110957e-11	8.640711976464254e-12	-5.839781782794441e-8	-8.190111871060478e-7	-0.001576207437539868	3.22533125456503e-9	-0.05983230509597576	-1.8889371428420686e-6	-0.0016319643330487796	6.522758520802145e-5	-0.5348273785733212	-3.2185885247907135e-5	0.029763825254189216	-0.0002009330976220075	0.0027432109696960867	-0.0005327923579815928	0.026212215107351115	0.021807149789290114	0.00024279669325261404	-0.031855499617799266	-0.0303566100846661	0.10426883447413851	0.00042834193632240725	0.003699706000451776	0.01419611018842015	-0.03922939382704153	0.22382000600602903	0.02392455227709334	0.013412481515676044	-0.0010922231295952488	0.0559715636637723	-0.05168752778879347	-0.06056463629562078	-0.0026806112655743015	-0.02277881294218226	0.012064963882842885	0.021232493110360465	0.08420771469434948	0.2373894269176396	0.07187661111593455	-0.14827751962853547	-0.13350862051982157	-0.08531757288733854	-0.09079802055086242	-0.18841526471524483	-0.05497829787019509	0.043254280609977984	0.015894054392605453	0.004179698301916165	-0.11522597108541714	0.06418216525928071	0.17014166307463444	-0.17131476136764406	0.07995404897156357	-0.024731326297079692	0.14153165224520678	0.01998821831561244	-0.16243641873977885	-0.040991168018622064	0.14637679039610307	-0.04508147950661752	0.20085254437667985	0.17643646283847464	-0.0468192799156663	-0.01266895574964504	-0.001949344764020533	-0.04195731510642915	-0.09589034143531655	-0.08659884919546063	-0.003940654474104598	0.10606325298161687	-0.025031918120360402	-0.02862625287521957	-0.008818302293838787	0.036968177193704196	0.008838426154873605	-0.22119680460472307	-0.019373407060879273	0.002481862149024107	0.001429251540427986	-0.12479286670516666	-7.583318225074346e-5	-0.2978703179461772	-0.0009773249488772599	-0.0011502898932855984	4.308751405228008e-7	-0.007270427623503186	-0.001029227839435608	0.15389330173830257	-0.07338497118203326	0.056724376920890274	0.14223176123590844	-0.0009139155978009107	-2.0676971284299215e-9	-0.00010843615745662313	-1.7150844309500258e-7	-0.00011574008020430899	1.2966817921209019e-13	0.01868737411500938
-5.929682703423656e-14	-9.360158047941501e-11	5.64334036321743e-12	-4.004549567515628e-8	-1.3832723541854086e-6	-0.00266192221845268	2.3806348148019857e-9	-0.08790881115804178	-2.5395530732205086e-6	-0.001428001144544466	7.61300303394193e-5	-0.5745746138965944	-3.312355149429162e-5	0.02936686167336295	-0.0001664103352953237	0.0038502673443627997	-0.00017405489733159527	0.018408026804748748	0.0028166900537173953	0.00045631518414307665	-0.21082253828729144	-0.0882253259368925	0.23752661873652836	-0.029551279497239125	-0.002182128332243547	0.013936205640544555	-0.0159565122075428	0.15740398126789776	0.00867777379417095	0.03447313673718548	0.010337345427066697	-0.0006856707757461174	0.13089162584620403	-0.04309921638915514	0.08985050252394094	-0.035277736047870684	-0.005880147871383849	-0.030503293535789747	-0.06791190271440706	-0.2337468412832951	0.006675930467549143	0.07337426350629639	-0.04957549226226902	-0.01539649484190933	0.06973086719113189	0.13396991556419902	-0.04071822544535927	-0.02744939489500102	-0.21137802814626291	-0.050293637520927796	0.0015957977777395942	0.07194227383696826	0.009669138692883689	0.08208418269934413	-0.09030115378877016	0.10244496364459396	-0.12596863351251955	0.14995142293305752	0.149460896354413	-0.06581289387396701	-0.11193871182336404	0.09974649632998626	-0.1516531169692742	-0.12831355626778246	0.019332883938892216	0.014314129581159442	0.025723523996977853	-0.029776723729108837	-0.008685223485449584	0.2473795826912937	-0.03471468319748394	-0.1009750355349703	0.016154098211206093	0.024688299283337333	-0.047860358639857374	0.023169303211134543	-0.0004645743433237245	0.12684945784035342	0.008694700497986877	-0.01583598287750706	-0.0005107940322622812	0.03851129331910606	-1.2551507051270007e-5	0.07728808636675312	-7.483981444363129e-5	0.0013047346833500383	1.2997499405367844e-6	0.011498429095018844	0.001904030937976271	-0.25563112350370704	0.05993039245129225	-0.10564281892006117	-0.12412298382413325	0.0012761924876469614	-4.640636588392949e-10	6.444126794006672e-5	3.341940907135616e-7	5.466415823705046e-5	-5.430862263505177e-14	-0.007765748529887775
