1.0842912127812848e-15	1.0611302251879737e-10	4.6509773376055464e-14	-4.058010221129343e-15	-1.096393799331769e-6	0.002223470236177086	-8.890643747455473e-13	0.04980459412144153	-1.0695856153933514e-6	-1.0828885499610407e-13	1.1161665609953673e-5	2.35377766014249e-6	0.004270077733109533	-7.2857451949436e-5	1.76704705400636e-8	-7.6308929933901e-7	0.0006065848349207869	0.013237596055575444	0.020344677898629954	-0.00011539104763315394	-0.053838883202815525	0.029760286612639294	9.144505710239839e-6	1.889529865578838e-5	0.002172154110605488	0.02716708726832384	0.2223163085085097	-0.0009135115494094057	-0.020463663790820444	0.0012854457383671557	-0.0022755023707073966	0.056434052407874455	0.018938034920134482	0.07817502074971792	0.019275201491890208	0.028427967186154188	0.009777682183301113	-0.0034915013679688834	-0.021124292054731653	0.0008235278213601033	0.09459028326908776	-0.014520454555622685	0.3040965957911626	0.08933471056581704	0.060633845622792885	0.35307754776489914	0.05074317936464736	-0.06580029170350951	0.03592287994226614	0.06137317737510278	0.15816735132405305	-0.18930251344548477	0.1858498270080262	0.12274003873561284	0.1516437158476565	0.05364622380049954	0.018455825657005553	-0.21183303771922693	-0.004254850242984607	-0.13422595782531302	-0.033052416963805294	0.08187484425429649	0.015544265280661981	0.014867493472708274	-0.013473642424138963	0.020687476119213573	0.25728082189235885	0.3171863656275331	0.11533521123231577	-0.0021870421417950893	-0.03566443505704217	0.0012312441947418282	0.006315856372039123	0.002465850899758201	0.08882175915636242	0.07599059018280103	0.008138257354766115	2.5421129299504044e-6	-1.4243253799608351e-6	0.03457838103605035	-1.7439198285759082e-6	-3.153849147884071e-8	-0.0001186664226311658	-4.0466727779568257e-10	-0.5221042765514745	-3.74442541125186e-8	0.007690992761190145	-1.6462005477778149e-6	0.0020824122448630596	-5.974029885810524e-9	2.1832949771388533e-12	0.06136931297282047	-3.980360413238928e-14	-0.0008142014068279115	-2.7685293625887355e-9	-1.1267004260277718e-15	-5.094205785046784e-7	0.0	1.7013632607039955e-15	1.3013866251913904e-27
3.4623692579732598e-15	3.3665687649328526e-10	1.4305028863281928e-13	-1.2211760836785672e-14	-3.2723318916045153e-6	0.006635983695682663	-2.6045455919113673e-12	0.14018045684387556	-2.9220581763602463e-6	-2.943143380161234e-13	2.9241364015547723e-5	5.9938063326205116e-6	0.010774818805549181	-0.0001789893749855313	4.3079183334402196e-8	-1.8507255069696728e-6	0.001463490927645018	0.03193592271602222	0.046950535413141335	-0.0002548629303127613	-0.11716228858317157	0.06439806993905964	1.8910694997985225e-5	3.844598723378506e-5	0.004336699870095302	0.05395752319831119	0.4324074314254756	-0.00175648929455478	-0.03719580868021341	0.0023130525359178213	-0.003964433876655799	0.09442783371315742	0.02991474319645024	0.122767402064645	0.029866230760621282	0.04336972307241311	0.01426342091417302	-0.004644981272883477	-0.027285857124776654	0.0009736099128492326	0.1066751405173148	-0.01549930582202887	0.31652079123056415	0.08789098660803116	0.05738598950672269	0.2928985581271946	0.041377680557034884	-0.04997187655896028	0.026641540553804414	0.03800944923448034	0.08703416655649863	-0.10045526961977619	0.08843807904899452	0.045918966814601524	0.05114366805030398	0.0168401944920746	0.004728902918239246	-0.0463902324642695	-0.0003487473737221125	-0.004600093106733886	0.0008953516904929247	-0.0037158547687706155	-0.0016577951210003604	-0.0020729472183841284	0.0023049759585680725	-0.0050476334889578665	-0.09520159991126308	-0.12465476532458446	-0.04848338728047481	0.0009510864056227745	0.02089039990434469	-0.0007563401683181342	-0.003998179434126598	-0.0015992824297593818	-0.06567491836381699	-0.060606964629343466	-0.006711906173119312	-2.1543974838571414e-6	1.3436873319924516e-6	-0.03366411003492371	1.8388868406764045e-6	3.491048500008971e-8	0.00013291966309276918	4.733101516671101e-10	0.6680256327428159	4.858797117714006e-8	-0.010139057311579972	2.228792685429543e-6	-0.002987884263997784	8.612417322191903e-9	-3.245825802946943e-12	-0.09209913870973603	6.104263867961131e-14	0.001281904323560831	4.4542687156595904e-9	1.865849594567606e-15	9.099535124045217e-7	0.0	-3.3063303221083252e-15	-2.567196905649217e-27
9.4963097190341e-15	9.157417059279915e-10	3.7382614997185423e-13	-3.1013832018219995e-14	-8.220938912259665e-6	0.016670445564708564	-6.383374683492572e-12	0.3254982767796931	-6.512069469182816e-6	-6.512006197169943e-13	6.142937085536238e-5	1.2086124647974684e-5	0.021438701434990267	-0.0003422871685965843	8.14372529386919e-8	-3.4713363568994082e-6	0.0027233663150424098	0.05942274902540336	0.08155817430856495	-0.000412522802939772	-0.18503625230541926	0.10074676022226296	2.7365602642460026e-5	5.405058804104389e-5	0.0058905177210141595	0.07259015477075156	0.5593400417752868	-0.0022226353543758344	-0.042037433620863	0.0025590594051232225	-0.004087011411757255	0.08859926247373608	0.024207600182545225	0.09776197774547647	0.022900063918258703	0.0317811545671784	0.009070688185782192	-0.002050159882230663	-0.01037331087954387	0.00019381447338972632	0.011064499089369842	0.00010475537891194079	-0.018110262699804324	-0.014933756930755803	-0.014202278833162848	-0.15032332656372516	-0.02268463403570336	0.034711661989483826	-0.01982322626820592	-0.04305293347743439	-0.12222735855455932	0.149789953772237	-0.15591065274179286	-0.11186686347733814	-0.14141820899194496	-0.050672466155933175	-0.017893544580979248	0.20804438473171336	0.00427415705844118	0.13470001518979152	0.03290520863992939	-0.08119592155160513	-0.015139804589441395	-0.014293798524015133	0.012762792238848412	-0.018762713649556586	-0.20897981054518466	-0.25107860571624946	-0.08829629417909167	0.0016428319226657558	0.020559131661170026	-0.0006627679925348771	-0.0032358048785767974	-0.00120897905843417	-0.03124282701061186	-0.019330112581664432	-0.0016809996492831256	-4.2044478837496346e-7	-2.7811251716427492e-8	0.0028185599659656317	-4.4763092104314987e-7	-1.1898596435669297e-8	-4.84716731091684e-5	-2.1392687274781683e-10	-0.42436253813465685	-3.227624496770839e-8	0.007067702230487499	-1.6774334932989913e-6	0.002614971889162615	-7.624701047659478e-9	3.087890473411471e-12	0.08949470803757666	-6.219381600088584e-14	-0.0013801067834467208	-5.009597343547073e-9	-2.2194303232784055e-15	-1.240945157226691e-6	0.0	5.178008849110987e-15	4.1153676948716366e-27
1.86701009160542e-14	1.778756610644651e-9	6.842767545109949e-13	-5.4366469947842654e-14	-1.4173003509238266e-5	0.028737798987067825	-1.0589664810515685e-11	0.49520463420737787	-9.251492574535202e-6	-9.138535553317344e-13	7.870430518022794e-5	1.4357918815702031e-5	0.02482972194075627	-0.000366662852043465	8.521288938220438e-8	-3.5740564209014736e-6	0.0027580058054947716	0.0601661349151915	0.07091607107577007	-0.0003004415395181543	-0.1259002624097685	0.06670591609725816	1.4076176980361673e-5	2.4907498715228203e-5	0.002342715029760128	0.027602237845113415	0.17304418450469472	-0.0005999877759241172	-0.0029533361887779087	8.439205671892914e-5	0.00036928251872419773	-0.0226029430791487	-0.01255689913031107	-0.05356692179291979	-0.014136330243325479	-0.02229786801586478	-0.00885545373019887	0.0036859222530052846	0.022834557412241625	-0.0009116528145759791	-0.10374095339249546	0.015520764038799593	-0.31974958640786755	-0.08970198037556891	-0.058577052759988445	-0.28793608790154923	-0.040308387034972845	0.04639230406522557	-0.024244136181226988	-0.027536662042739045	-0.048862027781489965	0.0507383801139453	-0.02814541000064919	0.008722969449204896	0.02314454208070567	0.01096169367993696	0.006120713630409755	-0.08750221827582702	-0.002987685404104865	-0.1069718530793736	-0.030169784392666946	0.07743811947670652	0.016331606309568713	0.016395316946872882	-0.015497155251133675	0.025809802202687852	0.3527902414462151	0.4399021195223778	0.16176223860497776	-0.003082568949264243	-0.050666591030939914	0.001735155721238259	0.008837678551695552	0.0034262225877537537	0.1157250502581616	0.09269745486594848	0.009548266558092268	2.8733806467497404e-6	-1.2934614409404733e-6	0.02848886707989175	-9.80766385894826e-7	-1.1476348503106624e-8	-3.681572411316483e-5	-3.856825419543483e-11	0.24098340649048686	2.113449203854549e-8	-0.005274707177795841	1.4891912940145396e-6	-0.0030197247184843867	8.95652192575017e-9	-4.0083532934959954e-12	-0.11940430613575043	8.798409721849638e-14	0.002081418906563392	7.926771428325556e-9	3.7240089415822504e-15	2.3770901483716127e-6	0.0	-1.1222709352346758e-14	-9.100831183163331e-27
3.545825555643282e-14	3.3306003742143345e-9	1.1933943865678589e-12	-8.989313383209034e-14	-2.2949172882680655e-5	0.04652811545556342	-1.63225927340247e-11	0.679389050528035	-1.1496710826222703e-5	-1.1148133016721277e-12	8.294820430124106e-5	1.3199462133762947e-5	0.021714322165684374	-0.000270528939755776	5.9381050090110075e-8	-2.3898808162422286e-6	0.0017647384080384657	0.038476237204859716	0.026403226758139248	-1.510059590893582e-5	0.009935115273279964	-0.008791296871652487	-9.311329968692214e-6	-2.2933328560695122e-5	-0.0030531972565487424	-0.03944640040350844	-0.35867151544466963	0.0015401997597065291	0.03898876659547295	-0.0024734821241232043	0.004440359808343788	-0.10866773035095065	-0.03418078352939702	-0.13981441222505847	-0.03370151448287582	-0.04828666376317995	-0.01503395760749094	0.004058970694045806	0.021934653994617886	-0.0005556225355907953	-0.0465841136768383	0.004272712319383731	-0.06358052543511988	-0.002869100697818754	0.004767712922777229	0.13760050297726034	0.021472927475283718	-0.035914373076483604	0.020883686806417466	0.047625547352819465	0.13371512036909589	-0.16271365106628718	0.16462207087834274	0.10827948286112724	0.1310468987918498	0.04550446142796885	0.01465480418209173	-0.1584850428251168	-0.0021725959085206496	-0.054353330200975304	-0.008393426876717094	0.016863660622934023	0.0005716460538533086	-0.0008686004177645212	0.0020593907259374915	-0.0078050473872538955	-0.19863486500904776	-0.2672906554288707	-0.10674719661434678	0.002118659955494524	0.04891090738388936	-0.0017658631349320622	-0.009299653949873924	-0.0037040345850186045	-0.14521168335257562	-0.1274035856693911	-0.013692735975477629	-4.271370428829336e-6	2.2638924651422335e-6	-0.05292853718543787	2.2520728770626535e-6	3.3615166860849484e-8	0.00011862345615420106	2.8932782417061723e-10	-0.07323432337107587	-1.174649283077441e-8	0.00402856868299145	-1.508353998766322e-6	0.0040893945220616835	-1.2321610023749291e-8	6.019233840394001e-12	0.183476487052493	-1.418385080812657e-13	-0.003531633709910087	-1.3969201002723964e-8	-6.87237383158241e-15	-4.872037900697558e-6	0.0	2.5445557869085226e-14	2.0985044894446287e-26
3.895625834792459e-14	3.5655397531195256e-9	1.1149835427565242e-12	-7.519441393985067e-14	-1.8337045699025328e-5	0.03716907128117208	-1.1633781640944745e-11	0.3517136089084395	-4.1299034713724095e-6	-3.680063314435724e-13	8.539119358159033e-6	-1.443017838728347e-6	-0.0040858153977739115	0.00012624769581745887	-3.35574047120655e-8	1.5252459181646938e-6	-0.0012674156784363922	-0.027673112800254078	-0.051384701014149416	0.0002907670711628969	0.13194224276876	-0.07194440241697873	-1.8731501460729512e-5	-3.5609666538064486e-5	-0.0036509379156102963	-0.04409536152415693	-0.3082593987608763	0.0011464003191638576	0.01268612241135246	-0.0006567453179764177	0.0004042398112487757	0.011168797103895331	0.012160715271582162	0.053231883032550546	0.014761727695246842	0.02434620650248719	0.010497879509843589	-0.004650549106291503	-0.028895967797226665	0.0011259997984773547	0.12425011830346382	-0.017659722549320293	0.35326700581511916	0.09137805676149406	0.055613509057306755	0.1863233132163672	0.024148127968617452	-0.01735290066143751	0.006986078400535115	-0.01764588514888571	-0.08722715512945259	0.11805440966628718	-0.1516487592958537	-0.13799842035536758	-0.18443168140104918	-0.06802924517595534	-0.02534477958864218	0.301302761456814	0.006216285212892437	0.19033625635117726	0.04355822180350614	-0.10464604267594699	-0.01728892532223075	-0.014912225937524337	0.011915681367660432	-0.011666934567556566	0.032174230259673205	0.08426089721983954	0.050492851412672894	-0.0011608830636280088	-0.05467624163661692	0.002118505549640643	0.011631411479456892	0.004784115237363862	0.2193396095888448	0.20868588887666412	0.023215109772370825	7.444131489075934e-6	-4.392091782010412e-6	0.10603326634945062	-4.925242974782649e-6	-7.844212922693728e-8	-0.00028205987632952336	-7.535097409381859e-10	-0.03244808860183813	1.252660024648152e-8	-0.006353046307470614	2.9181014736095594e-6	-0.009260071763111465	2.8127381434946935e-8	-1.4378509075036736e-11	-0.44364044326750723	3.519445903367025e-13	0.009016572022446037	3.6452184205365157e-8	1.8432873767506182e-14	1.396505465997325e-5	0.0	-7.812587445433967e-14	-6.520057504024981e-26
7.052367578923563e-14	6.296187384535024e-9	1.708942145340135e-12	-1.0084687290895028e-13	-2.3112731691525184e-5	0.046834775540711554	-1.226000820168026e-11	0.14430169214459163	2.166100469369354e-6	2.8856894884067103e-13	-6.461360587898484e-5	-1.619197722327338e-5	-0.030092931453457566	0.0005210085942037385	-1.2532961912293706e-7	5.368127206198007e-6	-0.004223524959418019	-0.09215775272952469	-0.12069837411605353	0.000519876860785218	0.2148274262031011	-0.11288249989634294	-2.0571247236500377e-5	-3.268940955728429e-5	-0.0025101906890437125	-0.027290285940805167	-0.09519018177305699	0.0001222128342390774	-0.021926205215573678	0.001602149417530842	-0.003927156929616217	0.12207664313028103	0.04764195075951611	0.19824940556002696	0.04959680974460154	0.07392145554360544	0.02538591872798462	-0.008047722778743868	-0.045600696615138485	0.0013545980729015568	0.12797875246919949	-0.014775635806304735	0.2643008560135253	0.04957846965459473	0.02157984965380823	-0.071104376349572	-0.013195907146059182	0.030938001425726832	-0.019004721511595775	-0.05021320943625447	-0.14048336367219674	0.16955926891861095	-0.16510503068853388	-0.09467871920735207	-0.10607282376128524	-0.034704070745798614	-0.009169057940397254	0.08205095188580923	-0.0002561586359072043	-0.02909041817468674	-0.013375310955250257	0.037349015811724305	0.009444225443893669	0.00999639140563197	-0.00973006271314718	0.01616636214592961	0.17152154697008032	0.19434813132528522	0.06165494135675085	-0.0010651047167734538	0.008959619359628442	-0.0005368726212383596	-0.0035613301751102606	-0.001660131904587398	-0.120644209456952	-0.13767587181944207	-0.016426734936154323	-5.556044513494042e-6	3.955564719773689e-6	-0.10042021631297257	5.269408900710692e-6	9.029121893842171e-8	0.00033063723872512485	9.481619381836776e-10	0.13008856669564375	-1.0429112281145354e-8	0.0073495836258552156	-3.8217745364849835e-6	0.013574116693016142	-4.152308181853026e-8	2.2153109633772276e-11	0.6920075737924676	-5.642569356011501e-13	-0.014926231386151515	-6.190844268760093e-8	-3.236573831343627e-14	-2.6673973010545413e-5	0.0	1.6330771140936946e-13	1.384522525321339e-25
2.0594854767501514e-13	1.816938102712972e-8	4.618782117777035e-12	-2.564656172655706e-13	-5.710482823437183e-5	0.11569811987528886	-2.770841946204884e-11	0.09476449135834215	1.065290838184275e-5	1.2329382818669935e-12	-0.00019587037426556936	-4.431410913041611e-5	-0.08025810880425732	0.0012993139162395635	-3.070096062114798e-7	1.2994237355524227e-5	-0.010102838112018954	-0.22041259693849946	-0.26088688653826697	0.0010027593534016948	0.3955914221796945	-0.2038663636560179	-2.9558173954064803e-5	-4.0038086993529674e-5	-0.0020621265945596147	-0.017733151021846603	0.0965125486258131	-0.0008772584053392436	-0.05866762354281	0.003987402140591031	-0.00834367347051982	0.22720943510301478	0.07640866664713637	0.313503417500336	0.07594662578181964	0.109085839621918	0.03362854144678587	-0.008304827660887696	-0.042748772361744146	0.000854008047600955	0.05584300461803888	-0.002241034254934546	-0.004308690962142	-0.028746059601437998	-0.02915907310149875	-0.2651787637890525	-0.03859612128252016	0.04949435109394833	-0.026391469243781964	-0.02748414268059395	-0.02933433722594016	0.01930743198333847	0.026943471952465114	0.07611956078947	0.11901517924681941	0.04743712993737544	0.020433105206677533	-0.2604048412201785	-0.006308864978756683	-0.19946257069318604	-0.04693364530276517	0.11338819662907937	0.018920898209703427	0.01631194994482772	-0.012970207287892414	0.01224013616704387	-0.04771045053083159	-0.10632923719376128	-0.059181158411997434	0.0013264240800510377	0.051931930747358496	-0.0019387400655902845	-0.010372170411271664	-0.004171325441914709	-0.1638492876167607	-0.137354956450065	-0.014257874465834028	-4.2881209114770945e-6	1.7658578474346327e-6	-0.03633075315824207	8.414248418821811e-7	3.729244383034903e-9	4.106131438148451e-6	-9.052206302575681e-11	-0.0976451495789732	-1.9081253917228953e-9	-0.0012820812537757175	1.1882041191000766e-6	-0.006423024569385046	2.013040121369912e-8	-1.2365008501729996e-11	-0.40149798274885073	3.5571524198774427e-13	0.010312604925604964	4.585152121694169e-8	2.6121115895154073e-14	2.6227311461511575e-5	0.0	-1.9360030812181408e-13	-1.6922839236350124e-25
4.047579767657492e-13	3.526054138301138e-8	8.407405436901735e-12	-4.4384938832939843e-13	-9.676121232386398e-5	0.1960243363650757	-4.437862231248468e-11	0.038514943422030955	1.750462982776736e-5	1.9706952284867583e-12	-0.00027509654129218513	-5.741471387424233e-5	-0.10136102182934238	0.0015205587293679879	-3.5129621903701896e-7	1.4641253849373389e-5	-0.011205855545224167	-0.24442902260157764	-0.25036478059725753	0.000807022544801784	0.29577194535500284	-0.14775085230961463	-1.438258050213824e-5	-1.3324141832155165e-5	0.00021905156513592403	0.007771496910710174	0.19745189669969876	-0.001032234588888032	-0.032764377380750755	0.002042239904519625	-0.0032215584487977214	0.056919241487141725	0.005398725755917923	0.016493043624132384	0.0008335084994737561	-0.004089093446118834	-0.006105587065239427	0.004352680392841534	0.028234407380258918	-0.001101126732574515	-0.11444692094855459	0.014367832453533081	-0.264970492260418	-0.05240703361801154	-0.0233583808060052	0.08592312828441517	0.015897924872525792	-0.03717395288336215	0.022800060399555386	0.05752739631487877	0.15031548604461914	-0.17640917608342208	0.15406943996862926	0.05575686871121591	0.04083122486484469	0.007592383844007154	-0.003687710213969241	0.09149494791602203	0.005325181341399769	0.19886689016104672	0.05620365538002465	-0.14289363070072097	-0.028215474310159704	-0.026714003195039384	0.023433265770738843	-0.029990806336030528	-0.11162247174232691	-0.05841231643833882	0.015624418118918472	-0.0006861918566402518	-0.08536133768466063	0.0034444595851247646	0.019311255329215182	0.008058999674899434	0.3868734258975906	0.36884421541137113	0.040810208247142245	1.298703145718463e-5	-7.185011346950109e-6	0.16795909741507545	-6.901686347829944e-6	-9.772120735180921e-8	-0.00033887230157077686	-7.621328731636541e-10	0.08130613577550563	1.4594643586296833e-8	-0.004524205213152046	1.1609792528358046e-6	0.0013289680636052452	-5.322046026028574e-9	7.177985519513694e-12	0.2660376234843691	-2.962312554039051e-13	-0.010441459990493866	-5.246057825372143e-8	-3.402031345604907e-14	-4.3397346481216234e-5	0.0	3.8434547716351173e-13	3.452200215521908e-25
8.729220715794437e-13	7.509075400869548e-8	1.680299293713164e-11	-8.449727793108227e-13	-0.00018062712418708728	0.36589010414852224	-7.888000592093501e-11	-0.006685816944808951	2.7931053999354444e-5	3.083130204357638e-12	-0.00037964922298320387	-7.159032872612997e-5	-0.122017137823768	0.0016337947264471492	-3.6402962052791006e-7	1.4788534213280452e-5	-0.01101946350099103	-0.24028184195270855	-0.18476651648267814	0.0003538052953558712	0.09196677299665075	-0.037876782889310026	7.405468013518843e-6	1.9959317653464794e-5	0.0023838604458851936	0.02906707831926531	0.1833303254467195	-0.0005627599033661959	0.0164044381978067	-0.0013903307968960723	0.004431139813875868	-0.16200825537086733	-0.07072989291197052	-0.29630647630610984	-0.07509500915398577	-0.11316618962216907	-0.03931305309053884	0.011798415475177996	0.06431824131316345	-0.0015746999880971505	-0.12451358549695497	0.00999496662486709	-0.13165224509094908	0.004843193238774711	0.019379009669309426	0.2911120744963122	0.04316986740365304	-0.05810788438834626	0.031268236260596126	0.03275239481349298	0.032720570982838246	-0.01982275463094304	-0.034936759078075544	-0.08468510833222735	-0.12679257933205304	-0.0490605850036775	-0.0194318527419533	0.23215628033878186	0.003935036816303208	0.10132821416998111	0.01575030315430122	-0.03149251568222633	-0.001021318429405948	0.0015107505593577662	-0.003405234766323697	0.010904772575436868	0.14792161438047105	0.16011182037004887	0.044367520160639586	-0.000665887434826452	0.04311686084619155	-0.0019949297000296682	-0.012043894132433432	-0.005308564891588075	-0.32637352258335567	-0.3514734042687244	-0.04093686585736249	-1.3571927957014302e-5	8.80418409548206e-6	-0.21582594959442225	1.007838793091204e-5	1.5601127216313933e-7	0.0005543048056340155	1.3841410558956364e-9	-0.049293397259178355	-2.4732163644314383e-8	0.009633952342465092	-3.372748983118766e-6	0.0038148481658767134	-9.649261506861023e-9	-2.094344909030751e-12	-0.13815264131130436	2.54916486696767e-13	0.011637122023036843	6.623744188003473e-8	4.817138016713511e-14	7.419374822811484e-5	0.0	-7.5614834377658e-13	-6.939602846726142e-25
1.6595848554101137e-12	1.4077326352361696e-7	2.935495329156318e-11	-1.3989964792372765e-12	-0.000292722729463407	0.5928975797907257	-1.2136331055882491e-10	-0.05179474224770126	3.5665168895035935e-5	3.8549373919784324e-12	-0.0004050291513848178	-6.558589328495362e-5	-0.10545632720546581	0.0011398500722906062	-2.3463663364323354e-7	8.975470783575441e-6	-0.006252592989475003	-0.13621874963260325	-0.022980725118353654	-0.00031864946653380796	-0.17181727553317178	0.09716458924094508	2.3562692058945757e-5	3.740187668359997e-5	0.002565661121952064	0.025882104347231306	0.007266694980315322	0.000416325664636462	0.04899339820963053	-0.003392351133136911	0.007271083242580808	-0.1937995889750619	-0.058535761996957286	-0.23637393118834812	-0.05498596406744399	-0.07481668999138949	-0.01867848031875275	0.001570396925040232	0.0015665963350998435	0.0005438433529243827	0.07716565268065964	-0.011978364506378004	0.23699289995157202	0.0531601230328193	0.025646851325264758	-0.08556973098516917	-0.01645530899437719	0.041177418637462125	-0.025511430119292074	-0.06437355764552924	-0.159414371421118	0.18231010831522743	-0.14175468585745338	-0.017290425343744937	0.0214344209511938	0.01764598743740757	0.014804995081394278	-0.23295947962216892	-0.008262214505139788	-0.2793289397849746	-0.06967699397487148	0.1704095654723616	0.029170401641863825	0.025251939715088233	-0.02003001377893148	0.018297188921905867	-0.0656430447629765	-0.13713968111390953	-0.07102676649030408	0.0015273529443511913	0.024390062486186467	-0.0005665059927354123	-0.0017105115726657016	-0.00021868995286903906	0.12479735764504853	0.2026176480174908	0.026861698726297626	9.75718215967576e-6	-8.413624474538726e-6	0.220938592902111	-1.2073910791937698e-5	-2.0420140572176202e-7	-0.0007411665478758881	-2.0033431632358378e-9	0.022596052485434708	3.79847729817829e-8	-0.016156495125072372	6.199188164589653e-6	-0.009962593476329808	2.7225749877048838e-8	-2.329558934469456e-12	0.05573103892003915	-3.0586632534431e-13	-0.017519940303489082	-1.0897584519330856e-7	-8.565544292136582e-14	-0.0001505893852820972	-3.0271978381918087e-18	1.711460717941163e-12	1.598567942169474e-24
2.078495246933833e-12	1.723636864834017e-7	3.195268131802656e-11	-1.385720060102448e-12	-0.000278897547855032	0.5647894087988135	-1.0495296885588864e-10	-0.06581678540231324	1.9045350681592273e-5	1.940087855528959e-12	-0.00010841097225218	-2.6305816206974407e-6	0.005115836463677154	-0.0004461806625564544	1.239689662948495e-7	-5.718786423748443e-6	0.004780186143140938	0.10437448183648967	0.16424582235647	-0.0006067767084892788	-0.22278194728136447	0.11066181092379497	7.98524989897822e-6	3.225455040757093e-6	-0.000891429265451512	-0.014279777780918724	-0.17947747139640316	0.00077424731811022	0.003332490316330191	8.558517407874446e-5	-0.002050435661821119	0.11192280896789181	0.06108266971207631	0.2595232598978817	0.06769053006919655	0.1048766623747804	0.038491751359405454	-0.011931011719530506	-0.06451112260546142	0.0014482238604558244	0.10236374729438208	-0.005833792383173063	0.04302954219969185	-0.027753270164678667	-0.03139116922584129	-0.24103290104291397	-0.03330705883226711	0.03112205328017254	-0.014094676080780586	0.01845585531707621	0.10509895876353165	-0.14136540612949752	0.1680366122775759	0.1026790311264911	0.10369611825001895	0.029634281195001066	0.002279162321826949	0.046418626429433084	0.007077157261120397	0.2842941795993677	0.08471636788753409	-0.217337369654796	-0.04336006762505653	-0.040758095478177034	0.035170346986500074	-0.04125610179596858	-0.030759764711199112	0.08780989729469924	0.08597881903110892	-0.0021592208310385764	-0.09191043781995843	0.003144422515990461	0.015546750052916272	0.005759804267644297	0.057534558760832855	-0.09679008940591985	-0.019220923827028984	-8.501606072243452e-6	1.1036722776515158e-5	-0.3118554346099359	1.973522260540215e-5	3.589273958258858e-7	0.0013244890707925163	3.793360463424466e-9	-0.011586915038609463	-7.829815013847973e-8	0.03452345403048614	-1.3790966915278743e-5	0.024574772920465695	-6.811961098465672e-8	8.853482418916444e-12	-0.024333362978520512	6.468993292633489e-13	0.0407340830107146	2.632724043699224e-7	2.1486214979486548e-13	0.0004078511129338112	8.348280244828299e-18	-4.991184101894163e-12	-4.721133436437135e-24
2.0768518863474687e-12	1.6553080305776868e-7	2.43306133725368e-11	-8.372124339471262e-13	-0.00015046958940408725	0.3045364806892431	-3.9633496165544475e-11	-0.04160345834086192	-1.021280812717115e-5	-1.28952393279052e-12	0.0002723062066829196	6.255831219940011e-5	0.11122589295733193	-0.0016133196220740025	3.638586614709307e-7	-1.486445499749104e-5	0.011114652747539281	0.24236460940971757	0.17280736446375342	-0.00017474708131525165	-0.002090655651548237	-0.012137876488435962	-1.8193098882733256e-5	-3.534035958960788e-5	-0.003101367238458151	-0.03431560302178887	-0.10588319925938294	-8.109298095287708e-6	-0.04758673386117389	0.003426916527599817	-0.007981924500112559	0.2248801843413872	0.0697790272631959	0.281757242274054	0.06540479431489439	0.08845644073195714	0.02111222911787258	-0.0007927629548669927	0.005133781990353979	-0.0008527531611704028	-0.10457716866444094	0.013892627390413864	-0.2522550197059017	-0.0417339280272259	-0.01154874803029661	0.22199114707439513	0.03577713589285411	-0.06097408742835667	0.03472813450073209	0.050047597410007645	0.07057641848638323	-0.06004522832354847	-0.012786515559292205	-0.08758899574086387	-0.13117429988307616	-0.04969941569697325	-0.017401683965895184	0.17834559381877566	-0.0010342030609869204	-0.10767337931814731	-0.05084341334037947	0.1427583684292046	0.03596489111862697	0.037310659824032165	-0.035068498346804845	0.04934384301092609	0.11995172649772928	-0.019912453312474564	-0.08510344035497694	0.002424925451125107	0.1577115562000222	-0.005753263634369097	-0.02982737356878819	-0.011555027629828643	-0.24763057127162444	0.009653106228475728	0.015814143229099548	9.312161831286244e-6	-1.740050317659814e-5	0.5178796390646707	-3.627741386549804e-5	-6.940008292324746e-7	-0.0025907939749566953	-7.727284008248145e-9	0.008399320828942623	1.7288417334394e-7	-0.07753491916420986	3.171833740686938e-5	-0.059592964767379915	1.6604240953929233e-7	-2.3188030498600582e-11	0.014745228682185516	-1.5889931404676422e-12	-0.1034593450800823	-6.82009995385956e-7	-5.700125903085708e-13	-0.0011471102209482317	-2.383499501977365e-17	1.495354002577081e-11	1.4303192212842658e-23
3.3585489861895168e-12	2.5757634883158994e-7	2.8884069790344497e-11	-6.520665685664973e-13	-8.363605564954798e-5	0.16890982358128342	1.1645749175627034e-11	-0.027346881848296367	-4.107100370704742e-5	-4.702995678426695e-12	0.0006651461903871018	0.00012594418287245336	0.21155742436858696	-0.002589155334244086	5.537671054183085e-7	-2.178079275691754e-5	0.0156417571380869	0.3409057518990824	0.13513797196351796	0.00032134394393278613	0.2194350563228148	-0.12994414966831708	-3.514209757075934e-5	-5.4801227193598474e-5	-0.003516275519387695	-0.034134454512448155	0.03444649436015213	-0.0007851746328386358	-0.06245270596387196	0.0041094158045517646	-0.007263988806144526	0.13498624110808985	0.008998354054646551	0.020862774808570513	-0.003974480488985969	-0.020815030879816645	-0.01983932221680547	0.011332409104349175	0.06818895172441884	-0.001965810067895681	-0.1601401375851369	0.012670743299367895	-0.16047246468879256	0.010702653922977517	0.027104839369012767	0.29747966196855	0.041898918573743	-0.042351270172302814	0.019871619436725836	-0.016252106279008232	-0.106864609155113	0.14404485847207457	-0.16676529829209372	-0.08505890519609813	-0.07247376794987846	-0.016644251995445693	0.003272944026178636	-0.1099613009891838	-0.006566965008458595	-0.22604152181448336	-0.05408968211214312	0.12873175269486226	0.018834391310152906	0.014091717414629956	-0.008996732856171738	0.0008297501571437549	-0.08263225791762177	-0.06852895667164605	-0.001245303284783608	-0.00029033523921799596	-0.09119783391005677	0.003699505815639159	0.020494329436613234	0.008381887072604085	0.268021669609528	0.08353789299521293	-0.0029191763800108395	-4.747429423791108e-6	1.538888169575272e-5	-0.4902590013726407	3.9387528242137424e-5	8.085212544536398e-7	0.0030679319296847527	9.690068760960996e-9	-0.003991900701432721	-2.4549525057078755e-7	0.11229563709766621	-4.73995726075072e-5	0.09521320659161739	-2.6677576064331886e-7	3.895902557885372e-11	-0.006278025391410611	2.704095974414843e-12	0.18167406095823724	1.2263583627831906e-6	1.0570148037245765e-12	0.0023010908101640955	4.879445825934055e-17	-3.267118579094976e-11	-3.1722636956425246e-23
6.9575111732480636e-12	5.220372967096054e-7	4.997233592807046e-11	-7.968977861583426e-13	-5.7063441672478734e-5	0.11457388891941632	6.788941304492722e-11	-0.021605014358676733	-8.132230050537843e-5	-9.12579640848638e-12	0.0011355111960827298	0.00019477246193858277	0.31613730052663347	-0.0034444838336034423	7.074978740900306e-7	-2.6999471085452362e-5	0.018752087054232543	0.40851557411572165	0.0710498642408932	0.0007227797001952269	0.3691869326919085	-0.20365299866393707	-3.6794965307496826e-5	-4.858420128812108e-5	-0.0021493033572461953	-0.01630190847809178	0.15554679066291735	-0.0011064764980828249	-0.03450122313693069	0.001899573269875925	-0.0010179689574482086	-0.06694728458254415	-0.06009353875169877	-0.25949316259750194	-0.06956295322701056	-0.10973670889012306	-0.04006917108717129	0.010166006254649682	0.04862856582937134	-0.00048201878696029247	0.004567974684669694	-0.006744271210124196	0.16598397439649903	0.046877512309039346	0.023561216612658125	-0.12492080569659102	-0.02269697240227912	0.050123772674592844	-0.02999109842438994	-0.05193393719566119	-0.07560084743342738	0.06399356115131316	0.017354518477411502	0.09857298562141226	0.1432040405576666	0.052850797244549726	0.016593196903690304	-0.1470885191950759	0.0038007661571762964	0.2136819448692345	0.07952924832687595	-0.21338500047445572	-0.04745197695776353	-0.04636709245555211	0.0411351978677029	-0.04996386900256864	-0.04779067279929026	0.08133161298353893	0.08625362599893523	-0.002152555306367148	-0.0583972659419261	0.0016189220601976165	0.006539914577077077	0.0019005875033159926	-0.08542676655388748	-0.11831989571165676	-0.011937521922364644	-2.8996543981309936e-6	-4.861586202815072e-6	0.2061392720415532	-2.5076760027833497e-5	-6.078528601853068e-7	-0.0023895682157453924	-8.48301382467624e-9	-0.0012828135602413002	2.692178510767039e-7	-0.1270174627079599	5.630980828903087e-5	-0.1249367385499422	3.5280773305803857e-7	-5.433705807324717e-11	-0.002164156372027119	-3.918832071378161e-12	-0.2740014043718477	-1.908234216760496e-6	-1.7123777537784091e-12	-0.004121240687454375	-8.963143951588024e-17	6.497950013288681e-11	6.423927447530848e-23
1.0965819008244577e-11	8.064665827876068e-7	6.812868381210732e-11	-8.42055447243093e-13	-2.1945989116947236e-5	0.04306812573821324	1.1022666178441921e-10	-0.00895460415004847	-8.88477829821083e-5	-9.747601993096472e-12	0.001021574206459765	0.00014909162309443853	0.22754342838588307	-0.0019655952466426695	3.6848803724643265e-7	-1.3073686365710468e-5	0.008329006761287732	0.18123521007064552	-0.05176944724773281	0.0004551486012574064	0.16518028878910337	-0.07972030519547407	7.899604970479531e-7	1.1060352113975246e-5	0.0016633123993240744	0.020249123336031398	0.09164522169956058	-8.718649209687719e-5	0.03887882036608496	-0.002846119726156459	0.006645217487251309	-0.17106195403959995	-0.035754228169478264	-0.1340128466525831	-0.024900359146946237	-0.02211681254843865	0.006840941167027735	-0.009339940884364083	-0.06053934636709941	0.0019427366847662574	0.16010992207797994	-0.01221912815548576	0.1449498781137551	-0.017759384044209417	-0.031532928216911164	-0.2594018080061212	-0.034659916202087415	0.023558513295126184	-0.008092821449582396	0.04300108127415507	0.1510236951539032	-0.18267871072210126	0.1553370541355746	0.010117901901942686	-0.041675982003699	-0.026717853042055192	-0.017844201340659973	0.244603240573341	0.0025670006850145185	-0.009030713293965363	-0.038280637764225134	0.12301117328284461	0.04005468028077563	0.04497081595089542	-0.04470311382816338	0.06803891386466411	0.15452876495832735	-0.05569502296649693	-0.13285700538712392	0.003668228448989094	0.1916483413000811	-0.006530456533586022	-0.032053059738493726	-0.011770533675733885	-0.10795105302766247	0.14504827455673378	0.026306091712946268	1.0494131717450154e-5	-5.287673506143655e-6	0.055730994343959506	1.5501254796358724e-5	5.538541543007227e-7	0.0023193173340175254	9.854817154258435e-9	0.007088435177261261	-4.0923795096465364e-7	0.19923723204146476	-9.271475724445828e-5	0.2257734475343706	-6.420631314016419e-7	1.0346049873436871e-10	0.011980816984984204	7.751232118635732e-12	0.5605426269261311	4.008439696629132e-6	3.721211903484405e-12	0.009735514526784889	2.162027790784258e-16	-1.6731729110280717e-10	-1.6787119188470943e-22
2.9425957689135743e-11	2.137136024356159e-6	1.6806616526974132e-10	-1.842092161164659e-12	-1.1173664270262975e-5	0.019333734124439773	2.687674688924864e-10	-0.004715228676320191	-0.00017248398708913628	-1.858226778382527e-11	0.0016681901850728008	0.0002034737261894585	0.286402041280484	-0.0016294934049083014	2.36792399178145e-7	-6.338361759541299e-6	0.002381613012554243	0.05131531480998262	-0.19697611532583745	0.00033925366479801967	0.010868658044651702	0.02120661847287302	3.8527090074282084e-5	7.246763363042792e-5	0.005677497632580332	0.05904424405708264	0.03413115989705096	0.0009279642019575598	0.1100171005976197	-0.007375806353414646	0.013424004100666067	-0.2406101992428667	-0.0008423938409881517	0.032327246867380505	0.02787596087066714	0.07323758019911121	0.05090153787106792	-0.023756144537665877	-0.13437466465107747	0.0030210418696984794	0.1959614223080166	-0.007822153218357376	0.002961535162260322	-0.06656427639446941	-0.0573368671485665	-0.12261258453306678	-0.009887563518026592	-0.029294845328382134	0.022980127055606873	0.08392696562632142	0.17753498158162007	-0.18371173333553506	0.07593252756424666	-0.09352613685449511	-0.16245627248328107	-0.06456925493945398	-0.023390346751294172	0.23115439121659054	-0.00327028797095441	-0.21511746270078264	-0.08326541610895702	0.22314023954287326	0.04817449547660535	0.045704227016807646	-0.03906165689180986	0.041846391480998626	0.009878329513886447	-0.06638789223119712	-0.04697032172332983	0.001014725410579015	-0.029964222056440882	0.0015783964631003017	0.009754262088174611	0.004265806529492422	0.1517856800063621	0.02072118278176034	-0.006477973553998959	-4.68544882744749e-6	9.190587786906157e-6	-0.25344770847943326	1.066419229657425e-5	6.38415186862458e-8	8.086507733292383e-5	-1.8146756401868613e-9	-0.006902902463645727	2.1078550389032071e-7	-0.1107949958990726	5.765635960034274e-5	-0.1708559541324314	4.927602422582798e-7	-8.657362036420132e-11	-0.014322020105347024	-7.001937063676489e-12	-0.5386414697520662	-4.041112744614792e-6	-3.986069006767526e-12	-0.012054937007773188	-2.773637241582777e-16	2.3931268258469366e-10	2.45982404890143e-22
8.287845373024013e-11	5.965224207244368e-6	4.481135021712885e-10	-4.6938998872006866e-12	-1.1358105578912173e-5	0.014555548890546279	6.760504197196428e-10	-0.004297855021675947	-0.00038167302368789715	-4.068133120932776e-11	0.003342010076529737	0.00036822383982523555	0.4939856259416451	-0.0020310030291570253	2.0783529781027016e-7	-2.2731554481134104e-6	-0.0025925829486699225	-0.05764364160718303	-0.4020067398696229	0.0002927854657727638	-0.14157224318193562	0.12552340670680665	7.872767841974179e-5	0.00013609546194349548	0.009648839857147986	0.0967820191166667	-0.02539778322717257	0.0018677130171934075	0.16064907816543952	-0.01039620587177225	0.016688119886493064	-0.23056427576521651	0.034426979090678926	0.18464940014570674	0.06798044236155219	0.13355197579191416	0.06720704217688102	-0.022168414402213184	-0.11248658640959866	0.0016166532131141613	0.060095180334012725	0.003901297160809229	-0.14187932099470116	-0.047460009598721195	-0.02250084796227619	0.1581832451507613	0.026637246886961556	-0.045687962863881965	0.025042689742453553	0.008636958396942966	-0.05405002459727057	0.08593307034139981	-0.11951100104078682	-0.044729324844975014	-0.012457469974300873	0.006709869179548388	0.011945512263294133	-0.1949163984988308	-0.0028218255546465986	0.002528179012212298	0.04087287950009141	-0.13404054998305595	-0.045387278137397534	-0.05152807404525283	0.051543450449164245	-0.07841841254032501	-0.15822398471529658	0.08205400914920437	0.15279181010589876	-0.00411360849012259	-0.17397567600035416	0.0055544822928015065	0.02583879685134082	0.008986601500622981	-0.004893201235994699	-0.16165842112160014	-0.020937286554389742	-6.504348209768755e-6	-3.4197515322828194e-6	0.19204021895790313	-2.678929698327915e-5	-6.247795405667427e-7	-0.0024102222357351532	-7.724984318388063e-9	0.0017716501819011227	1.3486865580322944e-7	-0.05272788638853376	1.4420620628277175e-5	0.020064734115737164	-7.031357898430711e-8	2.5595431016961235e-11	0.009570664631618916	3.0152207577700005e-12	0.28968941813006	2.509620032886685e-6	2.895954957338551e-12	0.011846383783145939	2.903160277942216e-16	-2.9871669010101475e-10	-3.1836374606540256e-22
1.373802785756853e-10	9.746048585327818e-6	6.811784512924083e-10	-6.741872671703921e-12	-9.317303242517545e-6	0.006924008257989491	9.136357625860587e-10	-0.0023077255026329835	-0.0004196453854371047	-4.395774993132133e-11	0.0031418119457374562	0.00029948827231811656	0.3769130413964422	-0.000962386971357691	2.4533623573027254e-8	3.5088335330075726e-6	-0.005575997832769714	-0.12233044290238697	-0.25616848718461405	-3.822914079680079e-5	-0.15182028152134325	0.10222608550047116	3.1338662570162666e-5	4.3776490151969145e-5	0.0021954601704381443	0.01892209899001798	-0.053546781444493534	0.0004583263481944186	-0.007667123810578654	0.0009419269492956177	-0.0040507061030993175	0.1270126921402344	0.014580931111104452	0.039661753008918776	-0.002796934369450929	-0.02715521791550581	-0.03220288952697776	0.020434890424237493	0.12187371373221981	-0.0030183029168549527	-0.1991337658564534	0.007380772976152271	0.01685795577952327	0.07590011209287732	0.06260462501485417	0.06709185345902319	0.00016189623830026724	0.048534093782733816	-0.033971792964941926	-0.08877430069868301	-0.14346820459498372	0.12786480271045694	0.008285791834654372	0.1295973427459009	0.17296149055404084	0.0587542363271465	0.01234886507877672	-0.043731678810205205	0.006370300418777708	0.21221946819334195	0.033905793210182375	-0.058815472210653585	0.010247946773437065	0.022311637186770494	-0.030605586386003213	0.06986403501983769	0.23546039392426688	-0.06272822100475521	-0.19763684123428477	0.0056304884848410956	0.3372570194874846	-0.011547792393276536	-0.05661516948813099	-0.020703387289890872	-0.14239097871264858	0.299056550738806	0.04846317385246144	1.7876473032448087e-5	-1.927262010338222e-6	-0.16022769072748388	4.921001358166369e-5	1.3653200918076186e-6	0.005464238025829697	1.9969753119862567e-8	0.002544579809838929	-5.450111911415006e-7	0.24255415296721372	-9.420469796545248e-5	0.11837930078589502	-3.0838457275642687e-7	1.8305165033458793e-11	-0.01133965657165195	-1.181807602357182e-12	-0.2594471288661524	-2.959327067089972e-6	-4.228534795373789e-12	-0.023090922110231192	-5.943667778358526e-16	6.938455383965632e-10	7.578857948300304e-22
3.0694209904097944e-10	2.148885790009326e-5	1.4047077640369445e-9	-1.3196449207052656e-11	-1.3136631395329872e-5	0.0036465333453819426	1.6755154706908111e-9	-0.0013766768228107027	-0.0006155189666595315	-6.315492174090032e-11	0.0037714366528880045	0.000287889640170321	0.3230300423750962	9.003020304202633e-6	-1.5675043265022156e-7	9.535128768099032e-6	-0.008877203284321376	-0.19397004871556678	-0.09805326496032493	-0.00036362438502619376	-0.13481420824637336	0.059323055376561636	-2.506636577924839e-5	-6.259452429699081e-5	-0.006046491939557858	-0.06593038409263388	-0.05970569166853786	-0.0011494662483984071	-0.17185819040526898	0.011756099882676698	-0.022304598260717987	0.3979113207794343	-0.01658092174741752	-0.136470811927765	-0.07131937637009657	-0.16532140952566549	-0.10272981415967368	0.04208604358233931	0.2265604998830993	-0.004111468797951319	-0.21384227818664392	0.001351830412436866	0.1534299801385419	0.0951373199780922	0.0594848056761709	-0.12638987920532554	-0.026562814635553312	0.06528443384305559	-0.038154137317078715	-0.03204109746170078	0.02613315058936224	-0.0635593564865036	0.12050676439748792	0.0471184646154725	0.00927177932743142	-0.009163946114872307	-0.013173635723586711	0.20089391587822653	0.0010781732589996073	-0.07073748287356435	-0.05385097868822887	0.1576293833903602	0.040649339975227045	0.0404813886303274	-0.035421850832296285	0.03652268473442594	-0.012652082028233532	-0.035090507799967134	0.0005842361083047402	-0.0003375961936910985	-0.14352797287997276	0.0056465282571572075	0.030137691389799864	0.011804832449519758	0.1608229655455826	-0.18322535810244278	-0.03626939946881556	-1.5003972142078644e-5	5.923391359115275e-6	0.020940835483249116	-4.260354406011127e-5	-1.3721339352119125e-6	-0.005653858466798362	-2.2735049133131352e-8	-0.0059324644577598605	7.661922045980752e-7	-0.35330372309842006	0.00014662999785016833	-0.23202279440642667	6.245803741947854e-7	-5.931984968021022e-11	0.011480461546095149	-7.824596700018802e-13	0.21107260067455547	3.3041968787371626e-6	5.610632599906154e-12	0.03761281277873998	1.004111934859719e-15	-1.2964496888332287e-9	-1.4462545441876315e-21
6.367050837143164e-10	4.4004935346381356e-5	2.696329605659954e-9	-2.4111614274762237e-11	-2.1072303042219903e-5	0.0015112735090144886	2.8701004567488756e-9	-0.000642941114103817	-0.0008487361491802541	-8.529386264027617e-11	0.004206905929593754	0.00024035633704549744	0.22135391838620472	0.0009784611716485675	-3.0145458387644393e-7	1.3216003418389898e-5	-0.009882672698167547	-0.21541668148881093	0.09570708838357728	-0.0005208090007589141	-0.05105912768239471	-0.013679935596461586	-6.634888020193746e-5	-0.00012911798600021633	-0.010208355461171796	-0.1056108190971514	-0.022501942826554464	-0.0018968889554372668	-0.18934561854200016	0.012320520831790558	-0.019836184196047213	0.27167802564649945	-0.02964185296997111	-0.16236728073921913	-0.05983435794619692	-0.11408170097255052	-0.048695792878281526	0.007303367574797519	0.018683987803298226	0.0009175089247433359	0.10151976452839384	-0.006845274442717582	0.039845572924671675	-0.046164395075841407	-0.04623728986585866	-0.08709625142012926	-0.003990924449822732	-0.04277834121120132	0.03128772074018861	0.09043936279222987	0.1403056469591001	-0.11892686894565876	-0.03183590597904843	-0.1435994320093094	-0.17605846298332278	-0.05547930422742225	-0.006881078972257968	-0.04713044590308284	-0.007005688124001658	-0.16715883281201901	0.003702235685555271	-0.054152458883074954	-0.04187042415652319	-0.05513036694892279	0.06044340802037241	-0.10329244680386748	-0.22228561243725461	0.10007452400889799	0.19699905828043832	-0.005257054165511891	-0.15683773599953849	0.004288769640928364	0.01730592234977337	0.005122712616503888	-0.08447950821886399	-0.029927410277405614	0.005796517439266273	4.911055727714872e-6	-7.637051414052201e-6	0.12578330688583453	2.4312603917509097e-5	1.0746087047981594e-6	0.0046640570485564446	2.1883456566008397e-8	0.009028296254711422	-9.635382071680945e-7	0.460374061085171	-0.00020274809725031763	0.37028442065734135	-1.0113076818316851e-6	1.0970394401760463e-10	-0.013596128937064429	2.907036628015879e-12	-0.21456175135782615	-4.574826125385796e-6	-8.829165099428161e-12	-0.0693438958292952	-1.9093158249639802e-15	2.6958844784021266e-9	3.0659333296722304e-21
1.7373838692076498e-9	0.00011889591452241566	6.935804274720328e-9	-5.978645161365926e-11	-5.012688128445661e-5	0.0008904552000191497	6.783001081728703e-9	-0.00044425372068329454	-0.0017181092771115087	-1.7016160543316654e-10	0.007323783950630529	0.0003283941336125189	0.2394104643935915	0.0024119899605514156	-5.834710388468601e-7	2.27500650333169e-5	-0.015140190107069315	-0.3295132762108668	0.32060429568083154	-0.0007958363683052328	0.022803521046632767	-0.08916545892868057	-0.00011330847687912833	-0.00020238980711928024	-0.01451392243204756	-0.14568364749185264	0.015543611243509753	-0.002531196362714172	-0.17563479499432608	0.010630242402490836	-0.012603184013202184	0.06144781885583909	-0.030762794019516086	-0.1213679395222165	-0.02244367821174182	-0.01072722311290944	0.030837637336070294	-0.032241486805384655	-0.20209827937034344	0.005212316750038608	0.3301168994776208	-0.008778895725803636	-0.1112559993002785	-0.14136721668442861	-0.10405823042611326	0.052607296966940394	0.02323832243124777	-0.09852437548182064	0.061908126937764416	0.08964162655689815	0.053538855269812106	-0.0016410752022609477	-0.13621579297177258	-0.10336569393465846	-0.07174467272142263	-0.009226984859759334	0.011289541845029687	-0.21204375585310264	-0.0017755501564197917	0.062070133465979734	0.0538157736697968	-0.15612368215405079	-0.036919931549802575	-0.033763839439686534	0.02614419585420823	-0.013135732407304864	0.09099668936152669	-0.002479663471674935	-0.07993341352138673	0.002531331573023581	0.23263832483943372	-0.008205678316228504	-0.04078877106799876	-0.015037225780279821	-0.09984383878487785	0.20656811238876588	0.03159070944674927	1.0928270889873995e-5	1.1470318971395745e-6	-0.1411871290341255	1.7394380107179103e-5	2.0152286030491115e-7	0.0005115858251309677	-2.475747949186143e-9	-0.005460408303234262	4.6716414437646597e-7	-0.2455154458614864	0.00012430661394892027	-0.29275876271607487	8.155855858701536e-7	-1.0184447808356823e-10	0.008684722821040733	-3.6246545047519823e-12	0.12296823942980664	3.975786688501403e-6	8.855514573118215e-12	0.08503381171295309	2.4413757477368778e-15	-3.8951823873881945e-9	-4.547899655910552e-21
3.662815789085435e-9	0.0002477805616705508	1.3652775254547134e-8	-1.128470550306736e-10	-9.252182366765542e-5	0.0005065127511207689	1.2127355679229307e-8	-0.00028826311456499305	-0.002610597099994303	-2.5492106788557353e-10	0.009717826190694272	0.00035993581284307077	0.2107414827744747	0.0032140755619971314	-7.017768848383668e-7	2.5613958768812257e-5	-0.01576743128038967	-0.34278435836281534	0.41381496067903917	-0.000665137594509605	0.08429902145853178	-0.11519918168211706	-8.655914601962845e-5	-0.00013726452289868679	-0.008340399371439449	-0.07906298839603927	0.04156633748263801	-0.0011514012801692058	-0.003703635145286696	-0.0008301136490834732	0.0069340069013304785	-0.21301120118531744	0.003151646726032469	0.058971831305228824	0.041184468142719095	0.10542375244552125	0.07152407163351503	-0.027030899525291863	-0.1345229926465434	0.0014996662032662107	0.03358390516235294	0.003782212872039726	-0.07570962706478485	0.00865412877355534	0.022518778562746727	0.09293875330577644	0.006243494084747146	0.03874399467100893	-0.029855687402111482	-0.09933028748884859	-0.14931268259551417	0.11923512844026915	0.06488760606485444	0.17919695580310938	0.20341025214157388	0.05921243088411747	0.0016622427201396907	0.15304749429576386	0.008135888440533777	0.12468866719716327	-0.04382667308411235	0.17341292243671716	0.07233490181496964	0.08409731364754434	-0.08370057640716475	0.11593551824422273	0.12323299916357452	-0.09731837410275379	-0.10596534831590923	0.0023374838555120553	-0.1465805063587587	0.00664767039267193	0.03782166464547647	0.015434260416281277	0.23004195854791198	-0.2832419848961935	-0.05454840611305508	-2.202454152438482e-5	5.730816265243032e-6	0.1131137029391016	-5.5152074675478484e-5	-1.4424719017102583e-6	-0.005604664767493738	-1.72089278441725e-8	0.0018815282315804926	2.168477063523794e-8	0.03969247363094499	-5.486505585480019e-5	0.2601185144967893	-7.504736249883101e-7	1.148798158167762e-10	-0.005677320323553172	5.256032228090492e-12	-0.0673959887518004	-4.678393493387631e-6	-1.2198518553529505e-11	-0.14364470698611542	-4.2933564926947424e-15	7.67247456056923e-9	9.173204519034022e-21
7.154371967505649e-9	0.0004775093136632432	2.4603034370403908e-8	-1.9340417714017023e-10	-0.00015517867541092956	0.0002334361454005113	1.9459378456670128e-8	-0.00014638963976752457	-0.0034151538154813398	-3.275023704334614e-10	0.010694688911102703	0.00031258910951011706	0.13100877554851567	0.003023238745182517	-5.900988934099917e-7	1.9760672019000896e-5	-0.010829356365906888	-0.23501173776474907	0.31754773218817767	-0.00016399246801902884	0.0961026958449134	-0.07191259362889005	5.783029908036231e-7	2.819433853451576e-5	0.004248046447406747	0.049187280886174564	0.0334786490790102	0.0011988496204780018	0.171738513076649	-0.011488397972809867	0.019374849807128714	-0.25477811423937263	0.03332815851177922	0.16882737120317043	0.05472522219320606	0.09084555252240732	0.018738367077688927	0.016976272961579265	0.1313330496126763	-0.00458754530059251	-0.31795535656337104	0.009920276815471443	0.09041918074830177	0.14325557593481983	0.1081296041342574	-0.0466663883965389	-0.02292741226887772	0.09828461837596929	-0.06119146056665122	-0.07510772512420888	-0.021381448115991162	-0.026376305863975973	0.117412783057331	0.033206456141938505	-0.015390960106296935	-0.01752068319785422	-0.012136301065496909	0.12838163451366205	-0.003786722612958359	-0.15326301328232353	-0.01907328627388317	0.015482254722810599	-0.026176778631203143	-0.04234961510688996	0.0522588747263764	-0.10391630674633359	-0.23094819145621726	0.11523638453406196	0.20560887078381185	-0.0053375025929122705	-0.03455167412803752	-0.0009676096556767457	-0.012111417580110133	-0.006790030613618896	-0.2463778476115602	0.23619425532408378	0.055161490709718125	2.45999328809282e-5	-1.0941117113298603e-5	-0.055539696669065206	8.298746699496166e-5	2.4995817220699706e-6	0.010057397913579404	3.5779563333829717e-8	0.0016124518663456614	-5.119051191000632e-7	0.16279876449873648	-8.018100505853264e-6	-0.2796202441014816	8.409188683135009e-7	-1.5689930507006455e-10	0.004182196469264951	-8.460181135400196e-12	0.034742914109596824	7.133195826405286e-6	2.0685220430598712e-11	0.28153137146701634	8.66889602993431e-15	-1.6889379890327632e-8	-2.057107365430767e-20
1.5980464997476058e-8	0.0010534556501565697	5.1007129734875044e-8	-3.8260050804509485e-10	-0.0003011750557348709	8.570073088103722e-5	3.617002076221181e-8	-5.824590071403958e-5	-0.005190901440186218	-4.886033102806992e-10	0.013513458471872965	0.0002961530352002474	0.061200538450508435	0.0028600037802233576	-4.727222156050952e-7	1.346731503239739e-5	-0.005513299315641475	-0.11899965115346693	0.17688052455067055	0.00037632843500089	0.08182297598057385	-0.008225568187834861	8.749623269010251e-5	0.0001820120042620999	0.014920286576525499	0.154740529660477	0.008565708251812276	0.00291995824146328	0.2389982580225273	-0.014700363546817734	0.01814958391571004	-0.09926155114904521	0.03457700164258732	0.13059440695423233	0.019116564843016885	-0.007490068325397781	-0.05257589808927233	0.042017405359651476	0.24538186334404047	-0.004869981123120102	-0.2498518713914795	0.0023667248286609395	0.12935347229530805	0.06816847394125972	0.03142257592131289	-0.11076447948487299	-0.014677497496910542	-0.008091867491409256	0.011862036159510916	0.08643125980055112	0.14711702752597353	-0.12142656146016689	-0.061567037791291745	-0.18163633411941893	-0.20171240514523572	-0.056870536227848524	0.0006600190468150001	-0.18239326003646403	-0.006751417479423624	-0.06134424672542303	0.05288010282855376	-0.1810450727823558	-0.05782703624375167	-0.059237888352893696	0.05137064659049105	-0.04406998871785366	0.06559174480817712	0.0004531762142681238	-0.07249203630150343	0.0023725951635141626	0.18228362852117833	-0.005620198673772593	-0.024733885548298817	-0.007991376306961973	0.06240308404964841	-0.0108518445451901	-0.015634201420382257	-9.833837490757237e-6	9.487858462702479e-6	-0.03418423745343956	-6.949781108826646e-5	-2.4431112893351004e-6	-0.010162201458929121	-4.0653943962052186e-8	-0.004666335142067021	8.716842593011068e-7	-0.3271754576904203	6.930948483750633e-5	0.2662373485996441	-8.382066312031436e-7	1.886011719482604e-10	-0.002470905827125516	1.1505044781303128e-11	-0.0028544639988893066	-9.990809935507625e-6	-3.13150454930893e-11	-0.4852481126087344	-1.5382635974101133e-14	3.2708654294534407e-8	4.061371708425512e-20
4.573350090114314e-8	0.002987252074362796	1.3821309543908335e-7	-1.0024599112161874e-9	-0.0007787516001281819	3.2308073868835544e-5	9.070938630212348e-8	-2.432513511562626e-5	-0.011369969087179618	-1.0572906124684757e-9	0.026279835599063626	0.0004760028867657021	0.030539463501364526	0.004335635465898745	-6.17348267805794e-7	1.4468255059808966e-5	-0.003113756505341444	-0.06591932087892265	0.11122449342812556	0.0010389605907039257	0.09147549176347813	0.05315652266107909	0.0001905403685016371	0.00036331501049195736	0.027275839037253342	0.2761483072757607	-0.01582187200939318	0.004755270295299025	0.29047802975209563	-0.016673672910501383	0.014356998152231615	0.07714309910393412	0.025312183189235678	0.0514514796815002	-0.022881096063640326	-0.10314367266202559	-0.10155046805114898	0.04380992631133402	0.21416572925400743	-0.0017364463265324309	0.007118871111593652	-0.007118701943383412	0.05926595815278772	-0.06825919692587774	-0.07473501075792964	-0.05810371346693478	0.009251560079694368	-0.10537123879806155	0.07136854887469761	0.13869001745764836	0.11944809512721521	-0.05218461993986355	-0.15387160031844146	-0.12228794009661362	-0.07610277830532963	-0.006947016002037209	0.012382191984518889	-0.18954126329499374	0.0024479994636341113	0.14402491853341617	0.023792000432430925	-0.028325316786244042	0.025617411897830678	0.0437183128199941	-0.055071413213869234	0.10954279266559602	0.21430711575934647	-0.11536176869456881	-0.18356793574407032	0.004581711625750364	-0.05101695406108624	0.0037662790627933374	0.024891795187933642	0.011043434134614123	0.20749584735511972	-0.2288015907744692	-0.04408603466042902	-1.7409824793963395e-5	3.0940695115268848e-6	0.08484366969682608	-1.778927598239529e-5	-7.945103293737688e-8	0.00014330582026572883	7.04143431700312e-9	0.0038152609297338945	-5.178025510744784e-7	0.23045951088967107	-7.775779454412054e-5	-0.07141257156928577	2.6997295494654185e-7	-1.0154858308676475e-10	-0.0007614423883394776	-7.84560489341939e-12	-0.030580796100674643	7.778791195101494e-6	2.7530769615364453e-11	0.5287984851900596	1.7571163253108442e-14	-4.286994439090999e-8	-5.482178128519493e-20
1.364900968372223e-7	0.008844230299666642	3.9353957727337725e-7	-2.7751283276313616e-9	-0.002132668492021469	1.526842930025924e-5	2.4232756063365975e-7	-1.3641962404171422e-5	-0.02747088075303941	-2.533710612769173e-9	0.05903164318766076	0.0009829356805810484	0.020156998332466005	0.008401327871730358	-1.1191731906853906e-6	2.3658069051572355e-5	-0.0024372282432477696	-0.049305509420997755	0.09544570963895974	0.0020645758604873623	0.1301117769225936	0.130728775307637	0.0003333439616871124	0.0006083317724988167	0.04337308525137694	0.4325767187621436	-0.04156526658568405	0.0068924028468130725	0.32985472547166	-0.017648215377066775	0.008883294576516636	0.23919331519025205	0.008967401526968715	-0.042555794296355656	-0.057788968332285154	-0.1643764836802332	-0.10984957487954333	0.022429201689889267	0.061381407726075886	0.002572792253879003	0.25888174998554986	-0.010966788425389371	-0.0593284584384532	-0.14492741673761542	-0.11266830593597729	0.054389863971507024	0.023523060334580844	-0.08675595685766092	0.05110743332575595	0.01897307228842607	-0.06458451162580355	0.08639281086770044	-0.033300989956818954	0.11868273607872909	0.16533950118156926	0.05371246109048434	0.004254604914830612	0.1142196681705067	0.007296457524425604	0.0865419426113402	-0.05017748338299944	0.17834572988218378	0.05869886109218582	0.059292724405494476	-0.04969699860133208	0.03275288307725168	-0.11474253550975012	0.028654811776757057	0.12383358033409962	-0.0037204931103550303	-0.15957769975281175	0.003836463049563178	0.012478263063688778	0.0023825290404505773	-0.18663474321845894	0.1611461979387464	0.04579136802776863	2.2139110977607e-5	-1.197147620452738e-5	-0.0364801036888011	8.575318191668712e-5	2.5198796029274334e-6	0.010021843530716477	3.340869200712211e-8	0.0003214986915176886	-2.7262516039757486e-7	0.055781649815244035	2.502771859090098e-5	-0.17381974380563592	4.869825174865702e-7	-5.191866503311995e-11	0.0035065082597670627	-5.767973589892288e-13	0.04669965031061421	-1.4300966585580596e-6	-1.0403635748285907e-11	-0.38492655140878995	-1.4162641018332335e-14	4.4571250824945335e-8	5.981870506823871e-20
3.065499771621055e-7	0.01965781867839209	8.312766512906683e-7	-5.6498184132612266e-9	-0.004280878023169448	3.913608761458868e-6	4.708470042005911e-7	-5.720165965092416e-6	-0.0468617701819991	-4.277874061331533e-9	0.09223278585424932	0.0014252613593484682	0.00798337609563941	0.01116074273877174	-1.425957878410084e-6	2.8426555449066518e-5	-0.0012744290312654743	-0.022846652270616063	0.050609817676368234	0.002257130219968723	0.11201591478623085	0.14969553492510618	0.000294739518169914	0.0005020334090571148	0.03276579107422822	0.3181881427025254	-0.03957709697467932	0.0042778931095768065	0.10714875792185719	-0.004278739558156187	-0.00431858715372539	0.176653203107189	-0.016636933803803867	-0.09222955339125984	-0.031282935376645664	-0.04699935819671472	0.008553786659906326	-0.02770179538194496	-0.1724576548350275	0.0032030710550075042	0.12635250463703032	0.002126392315696971	-0.08469798829044412	0.01439720957618301	0.03707632914518121	0.06992630645402459	-0.004470681417494906	0.09259585990431621	-0.06475318262105001	-0.13855481890186608	-0.115448710891439	0.04514091451370997	0.15841163746371667	0.09403248696656673	0.03064613690580439	-0.009074289661400758	-0.01389667367847979	0.14463045310690323	-0.006316774425401405	-0.19403922743998844	0.008285460272292404	-0.08895050369896244	-0.06781256526433592	-0.0882838687269314	0.09399728838961077	-0.13758534575855108	-0.10160458170323929	0.0865581584462922	0.05570227377495061	-0.0006861152942737877	0.24218145368129687	-0.008471626060746773	-0.040430096622121346	-0.014047239491407452	0.04475824855447608	0.0016257462400011663	-0.021712781865053862	-1.4906062930409911e-5	1.5528474365302817e-5	-0.026995323280987936	-0.00012513102508605094	-4.252493917585677e-6	-0.01750417508187821	-6.656967896913647e-8	-0.004423432975737708	1.0384619027064852e-6	-0.33814564801601027	2.8550991929397266e-5	0.4272233172156554	-1.2701541902532146e-6	2.105183343719498e-10	-0.006647554165669002	9.08328911299412e-12	-0.07153371551974588	-4.602425564906137e-6	-3.93302410227812e-12	0.39442595062134	1.6905485150443303e-14	-7.103335480231378e-8	-9.98008306533202e-20
9.098509344135475e-7	0.05784877501869206	2.3461608234364714e-6	-1.547021657903921e-8	-0.011586272252696764	-2.72692871191462e-6	1.2406550402838621e-6	-3.7169087384639908e-6	-0.11086619803311129	-1.0034402231626915e-8	0.2028978084904315	0.002960097020030508	0.0017446076661015823	0.021473493390591746	-2.671008725046293e-6	5.1540894384678844e-5	-0.0009180168799354635	-0.010840300844000809	0.032487094861802776	0.0034174508491530645	0.13830474415828936	0.22613991190834212	0.00034103628268199144	0.0005236310764039276	0.02925451861577866	0.26941200444385077	-0.04412233902251314	0.0022745186684813043	-0.1115153284141777	0.009007354847593931	-0.017357633305381488	0.09526645466287202	-0.03890859947445081	-0.12258010821800935	0.0024327296182226257	0.08233105547867828	0.12421004735799271	-0.06537913320427857	-0.3220946409657824	0.0019189177311885334	-0.08857996522473771	0.013704481448669344	-0.04746950098744156	0.16226035889808732	0.15591805162085912	0.0190068424532046	-0.02815246890662737	0.17745529767336457	-0.11338071187977844	-0.13527427269337278	-0.024349901176821974	-0.05250414230473439	0.14354414956221095	-0.06280992047653694	-0.14825940677699964	-0.05855797471248131	-0.010873574857656792	-0.05071749917711258	-0.00920434661400675	-0.13589425515544357	0.05177642666981305	-0.19388414644491897	-0.0663902111663702	-0.06641215757196066	0.05430265018131968	-0.029461294307713798	0.1299790813918725	-0.043623398861826854	-0.1349906719028417	0.0038678725328185155	0.07101723999293935	-0.0004967900128402404	0.004218060947496913	0.003636735043032526	0.1633904168153818	-0.16208504710701602	-0.03266242205132011	-1.2786863379382342e-5	7.395067467013523e-7	0.05682077716578436	1.86543176894561e-5	1.2514280194768644e-6	0.005732634376795925	2.980303003042157e-8	0.004364758414785339	-8.46356511298163e-7	0.3155807657086028	-5.739970117965562e-5	-0.34514898637478214	1.0646024717842163e-6	-2.1472242951015083e-10	0.0050067840329937165	-1.1354330808261872e-11	0.050182810241415916	7.822050048269872e-6	1.6051298005144542e-11	-0.2328159963536241	-1.2921226049029651e-14	7.783847783386015e-8	1.1509143911756474e-19
2.2757075592003717e-6	0.14333262463930008	5.551699406936307e-6	-3.541120748559851e-8	-0.026185603719614505	-1.1083842438979979e-5	2.7231403068316484e-6	-3.421607404450151e-6	-0.21665103200348165	-1.9431054514702966e-8	0.3672706360652484	0.005061386389022199	-0.004200662541615145	0.033968107792720734	-4.137273145764175e-6	7.827378574584424e-5	-0.0006144585739497824	0.0005436265047965603	0.012826302203053594	0.00407742164757912	0.13984611467539823	0.2593448936771581	0.0002894164820075888	0.0003774500984015421	0.01525252132014749	0.1212326868199718	-0.03057348463312594	-0.0007121550147672825	-0.2702457567807163	0.01728821997011781	-0.01975860934898284	-0.051078398679525634	-0.031007136565306532	-0.05674426790817298	0.034188502028887395	0.14336797294798462	0.12853361725235715	-0.036060426466686495	-0.1292104874257337	-0.0016158503322295649	-0.19479477515292035	0.007635483902952268	0.052145450644931916	0.08762236425574309	0.055123588077270025	-0.060908328867127035	-0.008488861717809897	-0.020842083806034792	0.020927869860997893	0.10281295259130357	0.11069641043699832	-0.054358583870040694	-0.14107745323891746	-0.0952269082437271	-0.02800161131910748	0.011486126676835138	0.014971754787808898	-0.13772755477263185	0.008830799232043059	0.23763789907612706	-0.028073790666354872	0.16659795531175045	0.0984681879407492	0.12112649657871341	-0.12256983064407415	0.15523542557269068	0.007352967629758162	-0.05392345724695095	0.048978744368716645	-0.002369397890851101	-0.3089978806412273	0.008953208592835	0.03626207217854764	0.010397152461876408	-0.22358912846605525	0.1852028792514293	0.060249025982758844	3.0283317004342716e-5	-1.648871225066896e-5	-0.0485000936857841	9.883673362544833e-5	2.4228861899127922e-6	0.009047329732825151	2.1128190851826585e-8	-0.002711140820050891	3.603177547296273e-7	-0.1899478329006784	6.954511216814665e-5	0.19056506563863795	-6.426617960819555e-7	1.8494950783029526e-10	-0.0026442119290636876	1.2361578143396363e-11	-0.025295555602955974	-1.0760023010493025e-5	-2.8348208195604437e-11	0.10411485255071833	1.1227196952396875e-14	-1.0787379205793953e-7	-1.6810463932531585e-19
4.468769028522908e-6	0.27796654888773203	1.0122887080619663e-5	-6.171139400422465e-8	-0.04484149425231519	-2.115653803865484e-5	4.477447189184624e-6	-3.0746148076710197e-6	-0.3012554645708742	-2.6654291728374482e-8	0.45454845180890846	0.005729018558480746	-0.008858910950495643	0.033792285972156604	-3.982567017743319e-6	7.33520010257856e-5	-5.464453420049072e-5	0.011700753160905858	-0.013529321298233032	0.0022052021804766253	0.04999086809339719	0.11987196020857252	1.7338920220476695e-5	-6.881537862107062e-5	-0.011458165607440438	-0.1292161632184763	0.010023924728325721	-0.0030529553816456352	-0.1554699705665946	0.007757039703131475	-0.0006722422036757394	-0.13835240485997172	0.015656486543846312	0.08054957230173723	0.02217436725460056	0.01743646760631587	-0.04335508138957698	0.0473254224014894	0.2624038883322794	-0.0024885480003890878	0.030522597109016947	-0.01188956032843405	0.058479481971172295	-0.14875574631248492	-0.14948409986351216	-0.018997246664613512	0.02827371461446566	-0.17599075323327207	0.111537286122593	0.11364249840499537	-0.006584204323044765	0.0687604179063562	-0.09362269055941769	0.10619536027615538	0.16204891870312613	0.05263338183438473	0.00228745214132419	0.1348307388276023	0.0026011023702297324	-0.053133623579382804	-0.027722659505686684	0.048094136553838686	-0.025812073161499537	-0.050976910793615826	0.0683639160605372	-0.1372166762413485	-0.13880077618483028	0.10955657604091987	0.07376304841273224	-0.0008715565017945986	0.36635846358975754	-0.01243169325194195	-0.057260575110414526	-0.01900672594651839	0.18744719700005824	-0.13929098171723178	-0.06701665876337683	-3.800429349628991e-5	2.8496651322524366e-5	0.030638264456256004	-0.00020487975625500284	-5.943669442117104e-6	-0.02337337200586775	-7.204555579128305e-8	0.0013535886415187992	7.984373705869223e-8	0.09243080091462558	-9.446021130870002e-5	-0.08639228899052367	3.951132396663271e-7	-2.1369093975622154e-10	0.0011554257040756065	-1.7859935493549667e-11	0.010631442606483582	1.8417446419305534e-5	5.441515177661177e-11	-0.03954515065237477	-1.6851758121870122e-14	2.2130180983968626e-7	3.560014724883078e-19
6.4603731579680155e-6	0.3943476743214817	1.304822424367998e-5	-7.388009065451536e-8	-0.05212293517297307	-2.5860246577153233e-5	4.849317759982313e-6	-1.4249634204149477e-6	-0.2333229892892714	-2.0005907848013534e-8	0.2606935046481159	0.0024331524259006854	-0.007183391731695156	0.007204939977375194	-6.403278119621579e-7	8.796189870954552e-6	0.0005502850048408782	0.013195700678323041	-0.027295427702551132	-0.001937497797261667	-0.09296097897215748	-0.1483911803920835	-0.00027503049302899887	-0.00043225428304423846	-0.023940176011013743	-0.21786632782966095	0.03765758308979806	-0.0013775849015447567	0.1801725863386403	-0.012935544874215022	0.01941984454159743	-0.009098148122283862	0.03635102233518522	0.0834969037426641	-0.02728843564461549	-0.13835830724409504	-0.13809264582164582	0.040418008087074665	0.14322038499283235	0.0017553285098839448	0.19142108565533092	-0.005603807501068612	-0.06369133696115065	-0.0497712046782913	-0.011495760173518492	0.06867311507587771	-0.0034668922845579567	0.10511407028127923	-0.07632390851014738	-0.17315469916968892	-0.10616631598245684	0.005701586166078632	0.21245849754805543	0.003455503227323368	-0.11800914333830474	-0.06013931360470078	-0.017218176239403873	0.0002950430710603671	-0.01183852216260823	-0.17366397250930662	0.06315348259616496	-0.2283352191124532	-0.06375247612117929	-0.050894634718571904	0.02622019717277453	0.04815887181603905	0.2158832104742836	-0.1247953699599106	-0.17132658091879968	0.0038276551030118214	-0.35925450272884374	0.014077500611685535	0.070891318569039	0.025465938188700805	-0.14712372005098048	0.09837262642835463	0.0780080813396379	4.898504661514083e-5	-4.568174805107685e-5	-0.01926716286712127	0.0003709007073037637	1.151625299547082e-5	0.0460764946466436	1.5235166030391187e-7	-0.0006968947527617393	-5.627934162650777e-7	-0.04636017132626525	0.00017531388990678123	0.04037100177492057	-4.16215503089323e-7	3.9734864354640217e-10	-0.0005205301909605519	3.7144138999177006e-11	-0.004607740995386866	-4.167784205911513e-5	-1.2914669786514636e-10	0.015491151229523763	4.034655193518098e-14	-5.962272818150477e-7	-9.7499958719232e-19
8.943062681173298e-6	0.5325877829933902	1.5432179160102136e-5	-7.80773461385255e-8	-0.05249481218794163	-2.7132864744436167e-5	4.311168854301746e-6	6.558616023376365e-7	-0.07550488407694811	-5.368542580739073e-9	-0.06282825650064586	-0.002251392403886161	-0.00124191560430207	-0.0241411840533421	3.136870256717707e-6	-6.184560061037844e-5	0.0007675268748911478	0.00539192917223067	-0.01896753522425083	-0.004319969827498863	-0.14843377424071394	-0.27519272435290504	-0.00027883507085860735	-0.00032777387438465583	-0.00959249358707582	-0.06009682840105666	0.021149596086325318	0.001943181861652919	0.28167307637587885	-0.016581952855378494	0.012810205476773352	0.13329340318659916	0.0011528467310324881	-0.04270689304524693	-0.03397031970909029	-0.07394281075670028	-0.003814397756958534	-0.03870938776663719	-0.23741382489556934	0.002602728916204913	-0.02850017374476738	0.012168533713797069	-0.05361737225778797	0.1553930130201647	0.15144711340642605	-0.0007556133306369677	-0.027227540447796166	0.13838650236321415	-0.08287283611353688	-0.027432624070833366	0.06677290350041655	-0.07210459619864176	-0.0426347995022346	-0.1087630724615576	-0.07000973094781593	-0.0043245118351037184	0.012536821145398981	-0.1350957466305146	0.009654491544046299	0.24119841247887705	-0.044542832288507965	0.21736366009668656	0.10383520108064927	0.11493227294787751	-0.10214254868736868	0.07166333202389734	-0.18226605139367144	0.07890893837088327	0.18966254535209817	-0.005069224864167497	0.2454316613637852	-0.011943274439756542	-0.06681575633991334	-0.025960186108394803	0.08570210597130591	-0.04906835161208351	-0.08446955727011195	-5.823553588249926e-5	6.563423641727207e-5	0.009644636819383798	-0.0006005870548402698	-1.9669761086469785e-5	-0.07971387083973737	-2.7635567171687965e-7	0.0003166462686048052	1.2791914460460115e-6	0.020479281346506856	-0.0003387572036537354	-0.016635053723287153	6.699146151742607e-7	-8.209487454886141e-10	0.00020728628402860233	-8.060139457283845e-11	0.001770873751005137	9.520002500323792e-5	3.0373765000068625e-10	-0.0054325810742313855	-1.0174052002928089e-13	1.6034735516517021e-6	2.6566082721975194e-18
9.493235625345218e-6	0.5447774561360234	1.2668004914249752e-5	-5.104341564143152e-8	-0.030573770408289184	-1.687986704978056e-5	1.7046701444219985e-6	2.346651033769968e-6	0.13345625526078664	1.2980833092899967e-8	-0.33674723694508746	-0.004993349271518436	0.005799860540246862	-0.03249055173092716	3.866970744901309e-6	-7.163167369488539e-5	0.00021983016193932674	-0.00778643152139312	0.010253964356478015	-0.0015158345181052514	-0.020867544796301395	-0.05926702784050896	9.136642992172452e-5	0.00022726959225969064	0.01830749781777319	0.18320038132824776	-0.026327552558710644	0.002375384303311135	-0.06515121598360898	0.006466662530553978	-0.015155036315054894	0.04427977567905031	-0.03615467995405624	-0.09037768414067768	0.022527049491702884	0.129758780433472	0.13790393861615008	-0.03736256024676936	-0.11529591834722587	-0.002346298884113785	-0.1833971226547569	0.0014435198672942883	0.08344637848781104	-0.016342572843999446	-0.05860395063991972	-0.06823505417563788	0.019636444389696667	-0.19504498560880243	0.13165556024055322	0.19482603106159915	0.04880608474478642	0.057652460021590156	-0.17266133680833465	0.10913442447725942	0.19306229403353403	0.06487633566315243	0.0027623103212062556	0.1605103091825938	-0.0009762340376221955	-0.15799098656475644	0.000827383573264335	-0.08786053354982198	-0.09365658247048465	-0.12710431293132765	0.13520321453379028	-0.16663953780475815	0.10842838587958176	-0.01742240883447623	-0.1756933299431082	0.005520878868524817	-0.13039385214328705	0.01009079250785622	0.0655691227841634	0.027956830692181616	-0.03702457567399738	0.009914340432531482	0.1106999449154914	8.243997141799399e-5	-0.00010873499891162804	-0.003714659655890573	0.0011087998162222128	3.7977146813274644e-5	0.15555278238980505	5.603499422235131e-7	-0.00015449989328392326	-2.899861515274406e-6	-0.009499191750698195	0.000760740673974614	0.006941081989028162	-1.49367334745782e-6	1.9800899954557683e-9	-8.268054371424966e-5	2.00057434020026e-10	-0.0006760723036118417	-0.00024565433152827314	-8.019096678446671e-10	0.0018689486731898626	2.884225718848498e-13	-4.7796465544529645e-6	-8.009552923395569e-18
6.678472005398719e-6	0.3526535110604662	3.925012074339768e-6	3.4706701979629855e-9	0.008561346299063927	2.879018193892159e-6	-1.9555372336959888e-6	2.3172114685983014e-6	0.2335554640303031	2.0558682760135788e-8	-0.29821089400169715	-0.0027359470598726913	0.006900635733588751	-0.0053940438847404305	3.0571379083501687e-7	-1.0212657885456295e-6	-0.0005773722130107958	-0.01212603082455492	0.026761462669925455	0.003317968400627721	0.13531854444005217	0.2386707917745466	0.000326374706457957	0.00043845856827730376	0.017809472587245943	0.14042465855154238	-0.031610690464122515	-0.0010521222364460565	-0.2992629601979072	0.018209939890354424	-0.015758733020922244	-0.12773291936083528	-0.002307837464715724	0.0406506841438505	0.03401082391726728	0.07107963165680546	-0.008444263017097305	0.046828200831465445	0.2669277903809033	-0.0017453371498023708	0.10550971569391321	-0.01286179002479487	0.011325922328011636	-0.14617863227015418	-0.11621259914807851	0.04975570068245471	0.012849095209618739	0.015351529984410868	-0.023246079444481905	-0.15343393071147762	-0.11545207539265492	0.01347169938048185	0.2276946413284106	-0.019311668830304822	-0.16367363008398997	-0.07571692368261343	-0.016104173043353424	-0.07816975076474987	-0.008223624038644297	-0.002095689302936019	0.04323990602351077	-0.07739738929911273	0.05110237456318693	0.09950466724161332	-0.13023648057483106	0.22689816592686213	-0.025666617958451057	-0.04509783362851389	0.15610813310774177	-0.005876134744845505	0.03275250852728998	-0.009872567901133803	-0.07617111455162365	-0.035439673618274554	-0.0010244131051239448	0.02581699473599284	-0.17815510639367743	-0.00013922047666333452	0.00020523019852801357	-0.0002791424156103794	-0.0022846453822430164	-8.114371730268171e-5	-0.33526638815904286	-1.246279811093444e-6	0.00012014856339256706	6.97170962639426e-6	0.006745105597279202	-0.0018685828647648129	-0.004066617697877786	3.795136262892404e-6	-5.1872974570190585e-9	4.475725043419621e-5	-5.358279218829286e-10	0.0003398898636596589	0.0006802224660853069	2.265337043331295e-9	-0.0007983404423266376	-8.70189424920946e-13	1.5082309664201181e-5	2.5539650855347014e-17
3.7914511451177526e-6	0.14945493835921828	-5.321659204901974e-6	5.730890736006396e-8	0.04581812692406567	2.2005922599904785e-5	-5.078961909717024e-6	1.3854029406116471e-6	0.22339882449440007	1.8141608976052148e-8	-0.08545191687247942	0.001320522978480964	0.0033041597066285236	0.025733555263659613	-3.4897534763803295e-6	7.038442484028789e-5	-0.0009176675991456556	-0.006867726662311417	0.019283357712220534	0.00484926389892308	0.15241553940723704	0.28835844202992295	0.00019060670116236424	0.00013693872705466983	-0.004194057831196665	-0.07337333123505738	0.0029046383756450573	-0.003131606745064555	-0.11848321346785416	0.0043753088227916894	0.0066737742626204665	-0.10421371690324281	0.03528789630299473	0.10527161101389643	-0.010778526173636211	-0.10690160299264352	-0.14005506442301432	0.04327877503017762	0.13869276126847258	0.0023843232739834885	0.1753499878506833	0.0003136228363257454	-0.08529446413666995	0.04852964640119305	0.08853964592083013	0.049603014804521166	-0.02462954904289258	0.18821997909171742	-0.12090662820546053	-0.10511133831929227	0.026672192219084827	-0.06672388711991048	0.006860606161244784	-0.09310740914216745	-0.0511953714930864	0.002520596149078153	0.012501240467948468	-0.08351038111633763	0.010203670623363397	0.16044243568401528	-0.05406081042612128	0.18456189484491403	0.026677767454838304	-0.006575960737841991	0.043885247124572625	-0.16191440965439377	-0.06802761293917153	0.08944503880541313	-0.07788848876626922	0.004109533303919772	0.07177413425034754	0.007860680261043673	0.07436235889275356	0.03769875822686442	0.0390154512426378	-0.061589326594510475	0.2507347613062632	0.00020317252942272742	-0.0003319792554319537	0.004322517005021726	0.00405103803291921	0.00014954159642084305	0.623653572075311	2.397890975697119e-6	-0.00014389100553344593	-1.4540827773949629e-5	-0.007514203712538101	0.004018963932489146	0.003790103892018271	-8.5470123568538e-6	1.1977335237289499e-8	-3.8377309126514536e-5	1.2668384417045732e-9	-0.0002682983047225465	-0.001667758815303214	-5.677088076518766e-9	0.00051831369046799	2.3449233827172235e-12	-4.268997677482478e-5	-7.312204916587013e-17
4.645072976222623e-6	0.0906320669182981	-1.9193348903980503e-5	1.5714826934863262e-7	0.11872238872203135	5.8251366446503636e-5	-1.1874094653422248e-5	1.2959172247874787e-6	0.33060318915946596	2.499948859773864e-8	0.09199897958365008	0.005825775233313766	0.0007541781446327785	0.06329701259556565	-8.092431755065453e-6	0.00015718291191011192	-0.0014470599496167692	-0.0030235303971301764	0.01375566084732991	0.006390638139900831	0.1648721492312354	0.32572807431030193	2.841562325610081e-5	-0.0001881243303821987	-0.02531636131410669	-0.27099435182274445	0.03666011212267004	-0.004322271559370255	0.10838165197485808	-0.011240920977047982	0.026007067841710786	-0.025110210362904263	0.05075816346901813	0.10291944766718497	-0.0484848051657107	-0.21208178174220993	-0.16692746306666956	0.001806640703955061	-0.1164363021968184	0.0040715600962700745	0.05601383759296251	0.013131756988400477	-0.08248244963385071	0.18389726285660252	0.18171638966187495	-0.018855592459431813	-0.02784412662307983	0.08870346018325288	-0.04144150614744498	0.11005380621934091	0.12461812871232918	-0.03509353886982491	-0.22584744224672437	0.0037157030365053416	0.15698487780436982	0.07598738740554191	0.0167244554195527	0.07713557558471283	0.006951778684286751	-0.02555484246504593	-0.030605928589981835	0.03088869575779883	-0.05945946481377973	-0.09722913041974102	0.11366174705948594	-0.15393869425574858	0.06489409076420508	-0.008534501164204615	-0.1072736180976979	0.0032399352576897725	-0.08962341319098362	0.003419736594768501	0.013732841568247276	0.0032003453098683886	-0.035884662767615406	0.03602911866716019	-0.0804390841226856	-7.494237142237471e-5	0.00017654449239333855	-0.0048221624435311975	-0.0028239833577538976	-0.00011528325153182743	-0.49214874706923173	-2.0537899798405408e-6	9.368750404867171e-5	1.4900875861146881e-5	0.004713403828141876	-0.0044030569779271505	-0.0021545700413220857	1.0292505531561171e-5	-1.5093617916650975e-8	2.0766116034689314e-5	-1.668732307637569e-9	0.00013796068748927174	0.002347600275637593	8.309036736733735e-9	-0.00023458747518327985	-3.88709008758779e-12	7.66991048868679e-5	1.3381327633372304e-16
7.096968638899553e-6	0.06112822504099133	-3.74137425556591e-5	2.821576526756661e-7	0.20771371565048485	0.0001023832404867864	-1.962396494132648e-5	1.1616946364846295e-6	0.3990685148156261	2.857576661434393e-8	0.2483519847519143	0.008567752062137881	-0.0020415142968952583	0.0760212114700428	-9.367413615801914e-6	0.00017736354537843953	-0.00134487251726511	0.0021407802635178075	0.0007809904017202008	0.0038391830196099304	0.06637550008139179	0.1398965970932257	-0.00015597220433614627	-0.00035997046514807456	-0.024853098896403636	-0.23474870798865924	0.037270430295044656	-0.0015090343336471726	0.22345313233160063	-0.015057402583238256	0.016552961683909934	0.08352009705312984	0.001789999609652556	-0.03103716103127778	-0.02317701398635054	-0.036565406208051314	0.03828892793881294	-0.0424093517314467	-0.1902217793069173	-0.0010280355672629888	-0.15974287066094758	0.0025527972034239035	0.069480456619468	-0.023757066088812298	-0.07085780986695894	-0.04923397998396774	0.02556781285043354	-0.19617514591560634	0.12536154131090135	0.07981949862359139	-0.06391606899390535	0.07790013934582211	0.07744205899696854	0.0913423954784827	-0.029160214520658527	-0.043190439190060416	-0.022417206210489354	0.03490447541792845	-0.0155368367245755	-0.13961883992673121	0.08087831262609574	-0.21219229431496267	0.030152418054987924	0.10269264537417254	-0.1598433389667586	0.33018864572292667	-0.01108868416896353	-0.07884406174491214	0.2140723149627053	-0.008269622275748281	0.05682463291151677	-0.012865190106767597	-0.0947167472115863	-0.04249192369090216	0.017988469182898613	0.0022605672400091855	-0.11609056022895854	-7.602430136786532e-5	1.5520525225601652e-5	0.004466789382084757	0.0013246583415302906	7.595787600547918e-5	0.3455064995566584	1.7482145703310187e-6	-5.5533841330607157e-5	-1.7447456957608404e-5	-0.0027017840352678815	0.00568110896758302	0.0011308245624624032	-1.5030783283979361e-5	2.327825064148738e-8	-1.0420288778506909e-5	2.7092936149317153e-9	-6.605795196541062e-5	-0.004102698514112353	-1.5138380529060734e-8	9.991399580665822e-5	8.03856993354631e-12	-0.00017149013715326886	-3.044713301531957e-16
1.1165859099025303e-5	0.044293742305885384	-5.976226114423989e-5	4.195625011633319e-7	0.3007066830882892	0.00014847573591437812	-2.667068354415935e-5	8.523375753623897e-7	0.37438598050660166	2.5079453649213754e-8	0.31888353307289746	0.007720660688721591	-0.003934784171993192	0.05007644394523541	-5.701578551602801e-6	0.00010175720094330813	-0.0004993826652091135	0.006121560717203743	-0.01270726835383055	-0.0016172965680693258	-0.08450481316577599	-0.1580583530702034	-0.00020039333186267546	-0.00019679879460655542	-0.0003104297621822379	0.03137013951052569	-0.00014838723392921415	0.002877489552476061	0.08206404794355372	-0.001317705547047991	-0.01314778595062924	0.08423203343625113	-0.04965866502392009	-0.12169849901613443	0.03494717421415446	0.19159660300106354	0.18581946924765852	-0.017286103602879226	0.05436412379110612	-0.004294516522200154	-0.08195501201961486	-0.012871256347698519	0.08772748550075324	-0.18433611401682515	-0.18037492510528844	0.025541960502401793	0.024010658381684327	-0.04830725704396509	0.013393719326369019	-0.13767532447838707	-0.09808654347319874	0.0012298245087595926	0.18793885968936816	-0.057721993308419636	-0.13866921064100968	-0.04785077313947691	-0.000827551071157557	-0.10318731233920116	0.006773494692134501	0.15555330896563438	-0.04966220198045829	0.18358493827180414	0.027135570235663226	-0.016225177343672525	0.06799056550616923	-0.2453786960848797	-0.050086299354829535	0.11563378026960623	-0.18937410778313873	0.008339521391248049	0.0014818438077376047	0.016902838661164654	0.1376628887307972	0.06537902529364514	0.005218497092307946	-0.0400143303482307	0.28825300182294483	0.00021276300404217085	-0.000206169322948784	-0.0038386124044636327	0.0001484082668400591	-4.2122999987045596e-5	-0.22839764191699227	-1.6786387667564205e-6	3.0977845639788166e-5	2.45822815179947e-5	0.0014565780092009194	-0.008772956026997453	-0.0005596187045253188	2.588673318993944e-5	-4.1985365018117865e-8	4.9313866297699635e-6	-5.101690772946795e-9	2.981317931025617e-5	0.00821381300540076	3.1374662708990287e-8	-4.0337742407456715e-5	-1.852052883335257e-11	0.00042211571488681997	7.607324590191145e-16
1.611539193574395e-5	0.03004091679453779	-7.980176347213079e-5	5.128953156906232e-7	0.3546953920814098	0.00017529251790874789	-2.878852383267439e-5	2.8750802880300503e-7	0.20654310442846122	1.1639715904791176e-8	0.2317151749913269	0.0024891749872759153	-0.0035025584226960117	-0.00880029808514294	1.82092462753956e-6	-4.396330916430447e-5	0.0006965077301690668	0.005806084481797307	-0.015946030289734583	-0.005609068931815378	-0.156104770642634	-0.3057870994000437	-3.5131663467901054e-5	0.0001788477165148334	0.024579251174490443	0.2620970454071346	-0.03739369103118796	0.003835334249701417	-0.16573658972079444	0.014154673914794868	-0.02480823348554563	-0.036442679845885236	-0.02489474882425491	-0.024466691942644673	0.03838334939339643	0.11536143246378593	0.0257133703544868	0.038675080689419654	0.19986276508800344	0.0007364277809770964	0.1586430760590232	-0.001948766548623397	-0.07592706303302006	0.047813182678895054	0.101143770843811	0.04196009404413456	-0.032744771277427	0.2133190480558411	-0.13035350108099214	-0.011666966211772767	0.11924415902110504	-0.07861796398886113	-0.19743778729306105	-0.0486151383349792	0.13691707705684147	0.08149156253150479	0.023127337996775882	0.05748389406493995	0.00854404423753723	-0.028389509460093342	-0.024192416304246116	-0.0007157681367651505	-0.06328469116678234	-0.08235002597085933	0.07244734809750786	0.003117871093733457	0.08543530680716326	-0.0954556135308506	0.07656199966697398	-0.0046500803092283495	-0.05934389976176228	-0.01635356158710787	-0.1458324809976321	-0.07276559499606841	-0.027662215223919796	0.07424280477481672	-0.4428538013892508	-0.0003413791669416551	0.00040871937474417703	0.003547849450747798	-0.0016465256863230349	1.7608145325924307e-5	0.1648371505228719	2.085743444425768e-6	-1.8621778477032142e-5	-4.184374588657478e-5	-0.0008415507565227365	0.015972666122094973	0.000295732689923694	-5.11352760352031e-5	8.592586960033091e-8	-2.475664804412542e-6	1.0799658575010329e-8	-1.4102890196230586e-5	-0.018265436095839326	-7.178105751263459e-8	1.70893575851793e-5	4.634672064090702e-11	-0.001119205623366786	-2.043912263199137e-15
2.301080872888902e-5	0.01879706883859756	-0.00010009990536658847	5.738310397770759e-7	0.3775308745650752	0.00018669297577475767	-2.6791695885178767e-5	-3.5145657162378783e-7	-0.031629620696532836	-5.927455890596522e-9	0.03965864704258321	-0.00405161776764539	-0.0011469658243007624	-0.06225820089438909	8.187972114874271e-6	-0.00016123269007662416	0.0014328495038910612	0.0016589058561175516	-0.006990740796985647	-0.004755874067618833	-0.08778834960619289	-0.17568685616853813	0.00016541900318722854	0.00036889009647226006	0.023022506047829024	0.20810083658358974	-0.032479370605570004	0.00038379279794368393	-0.20556907510026046	0.011607500812232526	-0.0034677953626931508	-0.1061260414263751	0.037033318747092814	0.10951520096871033	-0.01663827118111136	-0.139321982030288	-0.17588612677095491	0.027260602776714018	-0.01055047253929356	0.004375361619943705	0.0907275319010927	0.012881099425158544	-0.08532767903972174	0.1800987349832212	0.16762798963523515	-0.03573423925359781	-0.015594287200281096	-0.018464841234918063	0.02973129651537721	0.1429621619417778	0.03581766165684192	0.04136561063965472	-0.07014647408067894	0.091672238385118	0.03800766856888292	-0.013964716436408056	-0.018049782856388568	0.05412661986068771	-0.015236354710564845	-0.12607956006150792	0.07626301342257369	-0.18278481872992325	0.047484217013348096	0.11602443043826038	-0.1580814350765375	0.24127415140755035	-0.07315350940737125	0.02425302948879851	0.07507989234457962	-0.0013302870344218353	0.09692289987340609	0.010681566393120628	0.11105458077475781	0.05985311419093547	0.044901676217063834	-0.09882132008204149	0.5519282896833045	0.00044266649795264763	-0.0006177467741249693	-0.0034203666091406856	0.0033536183033917076	3.7481675887812898e-6	-0.13302011397892494	-2.9977873139599763e-6	1.2819642753803236e-5	7.45903677912605e-5	0.0005553726054691805	-0.029982544231954088	-0.00018186643571701814	0.00010267275273431242	-1.7790982255074545e-7	1.4389911708058945e-6	-2.3042852111015525e-8	7.51568026047824e-6	0.04076232823814554	1.6447942988135848e-7	-8.515856814921566e-6	-1.1563511484702819e-10	0.0029531897571518665	5.4632370068240244e-15
4.3981348406153894e-5	0.01866398276672041	-0.00016986426895718092	8.802300938067344e-7	0.5525477536480385	0.0002733271957711702	-3.4118381109308914e-5	-1.0723364325176954e-6	-0.2745600159551574	-2.4302707561514706e-8	-0.15088024037551748	-0.010450308475231389	0.0012753853369130736	-0.10794448494688033	1.3379096595260562e-5	-0.00025331289184789735	0.001927237153975499	-0.002768658610902951	0.0038784748615660752	-0.002129468733367456	0.01611487089754181	0.02778768925560782	0.00028101858487039404	0.0003572049338626198	0.007996720009282485	0.030201477675887108	-0.006891106519310752	-0.0033205710280925513	-0.08837066396911779	-1.8114801770122966e-5	0.020783204153338355	-0.07941584109658412	0.061856832593521906	0.13276429601094608	-0.05448800913002466	-0.24689047416165538	-0.18000734576569347	-0.018261453868440934	-0.207355142742184	0.0018918850496957864	-0.10908545690635535	0.008207390870787312	0.03673428892885223	0.024641229050585807	-0.039976383490092395	-0.0508230213262853	0.029097298359826534	-0.21660417078936517	0.1351133689314126	0.017068309458386683	-0.12036414162641486	0.07651347462022157	0.20485069714075882	0.029600510509064974	-0.14620133535089658	-0.07775427896540815	-0.01725561495651239	-0.0771070131339399	-0.0009324084511294778	0.0973883216618091	-0.02222309670823781	0.1153072079245552	0.0306067521929392	-0.0012993514574843404	0.04652605047262914	-0.2022969152624398	-0.01582497026446002	0.0718201395110956	-0.15178489450059543	0.006002195629805297	-0.053792662272344596	0.0035802811647193313	0.010948508254228391	-0.0008601732875592941	-0.03165005048184432	0.06204109812562552	-0.33330660753694813	-0.00029119936915240007	0.0005332952948423728	0.001771144833282219	-0.003839964985293103	-2.3936746730490622e-5	0.06151614721326799	3.163871555730397e-6	-5.235862846591218e-6	-9.832226079020119e-5	-0.00021356729449195088	0.04205664124961567	7.097445022512594e-5	-0.00015658999393980554	2.820270857207383e-7	-5.207052815213559e-7	3.793899430437014e-8	-2.100666942002558e-6	-0.07102154000569727	-2.9625239516456773e-7	3.074379997595173e-6	2.3160328921530546e-10	-0.0063372356073145165	-1.1910277128799285e-14
5.37595647898257e-5	0.013397123031973334	-0.00017644171445666573	8.007442925446e-7	0.47170368810209984	0.00023336389701159144	-2.3766519458557944e-5	-1.1143419366540748e-6	-0.3209781751379027	-2.494123599486665e-8	-0.21650753636854547	-0.007430907551035697	0.0025188241642325705	-0.04665971608588563	5.060421789853482e-6	-8.641055175965955e-5	0.00042690453197140234	-0.004330185743011092	0.010326487354752301	0.003135347631778239	0.0995276514377009	0.19558851609669187	8.895641576475859e-6	-0.00015921196146934588	-0.01863383629270454	-0.19183893687935077	0.02905227618857624	-0.0019613950274970245	0.17287520964190095	-0.011613872297251412	0.009589176014056473	0.08821351814284346	-0.028872967843408297	-0.09322121573801552	0.011092732059433771	0.12008625623642988	0.1738908128415654	-0.02511815596803862	0.0428993470131605	-0.004877554375996158	-0.05582797810058946	-0.01600217898547122	0.07038297599262738	-0.19152855513234554	-0.14758968097863356	0.06714946709358188	-0.0028026323813835903	0.16754070137078728	-0.12512904457729584	-0.15710106545134217	0.07219979989081382	-0.11153065557601165	-0.1289337534566135	-0.1234505462162977	0.12433817732764145	0.10212069644440684	0.03860916471788855	0.04061432551925509	0.016509767244208117	-0.011570781619308136	-0.04348889184380845	0.010622720712416866	-0.09505747166863499	-0.11396220797413814	0.08276685307534476	0.10094815041644707	0.1019188507173402	-0.1564516596796363	0.20846308496812532	-0.009969218211764571	0.012461110919142138	-0.018064027107747724	-0.13383543713552123	-0.05804996662179714	0.02431982726422671	-0.04047629439322808	0.2054855295724976	0.000225686021390589	-0.0006574015731883955	-0.0008680143753552235	0.006254529576951476	5.7400773918379475e-5	-0.02494107455138547	-5.283065998388586e-6	1.459474597969429e-6	0.00019533341953977527	3.535269370592192e-5	-0.08784290726027448	-2.2717942726118757e-5	0.0003497676366993411	-6.496570569180711e-7	9.62690996984789e-8	-9.006407816161059e-8	-1.1672125322558098e-6	0.17632083461213635	7.550046081044285e-7	-1.4265053717493922e-6	-6.416694199743954e-10	0.01853656872959902	3.527409525841463e-14
5.208694522002917e-5	0.005000893831640928	-0.00012470397347518394	4.034327209607157e-7	0.19199936805975015	9.499241930956525e-5	-2.0857472902332695e-6	-4.971008767245577e-7	-0.150974510680256	-8.411538586323984e-9	-0.11187163122717081	0.001977203000888611	0.001538443996823862	0.058928646952969156	-8.15821499971764e-6	0.00016525224859339891	-0.0014975737596901657	-0.0015888339169681175	0.005431313214307417	0.004645517155688797	0.06051686945073228	0.12040623985300604	-0.00027513168286341357	-0.0004572656238634608	-0.018996025422624116	-0.14145369359248752	0.022544452748772963	0.0023073582303817838	0.15949858435258019	-0.0045485302131661595	-0.017561116986132292	0.10297162760597575	-0.06686343830927469	-0.14807183682087618	0.0560770802258823	0.2612275642386476	0.1891474950932655	0.02016648418425717	0.20244191710287818	-0.0007994701705476088	0.12463079166044598	-0.0027858725864613023	-0.062449030131003926	0.056254970541023006	0.10783453392237201	0.012101152003697565	-0.027441566782084224	0.1082450446744856	-0.05195522013617275	0.10655352735341798	0.058565132978381125	0.021137263705862618	-0.08489680576527461	0.09781218252693431	0.01329021382206924	-0.03379201697451326	-0.027144246699980123	0.028889023065341343	-0.020930584401175106	-0.08151391071721445	0.08455570291775757	-0.13072709846698574	0.11320195067091672	0.17744376171203535	-0.1770728509985838	0.03571174329540336	-0.16520742556927123	0.209669609765486	-0.22898960459560827	0.012351972715284357	0.028970634770293262	0.032918085047903105	0.2619752748824532	0.12014025070306593	-0.02053085971970762	0.027159322947551863	-0.12512045154377605	-0.0002174277815173441	0.0010113326378979226	0.00029452982662029204	-0.011550347712323068	-0.00012031871143688637	0.0014930497410021674	1.0444453635027857e-5	1.3161553657029916e-6	-0.0004298239193492519	0.00011724840520185911	0.20039959598849985	-6.432105806505666e-6	-0.0008394969828048322	1.597349268294693e-6	2.408561432077356e-7	2.2683195956976027e-7	5.579709777078708e-6	-0.460604127200875	-2.0157533253708003e-6	1.4796850683745032e-6	1.8399346872876693e-9	-0.055751973228873035	-1.0727642439533139e-13
0.00010483856787241576	0.0017270237245613081	-0.00018861259414958308	3.534609708473523e-7	0.07286318614143227	3.605168319802076e-5	1.7965641824516875e-5	-2.1106431830197993e-7	-0.06908210160761047	3.327561656893376e-9	-0.05997941461826097	0.012172488809983303	0.0011349712321821331	0.1826888217138221	-2.3739329524153143e-5	0.00046268493856855007	-0.003817915272275792	0.0007327796983053235	0.0014019904160082134	0.006436053817189342	0.02319016101368089	0.04709700962344442	-0.0005370515264092781	-0.0007033504067232871	-0.01647386903985838	-0.06812452005930596	0.011452737895276347	0.006055690362917443	0.09337812652164632	0.004103885216237775	-0.03757960909136939	0.06880847056500991	-0.06682700261146035	-0.11734885841061678	0.06747839324064199	0.23969301900110104	0.07397496352426389	0.048955568136316296	0.18856155571202057	0.0040509772534562715	0.1778942771153193	0.013441752740604196	-0.12611994289419384	0.23852971882101512	0.23365222679415962	-0.05890589645399236	-0.015503543528165494	-0.10139097483638387	0.0943042832677149	0.2072856678637932	-0.048660740869552764	0.11961192277428899	0.10112826706956546	0.14553447154363092	-0.12182731985411076	-0.10771581892144658	-0.04153779685923558	-0.03857309717845131	-0.01512056079506153	0.02086870521611745	0.028655657964642093	0.014701905112426502	0.06619248023895072	0.0629001210407202	-0.02620806491024288	-0.11495898850762208	-0.016280829625774842	0.04294944925079964	-0.07823530189451773	0.002765422663473362	-0.033728035055303696	-0.007040162838918008	-0.07086552413809086	-0.037690878172358305	-0.006093803319687892	0.014786411529519752	-0.08373434573535614	-9.167143934747192e-6	-0.00044669235480758533	0.0005375824797467536	0.0076381456200452415	9.362971120553921e-5	0.023047217742530164	-8.48235498399191e-6	-3.338712478175872e-6	0.00042616830430156056	-0.00020731384178463398	-0.21320494443796603	3.2900966785779396e-5	0.0009850154160393014	-1.962010012132881e-6	-4.934584068128164e-7	-2.9145196889706535e-7	-8.445334165655025e-6	0.6330666391434607	2.8821534601126108e-6	-1.4360766662355418e-6	-2.9838908313608737e-9	0.09807863693630522	1.9225914573075107e-13
0.00030001640893814854	0.0007638156211258989	-0.0004865937725751974	7.186704188558004e-7	0.037516097405321816	1.8564457568027227e-5	5.76867955393457e-5	-1.3185560931551188e-7	-0.049175170665081924	1.8005506835729303e-8	-0.05517835685305852	0.031031927171864798	0.0015130963394816112	0.420086119769857	-5.364092229028826e-5	0.0010333912433537634	-0.008344982145904255	0.0034778197265930367	-0.0019640867924484015	0.010633726378836809	-0.00621747800711199	-0.01070732421878651	-0.0009242673654991059	-0.001090108401348035	-0.016617455362784344	-0.0051131358712076785	0.0016245927832035626	0.01033757351016332	0.025667493605748454	0.012611580470219236	-0.05412359136521893	0.02353695875832247	-0.049745063173165925	-0.05561484465646241	0.059633728460455684	0.14407407920206722	-0.06900532448231848	0.0530557220346784	0.07229238299388986	0.0062584131759440735	0.10540058639168466	0.019355937830977516	-0.08967371586345975	0.2178534278654834	0.15192927281644103	-0.07070532220923033	0.01223642842489618	-0.20200804716681098	0.13748455031809642	0.05609028253465601	-0.0933860500896533	0.06211013416607417	0.14973790943418067	-0.019305833217798943	-0.07451832728127677	-0.017828756386972396	0.009634100437133359	-0.04371318232087143	0.01719151509162989	0.08567910332060577	-0.08059462370474546	0.13249036462445365	-0.1093184936585332	-0.17581521781968398	0.17722364847299804	-0.026667282525351808	0.1685402873041637	-0.21944844961392276	0.24894353699076613	-0.0130974042064081	-0.01479036748384347	-0.029757261588505373	-0.22883010405892992	-0.10192601593408929	0.024029203291479513	-0.036507879366989245	0.18033621496191424	0.00022368127607828438	-0.000663776510269362	-0.0007290256806558656	0.004758990151119075	3.21571945618292e-5	-0.02349836537918804	-1.9255496625385655e-6	2.4037308691080484e-6	-5.2721803223071394e-5	0.00012178107416953696	0.053011955625211986	-3.5335661822489166e-5	-0.0004177015551050509	9.95142424053473e-7	4.1811656062154203e-7	1.7195496593738377e-7	6.320715061977536e-6	-0.4532746206679897	-2.280703945561811e-6	8.480987946084999e-7	3.1038570159369517e-9	-0.11863406779026865	-2.402019184316329e-13
0.0007962171266546154	0.0005512629230542996	-0.0012156234671514992	1.6727890774600494e-6	0.03198593464864366	1.582969186039066e-5	0.00014007774180925476	-1.3502421068982615e-7	-0.055926025112191774	4.2190514094454624e-8	-0.07410111661665635	0.06095757984378749	0.0023958024678590335	0.7695840128017705	-9.684891797974767e-5	0.001847411131538073	-0.01473146204105366	0.006997237216909148	-0.005561730094889985	0.015031673576201167	-0.035539999040930734	-0.06823367207565487	-0.0011988421447517797	-0.0013077146194376567	-0.013547928682324368	0.058939892672643754	-0.00860132588004623	0.011858634449455391	-0.05159667161106645	0.016195231407612212	-0.0464401518438431	-0.03389404965890661	-0.0023065352107589283	0.0405691041971186	0.01360015888887666	-0.047246709294374016	-0.16153707506375475	0.011555164730388394	-0.10890789480615212	0.0021597960295536536	-0.07903854009633025	0.0035441833036172305	0.049807516157796945	-0.06555755391916365	-0.11870559224086157	0.013675440864838899	0.02315838784898048	-0.013671317412159757	-0.01844353843969135	-0.18319702711292063	0.015003353758618778	-0.09844448093221857	-0.05830281852711139	-0.1490917759835346	0.11084279631684602	0.10550403702359039	0.04217724263105431	0.03729932589680367	0.013265761991715344	-0.034198982666002874	-0.011171148444372087	-0.04586888546172585	-0.033779002669397984	-0.0050071261434076995	-0.0377569107928201	0.12652858042913825	-0.0780823389905098	0.08495754521362228	-0.0736761119807643	0.005416897795063855	0.04519950063407554	0.030969296770859866	0.25916830637527444	0.12314842873418774	-0.016235484313337996	0.021261973720351195	-0.09923299054116909	-0.00022286594909603122	0.0011989105278850114	0.0003105765604388717	-0.013559809856781384	-0.00013533025408660806	0.007734861972305146	1.110010694017699e-5	-1.9319030309097643e-7	-0.0003477465607109214	2.3648761194802853e-5	0.13136741461327392	2.4507958598955122e-5	-0.0003035362257372272	2.936349127339065e-7	-2.1340570890185157e-7	-4.903953246601509e-9	-2.70621811866145e-6	0.18226038790746862	1.3277635790658133e-6	-2.3985729737142423e-7	-3.2610738490826445e-9	0.15499117878110924	3.2718177068230273e-13
0.0010821087863181005	0.00018175487107489685	-0.001480721155848478	1.877419032319052e-6	0.011335599566426898	5.6101965780945985e-6	0.00014853430982639785	-5.1407879154125444e-8	-0.022108614240589283	3.517641921911558e-8	-0.030961068601414777	0.03535803141863211	0.0010407950381042393	0.3490064689423488	-4.132664495575559e-5	0.0007548316869698285	-0.005728397129958215	0.0032057435261837325	-0.0027656647287026626	0.0006602297129349329	-0.019329379335115752	-0.03750302347858801	0.00019220719464569053	0.00033511205564925255	0.009313058761934726	0.03628000303444168	-0.005819157506422025	-0.004818052437220991	-0.04425810605733685	-0.007071650802592581	0.04089378924810922	-0.030854584998080654	0.04946305063102769	0.06020208313160751	-0.058380896096720966	-0.14729892825999827	0.0687746217672396	-0.05452296411889431	-0.054250314187614376	-0.006852577719318394	-0.07935066764356735	-0.02073793242088191	0.0689294349969875	-0.18681154013827608	-0.09128138490664023	0.0621200673980241	-0.027102068556671466	0.21154922407675847	-0.1242842606236491	0.09743397288198585	0.07977682707733236	0.02911689541997551	-0.09251443319756655	0.1808064309523331	-0.04963480600957044	-0.10280804402307324	-0.06029389728861086	-0.0024764649546661394	-0.03543698389341231	-0.037011427643217104	0.09717745503344609	-0.06356183183840315	0.1621486848572602	0.18381046267700712	-0.11573961485341308	-0.1886008141526325	-0.02585457626826024	0.06224753635119755	-0.11060084111187765	0.0028474503871754506	-0.07755645398996715	-0.03439979816108653	-0.31293102631415914	-0.15741438844031455	0.011636036504324012	-0.011435827173446355	0.046121418795991624	0.00028998641343335775	-0.0022144841302416886	-2.595628053914634e-5	0.029300555332836584	0.0003148650081977485	0.0035620922413562494	-2.7234131346349724e-5	-1.875001457046036e-6	0.0010107473198391643	-0.00018742170732967867	-0.4223180900726742	-3.554537030896095e-5	0.0012976493923427957	-1.8596062313130346e-6	2.1315482724115302e-7	-1.5728753203706764e-7	1.8839334996777957e-6	-0.10557919448882187	-1.853121918169079e-6	-7.009838006726937e-8	7.590806710370992e-9	-0.40844239355645356	-8.820341027909078e-13
0.0028485039545304305	5.717620274354387e-5	-0.003597696432506534	4.3053882896545655e-6	0.0038298815327927472	1.8955667691837263e-6	0.00032104566113184583	-1.866295230411906e-8	-0.008341702473256432	5.956849978918656e-8	-0.012427586863094118	0.03526639635316058	0.00041256044874330946	0.14888300834428866	-1.1132431859787898e-5	0.00011534900863541572	-9.150172325419163e-5	0.0012975349782828119	-0.001304614916726752	-0.013457920764194957	-0.009905697228858786	-0.019480206657468125	0.0016299513069520258	0.002048191869059197	0.03377079544432468	0.019464500510372785	-0.0037350863450403083	-0.02196567343557902	-0.03659233452560635	-0.030157301448502587	0.12484086456314829	-0.02313131773952168	0.08909278053754414	0.06450596552879406	-0.11427330820193805	-0.20324336226195394	0.2738961424756034	-0.09362985156438222	0.029342382844115097	-0.011460102759603312	-0.024332798366064428	-0.029308312046201525	0.03399768191592005	-0.15091864135810226	0.016343530376466797	0.048725043494657005	-0.04999997137899366	0.2113435551558194	-0.09547379014409119	0.26058613743605596	0.04285253358159848	0.11898981022176945	-0.0019067898406426133	0.248367347950511	-0.136266608971256	-0.15576353962971376	-0.06817498171032768	-0.03827492856132604	-0.022370233961808938	0.026455205402411933	0.025540443645246193	0.03763312669079874	0.04485464045708971	0.01153740389021326	0.03730755999794047	-0.1135077205221613	0.08312590800684252	-0.09853038753831066	0.10081910150069809	-0.006157001362410318	-0.013339821001533464	-0.01585629812148914	-0.1158199298820036	-0.048594323258772214	0.009667571904973377	-0.014141988660194713	0.0692642303923936	2.784208153843398e-5	0.0005027648480977472	-0.00028984776920266747	-0.01221004823985258	-0.00015811177114768974	-0.01110159635960548	1.598893564314006e-5	2.264188668136303e-6	-0.0007869717543956546	0.00019063936226165483	0.3665226723425639	2.027435315873366e-5	-0.001340179950101403	2.145626380144159e-6	-6.919083220024804e-8	2.1860114399199782e-7	6.969824309570264e-8	-0.030866364566851674	1.4168480523484469e-6	3.5280657725172074e-7	-9.242434531414856e-9	0.5672927931180732	1.2584574155322064e-12
0.009033857477692392	2.011953551960439e-5	-0.01087312132272832	1.262060578959019e-5	0.0014667299812833297	7.25987157924762e-7	0.0009069520163180416	-7.80454107213693e-9	-0.003667828751475553	1.4805508931323934e-7	-0.006047281040279871	0.06707599266142106	0.00014797608504726152	0.07007281611532432	1.0199967778292888e-5	-0.0004337666157174636	0.005474865122880263	0.0003892498196367516	-0.0007122709472347356	-0.035204091230027434	-0.005774443071078922	-0.01162623502282464	0.0037622187870258532	0.004565804818124621	0.07020411635756173	0.0093496921878442	-0.0027832178960133713	-0.045283552591225795	-0.03535831629084657	-0.057993722487972424	0.2213144569172247	-0.016133412188595573	0.12317453278461345	0.06419983646910597	-0.15960461538204107	-0.2355540232223416	0.42886440929838054	-0.10356955918339954	0.10265931273034835	-0.010800096922996173	0.043195138513186855	-0.021041892614685864	-0.02136761688767563	-0.015714554918037364	0.11260235760854695	-0.004250550370282213	-0.031575380261929346	0.02464071348712943	0.019287166553864594	0.15727158368020785	-0.04085033022111531	0.07663842669040336	0.09092421996345679	0.0010560718050139457	-0.045122041751359324	-0.0018694661387323804	0.018410972376203122	-0.01961240293873754	0.025592269711351416	0.04739212126617888	-0.08872286684541497	0.07533090464104682	-0.1508692520811719	-0.18128736922867938	0.12271774536111123	0.17564712556993292	0.02486424658738918	-0.058810269380267614	0.10432454515345423	-0.0023748569594678223	0.08059303072139853	0.03846175402777757	0.34477248119096826	0.17152889796488813	-0.015322136007503553	0.01765041813339668	-0.07844140802031209	-0.00030361140085752406	0.0019202315549604388	0.00020434110758891724	-0.020798213227943414	-0.00019647084051517972	0.0048972744740491386	1.4258924100711466e-5	-2.1115562956493206e-7	-0.0002713937324549981	4.372365156587794e-6	0.05734039519982082	1.371592336156619e-5	0.00015447112977841134	-5.618352445766973e-7	-1.3409601780962138e-7	-9.967362310270176e-8	-1.9687085304482474e-6	0.1441861374718825	1.4175563421561686e-8	-4.337572772501646e-7	5.940395425263359e-9	-0.49084460061504975	-1.1498038349891132e-12
0.026064108718685215	6.801671791850685e-6	-0.029923773791921304	3.3765432540835824e-5	0.0005584200884045005	2.7642660414198047e-7	0.0023424894133497057	-3.360461671667325e-9	-0.001705273831538856	3.439003323865791e-7	-0.0034590177242983513	0.13602725645774597	-3.8093111379558655e-5	0.023774257916727243	3.607321164678365e-5	-0.001170516396708753	0.013340324453416626	-0.0003556362137271379	-0.00034430511239360434	-0.0645526460128506	-0.002702381746346996	-0.005762158516129386	0.006177582597331139	0.007274944760016801	0.1069014128334125	-0.00082683776364201	-0.001698514076448095	-0.06543389541736767	-0.027933561297565548	-0.07461876789323157	0.2623457604916736	-0.003980960733644702	0.10636975425258004	0.03678083587489899	-0.13418747212400525	-0.15782877047827593	0.35483452490170236	-0.04490796735173484	0.10400634471944506	-0.0013866739001186477	0.07336026624076857	0.006695122845961777	-0.05639348444007014	0.13534391532297382	0.09104508155143949	-0.05228199547142597	0.02402302800876572	-0.192451262987346	0.10991783971445337	-0.16204294877020467	-0.06562778191409285	-0.07776425473621594	0.04583414743579667	-0.24796458495423	0.1207209454455422	0.15516311419597847	0.07302610699275651	0.03383748289955836	0.024653767067967156	-0.024486818489916684	-0.023781419565769547	-0.04050487496506505	-0.029860174012368203	0.012422507716925123	-0.0574099752495505	0.07192644996187732	-0.09214583916662752	0.1212157938137432	-0.14391625494701327	0.007172515343269516	-0.033282119415271046	-0.007491007222442584	-0.09993026986542201	-0.06140877900869336	0.0015503529056751907	0.00019293348200483796	-0.0051405545214797885	0.00022725835223015605	-0.002300336433515701	9.23936371548762e-5	0.03398979725576559	0.0003741617119943602	0.005651669195818628	-3.256301198365604e-5	-1.9955513649866754e-6	0.0011371634111592122	-0.0001963717079283113	-0.44373944354951295	-3.9854602145676665e-5	0.0011186096456501796	-1.31444670190804e-6	2.6945964540738575e-7	-6.64660065090544e-8	3.0156001183043603e-6	-0.20006657166609237	-1.440220255082446e-6	4.1884292582672785e-7	-1.538691630129605e-9	0.3830211293508447	1.001366983253921e-12
0.0741766413153652	1.4550111995924779e-6	-0.08114326154987388	8.896674568810289e-5	0.0001995699076588185	9.882524490847664e-8	0.005953865930338543	-1.651566647397732e-9	-0.0009897441985461087	7.863860036897877e-7	-0.0030123190364610584	0.2792200997401411	-0.00024407178701638406	-0.011682557239039592	7.771916414882601e-5	-0.0024043011086993657	0.026701934704064616	-0.0012469870960035508	-8.206757361556288e-5	-0.1073288683656465	-0.00010455352100735607	-0.0008385525612974902	0.009008738219073243	0.010231487508687277	0.14315180773308422	-0.0109913437756377	-0.0005192575799223748	-0.08048762135310505	-0.015396228505141883	-0.07622595644154004	0.2355726870711223	0.009474999396000272	0.04477628465377391	-0.006463507915103512	-0.048223085796033516	-0.00512265917690869	0.08851817660843915	0.04385588167322746	0.031613259764947575	0.009161651485905793	0.03948791187151434	0.028183808205124086	-0.03729165937633868	0.14877945919783236	-0.02649582488847616	-0.039084996682495536	0.05114827493722232	-0.17066692332924682	0.06215686429270789	-0.25751769203371233	0.004782056344286754	-0.1178520945469373	-0.06914475365333	-0.09365542154851804	0.08575480550339432	0.0504718591144258	0.00025087626682878354	0.026999683620713352	-0.023588242935388175	-0.048214717649147656	0.08938319763141908	-0.07346515294702209	0.1540740781753004	0.1795469015639355	-0.11285753667340075	-0.19324554818637685	0.009294929071647673	0.01109009902330639	-0.043729012976694646	-0.0007491407427832103	-0.061075509834162114	-0.03385503063597891	-0.2814450504795182	-0.13165924440396373	0.014174752284978087	-0.01780442470701772	0.08268448796945224	0.00011085976974878856	0.0002514307758320673	-0.00029435443411601444	-0.015065573832636337	-0.0002179486485016607	-0.011231606816362377	2.384975636920203e-5	2.765790289802092e-6	-0.0012049696340307686	0.00025463811369645395	0.5437396912111703	4.3495224061118674e-5	-0.0017678649228457925	2.516866657963776e-6	-2.704744257937093e-7	2.0165066153901857e-7	-2.781191271641096e-6	0.17783526663804217	2.3718484619541795e-6	-3.146856273658704e-7	-3.135631078007517e-9	-0.25375598783790654	-8.262342548619442e-13
0.21867828097951864	-2.0308801414789363e-6	-0.22826984485207555	0.00024341416583502915	5.842570856188078e-5	2.9018554288189553e-8	0.01573213381628525	-1.4635215101121616e-9	-0.0011038155995916105	1.8769382919213248e-6	-0.004752704998503869	0.6046616668068586	-0.0006037118954242066	-0.05371607265803738	0.00016165703603129538	-0.004916093279372003	0.05391963367574936	-0.002785225874808355	0.00014619406593305675	-0.1839064768009054	0.0024637478674960907	0.003858529562932427	0.01340947092384114	0.014629946155301136	0.19410979610434864	-0.02217122637139245	0.0006333849627460713	-0.09787807866846501	-0.0016871716786167454	-0.07064203521065024	0.17310269211648366	0.02084158983252991	-0.030883399635198247	-0.04761794863437315	0.054344127625466636	0.14946938735304902	-0.21630206224979784	0.1079118440338964	-0.059813365777807416	0.013191340922791688	-0.024632027475025672	0.026382967089939435	0.01361622226100517	0.026838054356582042	-0.11893667579613817	0.01570615282409014	0.02311917371742657	0.04470634874473241	-0.05721656079641172	-0.024801810270121908	0.06876725083167318	0.002703796238571252	-0.08608342278700909	0.2029763097979814	-0.08268817945847548	-0.13395706326668444	-0.07293517134385603	-0.025056153529069206	-0.02909327665706258	0.01771191908558332	0.030856552700814797	0.03603383437805994	0.029797613749158992	-0.01838063645702943	0.06472642267354037	-0.0453067327990278	0.08969396698909163	-0.12439596555313567	0.15765265019049793	-0.006926325619137765	0.06256812479825728	0.024690900387025778	0.24819396368786295	0.13281131649502875	-0.010525201133542552	0.012115530588550917	-0.05426751836218701	-0.0003094319466865796	0.0020898533762818755	0.00016290454125807518	-0.019704437024214465	-0.00015606641543276887	0.005735696574609311	7.201562114476938e-6	-1.2493929710133508e-6	0.0002983943810144413	-0.00011226468210502187	-0.23466127602084996	-1.793206090406364e-5	0.0012421952540692255	-2.159886318261283e-6	1.0771480817692356e-7	-2.2136043900341245e-7	1.0677103276450048e-6	-0.06715750720849424	-2.23563726263595e-6	1.0983146474597338e-7	6.919128736124177e-9	0.08315345752915704	5.40732187695184e-13
0.29550116964840173	-4.8464300904049025e-6	-0.2779261311443735	0.0002777605305999117	-0.00011298697449196152	-5.582506486160539e-8	0.01649330354161787	-2.684406540888484e-10	-0.0003671252429821546	1.4944015109906603e-6	-0.0022969425735287195	0.35190315085350987	-0.00037209531994145605	-0.03956293638458652	7.346567105533488e-5	-0.0021313200254855554	0.022363494490257037	-0.0012870587716904956	0.0001997618928017608	-0.022507109846074853	0.001763801802688346	0.003389785371573875	-0.0014285707929939102	-0.0024485673828234297	-0.04730086735468062	0.00027297552150674264	0.000799410187613538	0.03937016692285515	0.014864850927152475	0.05526526903246935	-0.19411047347937774	-0.0059206258457516646	-0.04715158887942226	0.0032389403931923065	0.050764446331403874	0.008545626684753085	-0.07901677058211097	-0.062452534950322124	-0.018991545760200963	-0.013388907571350552	-0.03025238556441739	-0.039667994355261006	0.0310030929135716	-0.16270466875909706	0.09265611705169795	0.0285125402781798	-0.0670373070399395	0.13743883409936408	-0.0186111566343058	0.27942718533111227	-0.07027828700457515	0.11522389701107093	0.15753883106615071	-0.13542042498854456	0.010613120108823561	0.10877465822878712	0.09066074237870193	0.005165037459407772	0.06492208274321584	0.02220603054726489	-0.1365872009036483	0.017681737747933777	-0.20202885987318345	-0.1493635449052909	0.00452021442582463	0.27238256606211897	-0.17726748438870668	0.2247275110556789	-0.2594479314227608	0.014169403361370644	-0.0695948014140735	-0.01841533657340479	-0.24863226717954814	-0.1540540242736564	0.009423811869248839	-0.010064428612124358	0.04361962506364211	0.0006163618623805587	-0.005363389510864414	-0.0001090394419653265	0.06545289017728304	0.000625222148761492	-0.0038120447247102954	-4.309469039511148e-5	7.102543148548953e-7	0.0003693734672606703	6.206084462013098e-5	0.1265939100184822	9.180538270484293e-6	-0.0018895834894961062	3.93981903562453e-6	-5.3040085802178166e-8	4.704650533010321e-7	-5.042935526141194e-7	0.031131577218399056	4.689925318018686e-6	-4.654476108544611e-8	-1.9869407530024218e-8	-0.03279428350416054	-1.053006124335294e-12
0.4574464576574956	-8.958287867712447e-6	-0.3749841725576283	0.0003410354021970415	-0.0002933802320774455	-1.450994037468544e-7	0.017656692584934307	9.509447253635691e-10	0.0004331494073748284	8.319857357500237e-7	0.0008142425480045069	-0.027078169710956952	1.5938638676657372e-6	-0.0076681129435595425	-4.905099984175454e-5	0.0016761501368607323	-0.020206117587717905	0.0008451544414170099	0.00013399327314883748	0.15456755151521737	-0.00022192702395265674	0.00040834307448238936	-0.015070664143601897	-0.017395692954195793	-0.24573153680324444	0.022466309398722146	0.0001978907823820893	0.13794272200538527	0.015251390717162618	0.12006400201382161	-0.3355877097028	-0.025389184133001688	-0.0009186107555628457	0.04977271413906074	-0.021635813791122737	-0.1441672365027543	0.17255643365602305	-0.13446786524810447	0.052472508852391575	-0.016901330625073725	0.017897501075199843	-0.03281962584601869	-0.009408870951752527	-0.039641373962921375	0.122762105842506	-0.017861412692819593	-0.01710490393215198	-0.06473131976803437	0.06025980274371938	-0.05506732547853864	-0.0438267313710967	-0.04585383478311673	0.01845344100183619	-0.13106359761902542	0.07666113100114351	0.06964550509923104	0.014103564733444412	0.02151214091962078	-0.024349539659965072	-0.037050648093020354	0.09647515163516263	-0.05284091285401744	0.17461489617132567	0.174402325599108	-0.0695911749698414	-0.267699857515764	0.13635372207287347	-0.16733411193072845	0.18625024191811945	-0.012060986476378752	0.04119058423841518	0.0032900606649213173	0.1342489533604822	0.10654563257026643	-0.004972727225944959	0.005021246698145284	-0.02118935882982214	-0.0007708233355434601	0.007824552909598555	4.194873870359831e-5	-0.10855735269193692	-0.0011019214236179227	0.0019846867852123906	8.221029071705126e-5	-3.022538962045139e-7	-0.0011120343020638954	-2.5724590636215734e-5	-0.05132065629326338	-3.5500995841388366e-6	0.003192263098324029	-7.263422104176942e-6	1.9893519299159254e-8	-9.259835635838077e-7	1.827259242986689e-7	-0.011108586894072067	-9.776098686372399e-6	1.543913235955707e-8	4.7270606876611695e-8	0.010260744217120178	2.4896207901672856e-12
0.4375253397898075	-9.324210632542516e-6	-0.27889738290673755	0.0002060047486692173	-0.0002959420656286139	-1.464054989656162e-7	0.00714471678847229	1.4322358089250196e-9	0.0008614245380608556	-5.566827489431207e-7	0.0031348180584760067	-0.37778132293687783	0.0003735816814684654	0.03292290248450524	-0.00011501878209222792	0.003530114459771747	-0.038970794608147126	0.001981554566114551	-0.00010369183839879981	0.11801601873037848	-0.00189371487525537	-0.003155758101288571	-0.0057632393425968605	-0.0052735003966399956	-0.052397051808358824	0.008609243555598382	-0.0007293110422397236	0.006428169921490997	-0.011404721983269688	-0.030215326720478736	0.143287355215468	0.003826940791444323	0.047161846708051916	-0.004252372650202499	-0.0498705742390295	0.0008508894734999556	0.05623841635771239	0.09746939022813197	0.0032971773801146868	0.020293702347053227	0.021965512615630046	0.056844689526563213	-0.025828944190365136	0.18676457666661425	-0.1717570859931795	-0.0149160802631352	0.08029951078513656	-0.0836256930266193	-0.032558269854866644	-0.22593139815613844	0.11588053315907139	-0.06661339960219351	-0.178112954823743	0.29488063317104557	-0.10670910733699938	-0.1977026666260796	-0.1094826584656499	-0.03467505122750612	-0.028183161306478098	0.03546356999833076	-0.019496792707792275	0.06877461063878715	-0.09436742640868476	-0.1523885135595479	0.11808909661731816	0.21878593496613896	-0.09009603592219415	0.10722657267920584	-0.11512883460626215	0.010261956115840888	-0.020057628034407724	0.011160529770292572	-0.04991281544670403	-0.08453901248730747	0.002163536156883163	-0.0019280020342561392	0.0075635577619441565	0.0012631069694515947	-0.014465307325256178	1.4687003770596017e-6	0.22170676754113064	0.002347426019494864	-0.0015682234052848115	-0.0001838391219708888	1.5729460367295446e-7	0.0028426115803187827	1.2774080081658108e-5	0.024528976297176666	1.5606333609447935e-6	-0.007790703089472268	1.8412943777864598e-5	-8.46101731034411e-9	2.422654127794575e-6	-7.407235940461849e-8	0.0044122560990182145	2.705119366739169e-5	-5.593658777402706e-9	-1.4146162097917776e-7	-0.0034684204370557985	-7.818611180518299e-12
0.320244143433153	-7.4233365413133726e-6	-0.08797702438418845	-1.2753747188228928e-5	-0.00017092259824538075	-8.457896182312365e-8	-0.0068410112582006945	1.0525738399982567e-9	0.0007006742293733602	-1.5568587299071532e-6	0.0029602938722750687	-0.4000898404726774	0.00041218395994973	0.04193994308338272	-6.85195029322726e-5	0.0018877560623167821	-0.01864538554750087	0.0011300247058657212	-0.00022648856952631378	-0.06098618694724068	-0.001218111985056926	-0.00276935073228856	0.011311590057565971	0.014131653697764616	0.21530125973061193	-0.017555583290543048	-0.0005838974506616644	-0.13468329207353047	-0.019835145840687275	-0.1316570951766951	0.3823695130900398	0.026374651824649202	0.00864738182517707	-0.05043048428859335	0.01496663050751665	0.14426072066956686	-0.1701359857116972	0.12614726497944545	-0.05288153253023614	0.012162928113533377	-0.0242230007300739	0.013019353889892473	0.0190915761754391	-0.041021314798910594	-0.04215663605487072	0.02660485277801613	-0.031098958554703276	0.119613735295238	-0.03831218719602915	0.23500298081474197	-0.05646414441485545	0.10481163493290743	0.14895072680572094	-0.17608953733344102	0.038421667957689656	0.1481876721252405	0.11284223182004882	0.01998487462966803	0.06193938078231633	-0.011940958421061463	-0.06834473045522477	-0.047646959752905935	-0.030951424690734173	0.06258654985515645	-0.11779344614848261	-0.09542546417244382	0.02453654284965134	-0.026610431061883297	0.02513821610109541	-0.006929866980022189	-0.0010455833764963947	-0.025946198346672916	-0.03198894757249218	0.06796879242827886	0.0003100138547148298	-0.0007540133308222765	0.004243440387159569	-0.002087862041570966	0.02630083226156694	-4.545789516221091e-5	-0.4391005396730493	-0.0048198150230819815	0.0019920862552351586	0.0003930804083354976	-1.2168984907149478e-7	-0.006600944141132661	-9.20021660215648e-6	-0.016615660904536155	-8.985684978218459e-7	0.019068712688501743	-4.617827019563523e-5	4.782785495376562e-9	-6.219222775531851e-6	3.8762700215074514e-8	-0.0022368447042836526	-7.331878609887136e-5	2.4716855250010294e-9	4.1076522408669504e-7	0.0013899434885519316	2.4002937176017168e-11
0.21040581176768947	-5.542185810258787e-6	0.1112364597452106	-0.00022946308811106782	-1.4224912228811271e-5	-7.0670890426892396e-9	-0.01918193390501936	2.9886969790747307e-10	0.00023301809378679217	-1.8531712356888153e-6	0.0011571178050972656	-0.17293989933312845	0.0001842525576975534	0.021042814859251753	2.813941625643703e-5	-0.001160342399585477	0.015800088106439618	-0.0005774443209294621	-0.0001540038311158645	-0.18136361648088714	0.0006680549850632693	0.0004032331572574851	0.015921226690634484	0.017493379143650373	0.2303497454051255	-0.02293753537442244	0.00027676632670550506	-0.10782041310699	-0.001442163967837305	-0.05265599346348551	0.07552553318612076	0.00944672538250916	-0.043619504927784554	-0.01594245154258621	0.05555034288886243	0.050452847542864006	-0.10537448915247487	-0.07723544919398483	-0.009733546179434206	-0.02014441000243986	-0.020943096375154752	-0.05817991055498091	0.02336398431489207	-0.17912930575143093	0.18118050998872529	0.005859527713985124	-0.0692738362307715	0.03452175816576211	0.04896879650733203	0.09652663949283309	-0.08088957892427141	-0.00039357241627622716	0.07472465052279124	-0.15473926648941322	0.07471513536800772	0.07084564726934556	0.006374161446566263	0.015669951177645778	-0.03920712354722031	-0.021902256318209617	0.10130935517864997	-0.010866730952365821	0.13388058673909656	0.07043789336805295	0.039876800890320155	-0.0838578435277677	0.05230979849529224	-0.06563526279406079	0.07515057775793002	0.0008593847406508416	0.021893376870256085	0.03513417814525567	0.10758910826212388	-0.03906500637449828	-0.0027554672333798074	0.0034115438665646863	-0.016027963480800753	0.0029490534652725263	-0.041117651479900166	9.597156973322369e-5	0.7550392667097248	0.008626739871150077	-0.002993814163868433	-0.0007358104056457928	1.407792680049123e-7	0.01344572448754087	1.011855501680401e-5	0.017406784939817666	7.799464761033371e-7	-0.04200936323487975	0.00010426574527403726	-4.312389624565631e-9	1.4391414417820996e-5	-3.2307994807403146e-8	0.0018036265403419383	0.00018014757977990252	-1.7131886096770767e-9	-1.0875951242300612e-6	-0.0008589049490725607	-6.76137694280824e-11
0.3544856727661823	-1.0235275099920586e-5	0.4316194063809161	-0.0006808879611685727	0.0001282731203140397	6.339105866768722e-8	-0.04961387325519339	-2.0731014058226053e-10	-6.091234450519231e-5	-3.50499705683439e-6	8.685477775746668e-5	-0.04264578840621892	5.525064280239901e-5	0.010042100034425983	0.00013750361582947701	-0.00471771402172931	0.05698059528137655	-0.002530967704378859	-0.00013100785510116586	-0.342054801293089	0.0026809903041719475	0.0036473849826733824	0.02182966649312915	0.021699646245894582	0.24772240690069636	-0.02831325288033596	0.0011259726401664808	-0.07409807688517371	0.017194191842458156	0.03619129718715393	-0.2497605719551931	-0.010439588886232733	-0.07814216170596308	0.025177486287301952	0.07186169084046659	-0.06660404991544121	0.014986206008557691	-0.22994864437864548	0.04017658836643099	-0.03625232542963147	0.0003195458880271206	-0.0759120893340568	0.005544542669095552	-0.13764791615102734	0.21609488566642382	-0.02166438516722698	-0.026330838350646753	-0.0929270322640921	0.07529459653625996	-0.17391036348080194	0.01085384623956745	-0.1050258376782472	-0.11237673262685972	0.11609587432645765	-0.012207528064843463	-0.12498540630110316	-0.11112235149117815	-0.016340251346866425	-0.06568590018993709	0.010892635219404633	0.06697741920937979	0.04799243624407582	0.018492831268533707	-0.07145015233935813	0.1115136268090513	0.11474649620316335	-0.043181714930261135	0.0515130539957309	-0.05570773520656491	0.006567824574046816	-0.011480851250650426	0.004841207067176529	-0.03465668730624545	-0.04316330287580019	0.0016899284822465058	-0.0019205223111390293	0.008757523834345651	-0.0003713257796245324	0.011930057815180431	-4.6671646342333334e-5	-0.3467923649615115	-0.004612009491148295	0.0013206271340120402	0.00045754253300772364	-5.652185928155729e-8	-0.01066357793752598	-4.001566931882267e-6	-0.006714803108810279	-2.0991199914024746e-7	0.04092277444961976	-0.00010741262182205852	1.6303570423753413e-9	-1.5655774901174703e-5	1.1664879127385996e-8	-0.0006404825008494175	-0.000222562346475332	5.652145837240106e-10	1.5562092157780678e-6	0.00026752777313478627	1.0845719003330905e-10
0.35979698992631143	-1.0710932138850517e-5	0.5323208687423192	-0.0007405459038855364	0.0001938018526836241	9.58045769018728e-8	-0.04754184104748431	-5.53847645729911e-10	-0.00030290156634012156	-2.1186542983125316e-6	-0.0010672119313136516	0.13192368286603356	-0.00013239117535036345	-0.012285779383372414	8.918488696138715e-5	-0.0028055208148254325	0.03137978335479942	-0.0015177985322430729	5.927454545393457e-5	-0.03208362015479351	0.0009177258803215312	0.0017094000658003149	-0.005370726595932355	-0.007728296535883788	-0.12833192991978984	0.011570853051794047	0.00012896186513292594	0.0827668105571307	0.00544801992672638	0.06042780328952178	-0.11487515523617721	-0.010371338091901671	0.044015092802656954	0.015583497676678236	-0.058080607593344	-0.046518304812725585	0.10348771110933358	0.13571284284726265	-0.002037901175802009	0.03473348077444129	0.020797091330189473	0.09744637337563193	-0.026379207077276756	0.2618329970142721	-0.3191007519241978	0.010499584928882576	0.08952859281181623	0.042164096602299306	-0.11244535394990335	0.07135899022944157	0.06966227485424469	0.11109229794747078	0.04988052015300729	0.014198410728817378	-0.05948731633732168	0.0879810801383013	0.14124588237322805	0.006645601296673068	0.13791395212557744	0.005014282677552006	-0.20926108411987004	-0.06736376076263098	-0.1651579588814505	0.05274948274291337	-0.23566653507013038	-0.12597549974638733	0.032097677267281334	-0.03624086012238212	0.03654585718947608	-0.014123418959813715	0.0030249267064047015	-0.04577981591713595	-0.030730537110401884	0.135459298674535	-0.0011720540389477973	0.0011635877791751166	-0.0050724955502723145	-0.002045930797856322	0.010957757940502043	2.342540701844246e-5	0.16019095960827354	0.0037869032136761847	-0.0005781996516622122	-0.0005243999691585386	2.1108448138814886e-8	0.017289718527299974	1.4979017625838434e-6	0.0023251694314789565	-1.4611866139065747e-7	-0.08183592581848145	0.00022563473148755879	-7.179306625531774e-10	3.442751822329815e-5	-4.542591071488891e-9	0.00024179764536470956	0.0005411111291974188	-1.9210802307968525e-10	-4.214130457105548e-6	-8.493731206826991e-5	-3.1820499912112514e-10
0.21279699524047654	-6.431899526450168e-6	0.34512638761215414	-0.0003505164318085358	0.00013686650637978817	6.766779234148192e-8	-0.012808564177907555	-4.562400607312342e-10	-0.0002769495377391116	1.171663390655405e-6	-0.0011575537950954378	0.16532517979149952	-0.000175302351487999	-0.02036425625634575	-6.424857770411489e-5	0.002448689708510688	-0.03199796711453635	0.0013228283743802634	0.0001719795901821036	0.32305637325085534	-0.00216740384829139	-0.0027117322653160084	-0.024254275367131633	-0.024931232738488632	-0.2964836495374922	0.03258984379858558	-0.001083611954383264	0.09944564756408404	-0.016098507644181633	-0.025140183702105263	0.2353221272268474	0.009851464637650104	0.07651696396880187	-0.025896168716321475	-0.06796614104272455	0.07083418544706842	-0.03131265657275614	0.19111203203040641	-0.03951456813956786	0.021167833742117174	-0.010484652654145221	0.02240199126453488	0.00964142218085223	-0.02801284557331514	-0.0022653111912470736	0.013401456303073996	-0.04539070429087621	0.05678869990256102	0.023084282234271013	0.1027498596364365	-0.08513257827207844	-0.01560656089154482	0.05547913600469574	-0.13373626101976938	0.08830806951999273	0.010379191305375925	-0.08101544467004873	0.007052750317473189	-0.14595281947767463	-0.018826555045505153	0.2769691787033089	0.06396074548177533	0.26610494966770837	-0.02117601884084095	0.3097658507496384	0.11963471094283314	-0.020582418434241648	0.021314298424485144	-0.018732695997361038	0.022405081552494703	0.004819102866011153	0.09728553987669167	0.10378729864144269	-0.26366659348081045	0.0010713566060256237	-0.0008884882487587055	0.003625809889155027	0.0054125369744518785	-0.0399810473093895	-1.4002380821410458e-5	-0.08107632649442854	-0.005701440400014458	0.00026170135751342634	0.0010035214509423523	-4.6086800144180325e-9	-0.03972114524946058	-3.9453243625878283e-7	-0.00019196505284633974	6.557717971131947e-7	0.20934607474483163	-0.0005927769244243955	6.076277207272937e-10	-9.279542433123404e-5	2.830378674225432e-9	-0.00013941860504178394	-0.0015482591773751287	8.848817769325938e-11	1.2934844544056772e-5	3.4838629484868955e-5	1.0336436118681023e-9
0.0942966999930689	-2.8818890855597914e-6	0.1635999705863962	5.703289733184128e-5	6.97142393594277e-5	3.447188302932023e-8	0.023586563042074328	-2.4700343219579095e-10	-0.00016034439895309878	4.0619551863947115e-6	-0.0007391764877317721	0.11394490292381522	-0.0001242602581211073	-0.016171757760553445	-0.00017776046491734763	0.006150494387964166	-0.07468559001049317	0.0033078976444597574	0.00015543758296987807	0.40340728087993644	-0.003338465051015326	-0.004704812375730151	-0.01909465062001929	-0.016589743979050536	-0.14953747930355393	0.018635208633164556	-0.0010887486801373974	0.0031052605696542646	-0.01765665786794457	-0.07903495877729157	0.2755867286811645	0.016419757481651493	-0.004200936677431456	-0.028819976680190113	0.024764739525773977	0.07954969424024505	-0.11599688358694571	-0.08390481844240281	-0.007145316374958501	-0.032130637260053996	-0.021515073440812466	-0.0972642182549611	0.026201567686315725	-0.2597196651844944	0.31935638267670435	-0.01357819384216644	-0.0784601903058292	-0.05919122523043622	0.10511265125985328	-0.11656520204728153	-0.026328569563715765	-0.10284234683655383	-0.08224832103392066	0.07743300222150382	-0.004272757022372467	-0.09571740411834155	-0.07618622778143021	-0.012571931220952591	0.004728076769916069	0.014283113655500359	-0.09162979187063044	-0.003291452682617647	-0.1451019545640031	-0.027365601682159076	-0.14545501050366721	-0.029941468379398626	-0.002679008454260231	0.0052864809870751435	-0.008828022953995741	-0.019353224723637718	-0.010952493001504983	-0.11703434641182892	-0.14491068638762397	0.3148444633602455	-0.0007549757191730353	0.0004861922927354965	-0.0017585873770952515	-0.008274498139082754	0.06911091736146409	5.039194888562409e-6	0.011183051405786756	0.008563542457835308	7.849673127478896e-6	-0.0017123576426670878	-1.0329816259110242e-8	0.07632860726797781	-5.598679562340863e-7	-0.0018619228677893352	-1.4894414491502403e-6	-0.44172259458562674	0.0012835424641130344	-8.376064559090554e-10	0.00020617955221669134	-2.9118116702489126e-9	0.00013019546864272738	0.0036628934067703517	-5.9687976346233e-11	-3.305668069229621e-5	-1.966993982458984e-5	-2.815743955068392e-9
0.03354696494701475	-1.0375255743401522e-6	0.06304387242553273	0.0004890221090682314	3.0716537199322605e-5	1.5193699579897702e-8	0.06820774669702363	-9.552455647008499e-11	-6.797986298519025e-5	7.509094138278756e-6	-0.00034964757877619485	0.0586548638715951	-6.6080118797036e-5	-0.009972850887870368	-0.00026587825107156083	0.008896090547756278	-0.10481841357043652	0.00473638546527898	9.645800805937443e-5	0.33365589980056215	-0.003158749108536074	-0.004736539234695837	-0.004143465277488243	0.0008112349105530921	0.08478012461770328	-0.006400655900993406	-0.000401696877024488	-0.09527834713807203	-0.005740594405311261	-0.07117510118611006	0.08475764411419939	0.00808657808273377	-0.0807130134226761	-0.0026252937965690623	0.09195546796532249	0.004326387951959486	-0.07053238290037997	-0.25400647369892887	0.03443491741845797	-0.04049337547696862	-0.0012837671058168975	-0.06973433294225968	0.002413419421791798	-0.07667080340517028	0.11904109524633683	-0.01677948778372687	0.02697937777428277	-0.06736454360835961	-0.0061762415594988325	-0.1072424923978486	0.08593583216936196	0.020760522008588248	-0.04684985511529649	0.1177339936555089	-0.08726759713099405	0.015164255010771155	0.10574145303910733	-0.0025044665933062356	0.14359440519585157	0.011020777872770735	-0.2212707273897266	-0.06189977037517398	-0.16635822355798918	0.04088481575878792	-0.2004057748600598	-0.09493989197660253	0.023129633241860615	-0.026462150983490283	0.027570822611540778	-0.0027490072788306586	0.007957242523844504	0.04257805050644844	0.07210725237219637	-0.12338662522670647	-7.46554885387281e-5	0.00021835289946756396	-0.0011540973691405425	0.006405582427007905	-0.06535506553999947	6.169785775163335e-6	0.0627894517202263	-0.008751181005722633	-0.00027505276430867497	0.001993794650962198	2.382484621349032e-8	-0.10365323999167064	1.4577653299380695e-6	0.003794182956780241	2.3463373994517923e-6	0.6840016418811421	-0.0020608688786976515	1.1358594786262036e-9	-0.0003431446244935873	3.44517714276006e-9	-0.00014566632291826415	-0.0066449193056312165	5.279488128951346e-11	6.649776524585689e-5	1.481059886543842e-5	6.156183699396169e-9
0.019108512196764932	-6.041000360151908e-7	0.042111244408788294	0.0015061648775799342	2.7715948029297682e-5	1.3719459517460541e-8	0.18900447917246294	-3.9750797391354554e-11	-3.8104779167291003e-5	1.775305092980595e-5	-0.00024231368669480136	0.046402458530400516	-5.485730950165025e-5	-0.010196337579835867	-0.0005202232950995086	0.01709132348963624	-0.1978375012759265	0.009005747932736822	8.522865797101302e-5	0.396022303298489	-0.004127068367971556	-0.0064316156992512506	0.009750035833194344	0.018392280839005876	0.33467849786590526	-0.03254650288379977	0.00023221397069114912	-0.2041491958236196	0.006147152357417655	-0.06236846831047073	-0.11204644646936147	-0.0013744900500438765	-0.13841032373139747	0.024205501714218917	0.13493848125491842	-0.07213910300835046	-0.00010325957610420186	-0.3015878820343085	0.058073275882473276	-0.023326017497986254	0.019826866722100336	0.009769030098412446	-0.02323755722852496	0.16992892346974048	-0.1843975683425796	-0.0034838597698117683	0.10551280584710003	-0.004584733799264844	-0.11084984091963504	0.03006360175931766	0.08971033273306024	0.11774718144728155	0.05118035594970088	-0.011337507162339316	-0.04150287381473198	0.10331762647847641	0.1230835596714539	0.011554427656271586	0.03393412831938765	-0.011841432767279949	0.056183904073889235	-0.005491918284089788	0.13168827698751465	0.02932206602294034	0.14220677922331712	0.03532583367078012	-0.001547901380186875	0.0001573236694690808	0.0024015920519548546	0.02003385732388319	0.007781789993187522	0.09885317436283407	0.1127683641617145	-0.2579273238228428	0.000796194507324968	-0.0006194481701780796	0.0024942711581161696	0.004045521347727606	-0.019695700242883602	-9.890363096906939e-6	-0.06563248343205093	-0.0005156454806494118	0.0002487279584850277	-0.0002462399454694941	-1.569181800196797e-8	0.03876037990826034	-1.0888960696988656e-6	-0.0025644462256838815	-1.4377026215027548e-6	-0.41626279134392496	0.0013943148065748607	-6.542936131601011e-10	0.00025580104057358014	-1.8671666308831414e-9	7.688555285795437e-5	0.0060968229444793185	-2.472949374761857e-11	-7.56581976994517e-5	-6.338368590968089e-6	-8.175392550973574e-9
0.010857193626443355	-3.5384073664648987e-7	0.029865472537148323	0.002733986060266539	2.7908556834236934e-5	1.3824277500909903e-8	0.32116323971174965	1.8201756628994595e-11	-2.991553242494836e-6	2.530641382503544e-5	-7.449408115781279e-5	0.019164012551835974	-2.4648962601296506e-5	-0.0062116548155903535	-0.0005500915248438237	0.017696065163847356	-0.20049486637808264	0.009160352437909747	2.612934085468116e-5	0.19672434594652585	-0.0022342752017179297	-0.003589010347540487	0.015829507922409416	0.020620646808721874	0.29242831707049455	-0.029944526281988407	0.0006514638171267693	-0.119765875142058	0.011569515839812137	0.013172650540786257	-0.1825521483332946	-0.009191423166007491	-0.01758481872233197	0.019593276691714314	-0.00019140575147820823	-0.05166264354391651	0.0704715265689566	0.11499027277303545	-0.00991282725898724	0.03319647049819672	0.006405834236904583	0.07166851861971045	-0.006397167949985488	0.09611387517631097	-0.1332424038447096	0.01691835998303774	-0.032675693933855846	0.06786873901029346	0.020341607221376453	0.0997234846439061	-0.11456724282200369	-0.060648595214270684	0.02670718272751548	-0.11211847327254786	0.10935369496922445	-0.07255805314606005	-0.1812153213409057	-0.005010833447951065	-0.17031602615668825	-0.0011314165653577646	0.1709013431287863	0.06692380404125986	0.037821212558381875	-0.07046633716612077	0.05244057721617226	0.05560758025249269	-0.021211086530153047	0.02626354212796069	-0.030668371200805365	-0.023381026418545125	-0.01928106292466788	-0.18924745814428262	-0.2415370602996486	0.5149183803694879	-0.0012062793895476743	0.0008142542666452476	-0.0030715855128605027	-0.013351351412147201	0.10105953739785521	1.2057953363505812e-5	0.06347933270325332	0.009770270288075021	-0.0002197995020638995	-0.0014916995224486577	9.895416168238932e-9	0.019658391618233736	9.244377704967648e-7	0.0019074051720241725	9.66473229398424e-7	0.2780079503358334	-0.0012242542084144074	4.149186734554038e-10	-0.0002715493880577338	1.1179013675258285e-9	-4.488019962116599e-5	-0.008752303492561618	1.2878549814101272e-11	0.00013714131949495113	3.0177240833312993e-6	1.7078960907382203e-8
0.010205562454879715	-3.439750500113573e-7	0.0350152047066025	0.005372696882430732	4.181515368927919e-5	2.0720613789772186e-8	0.59344347766074	8.200375744135893e-11	3.140755389770769e-5	3.8544149067635706e-5	8.389747112490606e-5	-0.007054513029793063	4.817720885114654e-6	-0.0020000272994358894	-0.0005495273825134297	0.0170986209123995	-0.18699862482912552	0.008575487364061534	-3.781661993546007e-5	-0.05855208769243278	0.0003669549944964953	0.00043563197871649063	0.01517736432727703	0.013393282004209833	0.10491598469898095	-0.0121574991257622	0.000713560446646278	0.03293831165048182	0.009175626337099113	0.0795742538628411	-0.11595785954327122	-0.009471392245217035	0.11930670446615042	-0.003100104874655549	-0.13514064825802619	0.01880471973088482	0.06814573249421342	0.39784923809193806	-0.06598807062815132	0.04619842184380609	-0.015762248145186786	0.031380889453922124	0.01973437670761582	-0.12277571023096613	0.1240130264052158	0.00917379043563063	-0.1160406381416789	0.02265178866728462	0.11590248728458569	-0.017490948327675292	-0.09624347468214763	-0.1200165418999875	-0.051644635213111655	0.02469375178390099	0.024445909847682797	-0.09030580664637539	-0.08013306294843564	-0.010180219210461406	0.03611295934005386	0.012360719638034428	-0.1451091099446772	-0.030555007622325055	-0.1543769104652014	0.015259868640483997	-0.17704382905499705	-0.07632176882189033	0.019858832406327676	-0.023433215928537327	0.025617373757389022	0.001666428235304118	0.01302229562648572	0.11074427669477538	0.15927003807697734	-0.33001371088322645	0.0006907173821366645	-0.00043159173498623897	0.0015540074793905117	0.01385496658637554	-0.12548914924321375	-7.796258136317105e-6	-0.03261434440942164	-0.015118336234548491	0.00010588636513947457	0.002726741934957291	-1.8500712137270771e-9	-0.07396561057523592	-5.857641856659499e-7	-0.0009588036444987471	-4.2571634688836986e-7	-0.12165051797986669	0.0010295930686349988	-1.7304502103978778e-10	0.000294585460089557	-4.442881553119145e-10	1.745869620091845e-5	0.012714255284690675	-4.627080357978738e-12	-0.00024187719249712462	-1.0145683913121983e-6	-3.393969471992155e-8
0.00757140115722247	-2.6020837344678034e-7	0.029248398592074596	0.005979605280690061	3.8877033834861156e-5	1.926751745941053e-8	0.5939657341967649	9.882904162576883e-11	4.52185073219677e-5	2.5972495028029098e-5	0.00017788373779318407	-0.0273401431505513	3.0121225480689782e-5	0.0040731516435225795	-2.715947269736427e-5	4.951785492607292e-5	0.008783198429923051	-0.00037007235442945284	-6.093143399730985e-5	-0.24480845854885674	0.002523690923447845	0.003927245167141748	-0.005501085582508275	-0.011952302472271144	-0.22853156293762994	0.02266624186697187	-0.0002536250052402255	0.13739837179300665	-0.007622326757678852	0.01960774115435212	0.14141562481251682	0.006484758531682379	0.04050868211421554	-0.020160433947952715	-0.021700635972412115	0.05426015972681615	-0.06561248225459634	-0.13770810794388214	0.016233692812241046	-0.0426776158279477	-0.002312229128576683	-0.0817122110721406	-0.0004430317717782659	-0.04655787378101134	0.07854837247417153	-0.022036516552951847	0.09905513398973805	-0.08209455730548092	-0.09519583362883373	-0.08628776818125933	0.19514258555464176	0.16347990958934613	0.020372673855809747	0.08709496436915751	-0.1350269719525101	0.1695065271443522	0.2718651517748048	0.016906166880765426	0.12317038319965579	-0.015595087430218318	0.03436395849021761	-0.023142937012704038	0.19283633173085105	0.04716607952083597	0.22348974815283804	0.06890864926040713	-0.01369079970692382	0.015458622755139354	-0.015643712147934658	0.02034422279456419	-0.006414769037325572	-0.032435875084330566	-0.08026930503492938	0.15700330748106098	-0.00026278719481001876	0.00012878589147284871	-0.0003661969170430971	-0.01761384072254345	0.19143742230524305	6.349237874262628e-6	0.016162468637099064	0.027940699951812784	-4.5719169394071565e-5	-0.005480845274004261	-4.961356729451261e-9	0.17894501974299842	6.605067376692361e-7	0.0007210309207523013	2.3502103989752716e-7	0.06615502918537226	-0.0017349336057073163	8.487091174165605e-11	-0.00058895396599195	1.9803615283731758e-10	-7.432390529027383e-6	-0.02994352481901543	1.8065144560800252e-12	0.0006391915576507998	3.6161176535103403e-7	9.696290145953381e-8
0.003492137524271119	-1.214212754111861e-7	0.014462288404024554	0.004345505331763048	2.0409828213257298e-5	1.0115960051579605e-8	0.3245082534633753	5.937474043200771e-11	2.9541590806950055e-5	-3.902279170868145e-6	0.00013591878364621938	-0.024725379824119015	2.949812119154685e-5	0.006369026157506862	0.0005209054693813528	-0.017047061258524714	0.19603302380655763	-0.008956085977965081	-1.8464658657126925e-5	-0.1433208686253946	0.0016320401763139586	0.00262691156263193	-0.018939619373938853	-0.021169597521384035	-0.24487427268429499	0.025803998989794096	-0.0008558280826975656	0.04108028969876294	-0.01248050314922354	-0.07143030199608962	0.1666059469362884	0.011346584187045197	-0.11138568588328113	-0.000656676311377283	0.1315515584289311	-0.01112541094443462	-0.07304699927913033	-0.3904536075921758	0.06448821529996776	-0.03758479400438628	0.01635490246545835	-0.005505809867751856	-0.019582320708193084	0.14140974684561078	-0.1583887844675779	0.003045772708769291	0.05971396103790452	0.028626553374211525	-0.054744736336784096	0.0834800408116759	-0.06646771651116273	-0.019499340095150523	0.03314186196761792	-0.11265595303450918	0.11690180513324178	-0.09109346456070032	-0.22648863587520202	-0.009516795354124785	-0.19649414199275658	0.00868955646749167	0.09661600298495827	0.063636854180864	-0.1330886349652305	-0.08711744538757474	-0.17051535105779173	-0.035866173841835124	0.004156239232234552	-0.004037910711016972	0.0026108028901990167	-0.038671478620851095	-0.0003863437570341125	-0.04592564585976943	0.002642089934604587	0.010881685977874866	-0.00013269554475236843	0.00015062833751748942	-0.0007451487771421184	0.025451305307786994	-0.320073428782906	-7.172911186053253e-6	-0.006798305133735281	-0.0544816614145499	8.6028850318942e-6	0.011269697756147983	1.506494252870467e-8	-0.4059078847399011	-1.1991732398155726e-6	-0.0010153603214115986	-2.3678253827047628e-7	-0.065284794920768	0.0039509448348023215	-7.179135099916496e-11	0.0014237871299293534	-1.416026895252262e-10	4.786199185111557e-6	0.07831714138089174	-1.1001575330166843e-12	-0.001807511166313724	-1.8866394454212577e-7	-2.915391420739315e-7
0.0013368224956298836	-4.7030309991006903e-8	0.005944587306126698	0.004306315367422163	8.930118859209136e-6	4.426529698305109e-9	0.14826996745192816	3.0152871910567285e-11	1.651399405415877e-5	-3.407203097896998e-5	9.089979005961937e-5	-0.019741675675280377	2.5366461267989747e-5	0.007483025906758077	0.0009625217767258926	-0.030445009258237805	0.3382737893037633	-0.015484387707859471	3.01788651322001e-5	0.02030829391778694	-2.03168760339738e-5	6.991679906217248e-5	-0.0215013548532808	-0.01752451704715395	-0.10308325647693695	0.012010804082668854	-0.0008612942879424758	-0.08479441278949729	-0.00704699426996564	-0.10226290136180992	0.04184276605271014	0.005213225122757239	-0.14491486180211752	0.01955094326774895	0.14104309154911804	-0.0640875475766659	0.005969554670005766	-0.13096121630377472	0.025645534348345767	0.022382939817184623	0.010252330330789039	0.07937147441988976	-0.007362159797342723	0.09485872898868469	-0.12672429053273065	0.022606947812566072	-0.08871501383688435	0.08544887789714746	0.08975644940808321	0.08437143838025639	-0.18902714507882717	-0.1613035393080729	-0.025887968726833365	-0.05688549674211077	0.09937069812131133	-0.13959503359735242	-0.18443050447196044	-0.012877915101109723	-0.013073176244329323	0.010311826366295133	-0.09903497568771825	-0.020617395683843426	-0.09316326537412183	0.020933684629503874	-0.08480186099403646	-0.03712163766896023	0.009483428714971785	-0.011278278180403828	0.012869363751071755	0.021310600950587233	0.00688920739788937	0.09014428848303595	0.0768998190222842	-0.17104987451457054	0.0004461291434098326	-0.0003456652876140158	0.0014593358054673861	-0.020302381208487888	0.3160894399508822	5.2409812660266425e-6	-0.00462759013421071	0.06735803729533422	3.055757969010102e-5	-0.01493872494772002	-2.3989839612112988e-8	0.6084678510248174	1.6905626974646787e-6	0.001305804516345677	2.567979127973172e-7	0.06989295532253208	-0.0066763766188423935	6.897856521571899e-11	-0.002509019261580188	1.1585509191606457e-10	-3.3421380245461986e-6	-0.15005294907494335	8.65245032617255e-13	0.0038152730799786596	1.2620042503111352e-7	6.653930743740721e-7
0.0008423180206524202	-3.0099686173026865e-8	0.0041136607771117845	0.008825122481125427	6.682178624515247e-6	3.3126421013533557e-9	0.11714090794596613	2.6975728920655055e-11	1.638548797076661e-5	-9.037539501614233e-5	0.0001066882108074554	-0.02651630110468531	3.575654042337734e-5	0.012382341095068238	0.001872950209251372	-0.058287703964833425	0.6367362280773089	-0.029161271917394684	8.959329381619232e-5	0.18917366627959836	-0.0016772515644204607	-0.0024721828972847325	-0.026581575699693834	-0.015348559484171525	0.0340025848304558	-0.0013586155649842418	-0.000861727982678682	-0.20828939088854617	-0.0006748156452293525	-0.11760919512625408	-0.09165004325259199	-0.0023673814648118036	-0.12464568182060148	0.03232068708501878	0.09392149159549443	-0.08979630494061909	0.08204861200362869	0.20979064918837342	-0.030101949784252017	0.06514692185856819	-0.004288861920124218	0.09412874229911311	0.011557543175268654	-0.04342198408338366	0.03222435914757463	0.016819083655490463	-0.13641522643431714	0.040466959401009986	0.12572221790312957	-0.027080767945749592	-0.04683768937700797	-0.0740255938233237	-0.04673317064725668	0.08857844299195768	-0.0785040607019824	0.04041221584091781	0.17016811774554824	0.006063693013362378	0.19478009491275042	-0.007829360893283191	-0.09880054108912396	-0.06371442750594913	0.13844578918970177	0.08522753000092317	0.18085489214331676	0.04309923434680775	-0.007199308599736897	0.007915998099958138	-0.007388197128701828	0.030451419609651344	-0.003310416686224112	-0.005018699010069876	-0.04754322381731772	0.09164990985940917	-0.00017524694534964508	0.00010807161464604656	-0.0003866945184502509	-0.00924318540111777	0.03741423907952262	2.3280832638195405e-6	0.01145046302889129	-0.01676762787527373	-4.132897522849895e-5	0.005468857363282964	1.4450714495665082e-8	-0.3537405637998308	-9.464140648002598e-7	-0.0006883933200162158	-1.1905506780271471e-7	-0.032040847270617054	0.005646458714250938	-2.833717089686186e-11	0.0023007231848742784	-3.5109273311613305e-11	4.26688382027592e-7	0.16280036314532217	-4.0286383621046e-13	-0.0049569652887787785	-5.0384231488516386e-8	-9.883548496579641e-7
0.0003421194023041534	-1.2346005472280159e-8	0.00177154614961008	0.011661224773000276	2.995311814838126e-6	1.4850348846077345e-9	0.05433291885744832	1.3403195718193022e-11	8.588306207519432e-6	-0.00010310821924064676	6.057966125310294e-5	-0.015962327167348283	2.19523501667158e-5	0.00807831614841276	0.0013560961829666332	-0.04097705745975763	0.4338983347163145	-0.0198750240222162	6.907127202946997e-5	0.17051479890967444	-0.0016170078643546267	-0.0024529106958032436	-0.0015718398540522597	0.0047128362444531224	0.13016725038284044	-0.013078901344054305	0.00021927236568929266	-0.0657610017132899	0.006630173027823776	0.031762436073167886	-0.09154034585024728	-0.006333641193597058	0.0975941303754066	-0.007577827531294232	-0.10821807744209674	0.034847109396126	0.015264904688102252	0.15831750913741716	-0.028406234440895895	-0.023537794891538424	-0.00994263248718639	-0.09184898614461355	0.005523195854676615	-0.08547390674258239	0.1185542910910221	-0.02883692317826571	0.14117164448931194	-0.10327547103671235	-0.14737975578010368	-0.06864691273732212	0.21945775592401937	0.2108495973229227	0.05972802221488911	-0.016267381969009904	-0.031644633412725484	0.10378747438758759	0.02383576805016081	0.006929580803544418	-0.20469197477383785	-0.0011851516402705841	0.22026903579868218	0.09996443806617868	-0.08773274045212187	-0.13508726625684755	-0.16315793471791853	-0.02511212556861154	0.0018194838862491329	-0.0013316809873836098	-0.000897978550583877	-0.07109389731069211	-0.000977734680677093	-0.0810390678759838	0.010247299885115267	0.001631161422796147	-0.00010626028953410238	0.00012978914291188605	-0.0006763935251186558	0.039227367229726966	-0.39628143327025805	-1.0301138419794041e-5	-0.021186630162033003	-0.028677021400784874	6.53290172624197e-5	0.0019797328069041643	-1.1840083006405462e-8	0.27502680727375134	6.927659352506215e-7	0.00045226314820546185	5.688702694076642e-8	0.014746552115188665	-0.00849358972514774	7.551797922262054e-12	-0.003780158463379722	-1.844787836420296e-11	2.143628705320689e-6	-0.3149048432281563	3.3779573544951867e-13	0.011165252033572898	3.2172914894917604e-8	2.470293706216316e-6
0.00012497232401121816	-4.552624572142932e-9	0.0006869482066828337	0.022000569523499117	1.1618522358400344e-6	5.761504896900661e-10	0.02215092541402393	5.845299062122937e-12	3.935226088106604e-6	-0.0001521352501459472	2.985473519326446e-5	-0.008291147982124878	1.1604959777645746e-5	0.004508157618149956	0.0009369582661931988	-0.026102254631089374	0.25137148986822433	-0.011516031102535117	4.4535701992224685e-5	0.12505551200376552	-0.0012500216647220559	-0.0019382248433901432	0.02390611269705305	0.023213448238055677	0.1782526658724854	-0.019832778321080154	0.001207991377848709	0.10590439284609116	0.010300427712240245	0.16314236875433655	-0.034342525082134145	-0.005913091939397569	0.24310048747171417	-0.04144859528059753	-0.22200856949452474	0.1302098242883068	-0.06536543413413216	-0.05709256081895518	0.003802918554379721	-0.08436271593008307	-0.003286405135608151	-0.15856534183637225	-0.007829421454286549	-0.0093988948208606	0.03660499314917586	-0.030190655721094275	0.19988188129886147	-0.08111465000623644	-0.18110296547438143	0.009681902605637777	0.08730653687138012	0.10877307667448	0.05330296855604486	-0.0887126996998356	0.0794091121518464	-0.04580402554352973	-0.17278133572181553	-0.007081427961700093	-0.13666848516569413	0.008222346798709155	0.012245526632068784	0.022604344447759283	-0.0969909764984647	-0.01696919564068544	-0.0932496096316708	-0.027784424875422715	0.005860364203093931	-0.006905433130332173	0.008094216467247435	0.026476015147769025	0.0042408400589179895	0.08444928996499226	0.03730718696787835	-0.09330461667511948	0.00029269259041191895	-0.00025907107000498346	0.0011920070035165925	-0.03835316420790661	0.48141627619918265	1.146948782941974e-5	0.018641301252650747	0.0590025505823741	-5.574826741902506e-5	-0.00850871815986859	5.030360189520561e-9	-0.10375847343191684	-2.2031829026105505e-7	-8.939236965453135e-5	1.661966113752683e-8	0.005386375707046336	0.010088140444803405	1.424099600129603e-11	0.004879530069141879	7.090358070040126e-11	-4.65983190270403e-6	0.47390334817280105	-3.241112562867936e-13	-0.019472705356435322	-2.3909601754507746e-8	-4.7884893468304795e-6
5.190089775401968e-5	-1.9140720700081545e-9	0.00031358523126700475	0.05365733168296189	4.255095263675927e-7	2.1124853084433966e-10	0.00966522848956978	2.8131818558576086e-12	2.0037650253835266e-6	-0.00030423609447805834	1.6429244095345863e-5	-0.004816227752265998	6.862551031163764e-6	0.002815003066655607	0.0008903269921709145	-0.021275705864006608	0.16243624703033036	-0.007442930919010992	3.1909241107407e-5	0.10064802858276967	-0.0010528079639259874	-0.0016629941349241867	0.05004471342149006	0.041582581013153014	0.21852135553735388	-0.025511450580126344	0.002081541312374208	0.26511956163022127	0.011676799882737858	0.25521599253243266	0.033093684750152924	-0.003321804391339334	0.2766013385451903	-0.0558413415198103	-0.22681832493076354	0.15854720226689256	-0.10798080204679965	-0.23196797520590126	0.03316494898192799	-0.07279545250851512	0.006368960180345153	-0.07100754941079558	-0.013356585369814957	0.0766061444815118	-0.08538703159544526	0.0050101723570812285	0.013753619289726677	0.0449460578771071	0.020375457771663875	0.074252421480504	-0.17493866390319487	-0.15751699170961705	-0.03651412770872755	-0.013341933007610407	0.055222212555672695	-0.11631774968421754	-0.061135617643802966	-0.008194642884617543	0.19900446152645948	0.0011351761764549675	-0.22109485096559697	-0.10190239531532873	0.10199033817803099	0.1381379445565716	0.1828729754010273	0.03301245778594905	-0.004224455342427073	0.004324156778881942	-0.0028311776382550875	0.05851189532010515	-0.0016774470706544464	0.02575530331506756	-0.03536949846022915	0.06264839534411483	-0.00012196690486467744	8.728859923072867e-5	-0.0003547930531485059	-0.005176190596088449	-0.07730429984471208	-1.32787541677856e-6	0.0007780341325092822	-0.03901460081024038	-6.353219858515953e-7	0.00831562217509958	5.200831204547449e-9	-0.13620238289394518	-3.9343003402705324e-7	-0.0003276278064812007	-8.140382055535887e-8	-0.022729118323281745	-0.006911133469151893	-2.9498387393296245e-11	-0.0038999536457392566	-9.604585849790774e-11	5.541565056240441e-6	-0.48901492451256307	2.542262868131064e-13	0.025102576914197892	1.5256348269797314e-8	7.168992847900586e-6
1.9278167578830946e-5	-7.27841934551972e-10	0.00014776516972136167	0.1172634286242812	-6.796639870800072e-8	-3.310410989802071e-11	0.0021636050226803353	9.084305345134246e-13	7.096787715286887e-7	-0.0005488243145885796	6.387158598990433e-6	-0.001979927273579914	2.871357760676576e-6	0.0012424476875044972	0.0008651120985595734	-0.016692586897439073	0.07330741443390128	-0.003359796744786617	1.5896898599461278e-5	0.055589987793195954	-0.0006053418117022625	-0.0009720612717756416	0.05887382221227199	0.044184448677613196	0.16758631431581203	-0.020278131427625874	0.001979150268699825	0.29414070731178243	0.006091307071524842	0.19047260760777893	0.07830280794738054	0.0017296871848531087	0.07934665889479806	-0.02313483952377949	-0.035566113031538796	0.04605275474477605	-0.04746460298688703	-0.1555067770466332	0.025309823625018473	0.028428293171685985	0.007833174706024295	0.11215857256195644	-0.0005450396397067028	0.053062424455783484	-0.08207956624106694	0.03227335334285232	-0.1943588619265701	0.09664723153584244	0.18778136044767973	0.005573409004434343	-0.11116841724550419	-0.12717028585641232	-0.05556658268866955	0.08924303196221456	-0.08363929253664396	0.05743032093050497	0.18241855367381246	0.008678322851863521	0.0706188552761578	-0.008653252465204915	0.08524707771621834	0.024194277976294257	0.043903489705617506	-0.05946157162200171	-0.013719720268798379	0.006066863881395794	-0.0025488355275215813	0.0034164156149201954	-0.005732351093170362	-0.07613730114101211	-0.0025640409729954547	-0.11092971424444983	-0.00027874290127681214	0.026744634278187872	-0.00015203228810587154	0.00015332759033368203	-0.0007525603377579645	0.044882141388906026	-0.3764950148335328	-9.627161111310253e-6	-0.019783705090114064	0.0003301394953224032	5.672283656484294e-5	-0.004659010051863081	-1.3837197633817708e-8	0.3368651894722565	9.018050929544851e-7	0.0006685616610219338	1.3387025698413748e-7	0.03678767918983647	0.0030466677619984586	4.223664408064301e-11	0.0027154762913366177	1.200640528873685e-10	-6.549415066769587e-6	0.5383061071461103	-2.352162893027982e-13	-0.03665694002957584	-1.2052764606388228e-8	-1.2320510317141847e-5
1.4162389952581696e-5	-5.651471530690198e-10	0.0001754197889470997	0.3266200795527071	-6.442435387397903e-7	-3.1778257413061953e-10	-0.0028213769755112274	-4.4063937671178454e-14	1.008502077140095e-7	-0.0013156181227068164	1.7961165724218307e-6	-0.0006881629950434987	1.0536843013784366e-6	0.0005276055342687281	0.0014208670879640771	-0.02310890821986939	0.03155776152587358	-0.0014476013502097147	8.490981079791173e-6	0.03512073100289183	-0.00040594470035217007	-0.000667549818491758	0.08546041878242927	0.05864190417606421	0.15521830643409767	-0.019501353030366642	0.0022303244822265774	0.3691723144566222	0.00081821612220008	0.1320246732613202	0.12162159229679294	0.0066201053702139336	-0.13272626168555446	0.01410488121023014	0.16340042331020074	-0.07752955636248117	0.02765131633801615	-0.011245076854108377	0.005440543255846419	0.11304644520262622	0.004295085165543123	0.21693111481880412	0.012661937192519058	-0.012004012163588354	-0.011472599073585495	0.029302655215764587	-0.21764935530788132	0.051032633471676636	0.16276142468227614	-0.06949857120722508	0.08779359123826971	0.060321375527381906	-0.0029099611633168396	0.06757944464348772	-0.10297163922695994	0.14776355259188867	0.15049575914965319	0.012122706546339151	-0.1767171722506002	-0.0034534369802384644	0.23870231006214304	0.10645697926067735	-0.09641524997587105	-0.14373963335591314	-0.1837313094533766	-0.03307530817934371	0.004572103459840493	-0.004868619385727745	0.003901604288217671	-0.043190150677466406	0.0025802811906365146	0.01647056895889944	0.03548082930607225	-0.07374573910536375	0.00019885969793890382	-0.00017375367322028398	0.0007996314907255132	-0.022374620569082633	0.3445216600231241	8.451247118286193e-6	0.015460847132022228	0.038726296019062384	-4.964815622871859e-5	-0.003954821838781383	9.270829132696158e-9	-0.22221314008080642	-5.847288860662046e-7	-0.0004213391179506361	-7.939896086981146e-8	-0.02171068484817493	0.003093570842254857	-2.4019706215131418e-11	0.0003699410976813189	-6.493559684854267e-11	3.4655730512460526e-6	-0.27666892030993684	1.1097450839246469e-13	0.033127388264375564	5.350344819216878e-9	1.4256715974351784e-5
1.703677720364769e-5	-7.096650509334424e-10	0.0002814302286263125	0.6601805230330106	-1.449616325697522e-6	-7.154291716162342e-10	-0.008654204359860565	-1.0047358473982014e-12	-4.975982748121224e-7	-0.0021992859548454298	-2.8114944003797623e-6	0.0006604197157497193	-8.753603708448764e-7	-0.00027815428556910853	0.0017050825023287102	-0.0248174552819015	-0.017019560064919562	0.0007780156484427199	-1.6428561697346767e-6	-0.00011113322067997438	-2.2710308276208866e-5	-5.253759417439397e-5	0.06410001170181766	0.038245987473591356	0.044669992511854724	-0.006187310165686484	0.0009559169770619978	0.18347984837599893	-0.0051187560005618435	-0.03595239206700375	0.05708583728656336	0.0051831218027627935	-0.20551412069377434	0.0364130263475206	0.18596578067975866	-0.11556364577242824	0.07040815661135413	0.14762015371852868	-0.021704627427984454	0.034110708657386184	-0.005691077224549569	-0.017059419087210394	0.005759583736363052	-0.05732158458095761	0.07843808125003819	-0.02639726437844644	0.153787810515259	-0.0899915623669784	-0.1694538129964223	-0.004898520450494665	0.10425366595386892	0.121236605384635	0.05601230154961346	-0.10646985353172335	0.11368288964621227	-0.1039929450310662	-0.23852331000396998	-0.013649038134767295	0.02605659144871294	0.010707206614251912	-0.2418636309222753	-0.0959901797253679	0.027027062546900335	0.16991914626132815	0.1607232777917344	0.02280862202011602	-0.002018959601971434	0.001559456683751976	0.0016380187685364656	0.12208735248141717	-0.0005704241769259535	0.09045157409255794	-0.04450041079383414	0.06747292310599898	-0.0001200930923024964	9.454706969156045e-5	-0.000409914209473984	-0.011845772999482645	-0.16523527855773434	-3.916699696472692e-6	-0.006244381287699274	-0.06755684185613901	3.011871974433786e-5	0.011772372944943727	-3.856316755369596e-9	0.0912586413669417	2.368553492423675e-7	0.00016692383209244066	2.999701782296993e-8	0.008167997737729108	-0.00959170982161458	8.919656778581899e-12	-0.003515519618890695	2.3018889083511696e-11	-1.206264385346368e-6	0.09389833413255824	-3.281819366268112e-14	-0.04454405801057643	-1.7102995867006617e-9	-2.4771052473842637e-5
1.3061515796185464e-5	-5.542536549248377e-10	0.0002412217293492992	0.606899764744701	-1.369811955804815e-6	-6.761317497215121e-10	-0.008725711320556578	-1.1810592068443246e-12	-6.664667067109517e-7	-0.0011533072032307969	-4.6766119161993245e-6	0.0013163555140536828	-1.8660803246666062e-6	-0.0007672204380848693	1.5935958470909725e-5	0.002509275576385805	-0.04546976537125072	0.002083439559414772	-9.661507388980053e-6	-0.0351889032847867	0.000392752181224025	0.0006376752435408246	-0.05515881001780945	-0.0418356657242996	-0.1372950588602405	0.017082886407750013	-0.0018959930132430465	-0.3090775616097286	-0.0019565814485401184	-0.13936457852478445	-0.1132320799901896	-0.006215916925781012	0.13594228552381957	-0.015009497350570415	-0.1719169988192421	0.0855797070934588	-0.03726113161471494	-0.027858407042068385	0.001148525168098473	-0.12713476726747372	-0.0016345040851817277	-0.20792632476681014	-0.0158550756518192	0.04705165012260099	-0.03942003075049099	-0.009090223823471568	0.09772145039154473	0.024183467932423475	-0.01811074767875488	0.07427925044979339	-0.19673806146669193	-0.1893899231992068	-0.05979036162318186	0.06243566700935166	-0.04004125740836938	-0.014512354367930186	0.16889464943800853	0.006662002503058293	0.1372858418815927	-0.013260396911713374	0.15368498351351742	0.051028832567637114	0.050417610770612166	-0.1510171761168372	-0.10015958884425565	-0.008875566496186463	-0.0006042615853581239	0.0017680107424315388	-0.007203243746081799	-0.20466351530255872	-0.001336180778766191	-0.21632782558608682	0.06367938423494561	-0.0776522120373768	8.151704484433847e-5	-5.2480377330452906e-5	0.00019235906148787124	0.05131080509468691	0.07495214577470492	1.6100491038152243e-6	0.001084993178232544	0.1438242637579828	-3.213538069783352e-5	-0.02859447551551382	1.815107665319268e-9	-0.04178612379758858	-1.0536415885623838e-7	-7.094622691926404e-5	-1.1494381172751485e-8	-0.003094734343297674	0.026467353245201036	-3.5955198356914462e-12	0.010629614353907142	-8.02719035957268e-12	3.9948368149773e-7	-0.028621828663804808	6.215544612741291e-19	0.11909778034631215	7.017251500341e-10	7.412449691827382e-5
4.978747961201431e-6	-2.13135011789722e-10	9.681030545334952e-5	0.2511486719511813	-5.735249780396586e-7	-2.83104411437181e-10	-0.0037524635831301975	-5.388202823612054e-13	-3.1833680452980755e-7	0.0008035767323367864	-2.389455613020658e-6	0.0007069823882453615	-1.0199187922514239e-6	-0.000449955406957665	-0.0016902583042271112	0.027120024030715218	-0.024130097374062964	0.001107149435578027	-6.087040316836337e-6	-0.024556472832381833	0.00028525776920311784	0.0004709859024771842	-0.09500553152058512	-0.06029345274390674	-0.1117816900877947	0.014360652435090951	-0.0017850845167373356	-0.3117793626811959	0.00451227876981367	-0.00470485758777142	-0.08364327708988983	-0.0062122193135673446	0.21529219154903936	-0.03735462582891952	-0.19314852687559492	0.11709696804246061	-0.06858569735339523	-0.14268041788352248	0.021456543476948146	0.007264130704894779	0.006312063991702449	0.10860351532137551	0.0016420032058193327	0.03267383533601009	-0.05631363816509219	0.032561572090615165	-0.2214355175096368	0.07189662011326314	0.18332759019031147	-0.06108869439886098	0.08410676994881407	0.06380183720290877	0.00568094463156443	0.03569477594545283	-0.06681773509396433	0.12131738244554738	0.027159174160950202	0.005063786381141822	-0.2217876272531947	0.008830826898527907	0.005992140659941793	0.016738919735768548	-0.10841790736467977	0.0788230327144818	0.007420297910383664	-0.007261484491989315	0.003153589796226449	-0.004919888773265923	0.012250217157574626	0.27548320459261094	0.003367628418319148	0.36859023336430663	-0.09181945151757796	0.09996511871697229	-6.308262973783897e-5	2.6432926183266823e-5	-3.874767118872059e-5	-0.10899972550511847	-0.0184775857482399	-7.822360646611753e-8	0.0034644771383233303	-0.3084861428800901	5.4326489289712704e-5	0.06478394852545069	-1.2026981111015178e-9	0.02596363257167089	6.090233982286876e-8	3.609480929450864e-5	3.825227468499422e-9	0.0009593842988754064	-0.06966074514113482	1.8971759524181416e-12	-0.02881210805010847	1.7218360219476712e-12	-3.875731564708775e-8	-0.0033470659799413106	3.2816146302279816e-14	-0.35203131131572346	-7.113717806237631e-10	-0.0002332078752734534
1.5768549014721485e-6	-6.801250895618409e-11	3.2041347968214606e-5	0.0853310306284006	-1.9682498196447063e-7	-9.716168463919682e-11	-0.001317745324950257	-1.9916681926209594e-13	-1.2266312182676197e-7	0.0031339831707906727	-9.78666172586558e-7	0.0003050546779562651	-4.494333156348069e-7	-0.0002243318117456441	-0.0037089487921647835	0.0564026826021642	-0.0066424242284482725	0.0003074254187123069	-2.845634722418748e-6	-0.012834969332809273	0.00015583452042850505	0.0002623101130205217	-0.11727107200508352	-0.06558596371335146	-0.057591696000869545	0.0078055183519189515	-0.001124318713980407	-0.21151590512134547	0.009016550587783641	0.13208909009533976	-0.011328225612206805	-0.0026066983926967555	0.14965854799303902	-0.03420068699559562	-0.07848564321017197	0.06343343343879697	-0.04543501318050593	-0.12585537467085495	0.02113715972093797	0.13388462817634333	0.007155801265040351	0.2963701189747481	0.017148674365931645	-0.023173595284742287	0.0003723646613495844	0.02786262291306778	-0.2222556063497959	0.012225625664206135	0.10768329978846997	-0.09665471250014131	0.2217369190555208	0.20710267329574572	0.06105618442798979	-0.058113852121643335	0.0344136430617455	0.021897349739609884	-0.16880802457100927	-0.0068343958149196015	-0.09934374391349453	0.011328499799463257	-0.15536354697325278	-0.05602411528325396	-0.01142092311879093	0.12008175045825815	0.09701255415679386	0.012484766247686003	-0.0013606411411976728	0.0014104357850251823	-0.00104615069603281	0.015155299319779594	-0.0014885437335059042	-0.10336080382839143	0.017679723850347807	-0.012477429255413548	-1.8911325742995937e-5	2.471001167916706e-5	-0.00015059783931136347	0.06864575461660674	-0.05284512306868698	-1.514100174161946e-6	-0.005614778801273423	0.2757031436187277	-4.246306496724628e-5	-0.0635714845354768	2.8058060577847844e-11	0.0015256981877004594	9.665786445309518e-9	1.294404336237876e-5	5.037942363891466e-9	0.0014688835241238837	0.094721623464589	2.683006591968965e-13	0.04084709003109339	4.880586429355209e-12	-3.273201911513868e-7	0.035011607133878686	-6.692228161954414e-14	0.6114323338717137	8.607179285544938e-10	0.0004449266001371127
5.35603117156475e-7	-2.33086032545079e-11	1.147505948783832e-5	0.03156538138630022	-7.372982192928704e-8	-3.639853118543636e-11	-0.0005083110262875762	-8.227267496599634e-14	-5.4043965037201677e-8	0.008666413501115619	-4.7182166573444046e-7	0.00016251783519671955	-2.5070912177924124e-7	-0.00016932456188150776	-0.00847881300986038	0.12681156052249443	0.006085818201408079	-0.0002720701563077302	-1.3446255133878197e-6	-0.007691849047203894	0.00010121370014678211	0.000176327207216511	-0.1831416790397302	-0.09308144560795613	-0.020699041764785524	0.0035138500430476833	-0.0007433474498692021	-0.15918941550506394	0.014616319683689158	0.28252304859275645	0.06046492782891144	0.0010585442347804059	0.06658351796498273	-0.026746500040637323	0.047690220030132686	-0.0010488261871433027	-0.011498976183614215	-0.0629943099267265	0.012268397445594726	0.19170046378161087	0.003932231493146489	0.29779664889901025	0.021417872310256655	-0.06251415359399595	0.05677919897828774	-0.00098191554510515	-0.02733081773079817	-0.05889717764111641	-0.07074701026445401	-0.028139453490460518	0.10528168959684596	0.10902679396863112	0.04192485277279283	-0.07509379674996979	0.0888806330449914	-0.10779009681172526	-0.12170436405935409	-0.008637091021378265	0.1834596506134604	-0.005000454061832074	-0.048990272007059014	-0.03121904939492561	0.10616573485877831	-0.05907932855911761	0.0054604517375042615	0.008008727273031419	-0.0030635386225941518	0.004794141883413166	-0.012128317239463587	-0.27746894836468183	-0.00294800528726452	-0.33650266633187087	0.08599943922303398	-0.09566383416015149	7.131953747379588e-5	-3.863255040615747e-5	0.00011719228549690232	0.07168142325390289	0.0522740542610537	1.0922353400581041e-6	0.0007500266495385874	0.08707728771601375	-1.9665383646797462e-5	-0.009744970241760438	1.1753235453738679e-9	-0.027479812211651505	-7.070785283068573e-8	-4.968675454320405e-5	-9.522998202390156e-9	-0.0026306738193073516	-0.0423775895548757	-2.218302062552483e-12	-0.021419549835536105	-7.92303330827389e-12	4.659253594913617e-7	-0.043995030010690446	6.638977568361065e-14	-0.576306012401023	-6.997707654061391e-10	-0.0005092926317604142
2.4894725703707603e-7	-1.0963731695123984e-11	5.72726722373777e-6	0.016466042353488235	-3.9132092923776586e-8	-1.9320102215597416e-11	-0.00028099305134822656	-5.014165240400693e-14	-3.66376906322146e-8	0.02228916000953508	-3.5916745371093543e-7	0.00014383975020795843	-2.372570928303786e-7	-0.0002281657582432176	-0.0187902692107625	0.27850262551729527	0.0226379920283614	-0.0010224743461969526	-5.474159469734108e-7	-0.005812769674760704	8.62510995002484e-5	0.0001572700835172105	-0.3009597028955197	-0.14387959065340217	0.01180212430853476	-6.87323522994847e-5	-0.00048181103242271036	-0.12890269353233896	0.020703004556475522	0.43721699953532245	0.12971161649316637	0.004606186627938874	-0.03012292457958165	-0.01357067359601081	0.1626648753209874	-0.0652597148935512	0.026180726116008943	0.02846430920278059	-0.0026444745322318822	0.13409432716427758	-0.0018731561027579646	0.08572489106951384	0.009763262686639459	-0.051812184676067755	0.06561055024402951	-0.028888941073894052	0.19407493602850626	-0.06965681298086426	-0.1754089328546959	0.07315886998519544	-0.14109872462196776	-0.12573361413920817	-0.03206433432715691	0.013825234489267261	0.014730566960926084	-0.07898015051840877	0.11137696687081532	0.0030802323341670274	0.15394616974675635	-0.01257827801633673	0.1461253121676304	0.05070822573538267	0.02299423385560981	-0.12458557599098746	-0.09676907961216161	-0.012711677248147224	0.0018335541721297747	-0.002260628750968209	0.0035289101663637584	0.04566913926942516	0.0025795624991819307	0.23750006894676895	-0.053573885000819894	0.053891312496253604	-1.844153679713596e-5	-2.2298416266092664e-6	7.921913818806658e-5	-0.11393560560150681	0.014804070029872999	6.86297436261561e-7	0.004985660661302177	-0.3533112189016573	6.024942397141767e-5	0.07286785724974923	-1.278396999478362e-9	0.028205988911657907	6.82995995380497e-8	4.361137772531357e-5	6.572088784126466e-9	0.0017562729686425428	-0.04085961364251942	2.582382399901078e-12	-0.012617535315641486	5.884991904432704e-12	-3.218218135270186e-7	0.02835743581285709	-3.734885526695298e-14	0.3143944547170342	3.482621010792921e-10	0.0004499010919379928
1.052185964630315e-7	-4.687747730004274e-12	2.5946627728118548e-6	0.007791990070754551	-1.883904477962704e-8	-9.301880633786043e-12	-0.0001409099674794645	-2.781460909107747e-14	-2.336671976724556e-8	0.038113636399304075	-2.4677169827337803e-7	0.00011471589333613948	-2.0108711011164604e-7	-0.0002499581245606094	-0.02569760722819005	0.3762263659209887	0.03451745371374329	-0.0015616695683368178	4.202196121288732e-7	-0.0015481623455413155	3.308630028230682e-5	6.662511064085276e-5	-0.25291915792308106	-0.1105947957425483	0.03695545320878427	-0.0036078107729662864	0.0001045013671200044	-0.008861666043465487	0.01019764254185076	0.2335387779240018	0.08521941180859595	0.003797108005983773	-0.09551744491070496	0.013836257468964143	0.10365003883307765	-0.05811023216085976	0.033482667764106785	0.08324053390933382	-0.014047066218850964	-0.11618395835743589	-0.00488506239535623	-0.25936373017201175	-0.01729999392601641	0.04361535603524277	-0.03530147887387295	-0.005098496186503064	0.06543743883676516	0.049119845299859556	0.04925095677038098	0.02815654671181538	-0.0955717005074494	-0.0979090104165506	-0.03733242033708434	0.07170706114495777	-0.0930320201955684	0.13189257106769572	0.08129066227597662	0.007404723989424991	-0.2661470084721585	0.012356382553205272	-0.04543183510895919	-0.0024749378710247983	-0.12285341512351361	0.15357891638248414	0.07100224356770181	0.0029624411678114975	0.0012499459507966987	-0.0025061935265235425	0.008460182201710364	0.22933565364548908	-0.0001599344272356725	0.04357658032758569	-0.018918416333038503	0.027348213132518232	-4.626699479270194e-5	4.1791437969914804e-5	-0.00023157033237769002	0.09541269685096831	-0.07540494590179717	-2.185261990059183e-6	-0.009093726069238691	0.5227379024109923	-8.512012123791242e-5	-0.12059458514044266	1.2518030356430218e-9	-0.02658236721405119	-6.161484268501595e-8	-3.6357812483044755e-5	-3.975428887762185e-9	-0.0009885237844921434	0.12841760648742312	-3.2558820703428464e-12	0.04858105404915322	-4.985783445114304e-12	2.51086156452712e-7	-0.02052134677598051	2.3446743526399268e-14	-0.1912030637529485	-1.9262478266194282e-10	-0.0006567367452809396
5.143313321477339e-8	-2.3224609118288252e-12	1.3751456182041951e-6	0.004345663528416097	-1.0720623780529702e-8	-5.29387437508035e-12	-8.4125522066804e-5	-1.8733479878608807e-14	-1.929209587392925e-8	0.06840132764014446	-2.038213040215873e-7	0.00010946153711234718	-2.0210685047546808e-7	-0.00030132528674157717	-0.03516267783000324	0.5066513648214948	0.04896106637814102	-0.0022166302638223787	1.374982866936671e-6	0.0029172393954250285	-2.544584373137481e-5	-3.564559003839217e-5	-0.1364884875498806	-0.04372212428817626	0.049474076202779826	-0.005876031575504429	0.0006497052759331165	0.11486226288712348	-0.005617999178706467	-0.09601002129132682	-0.010077530746986696	0.00046240060066202545	-0.08843564918488042	0.03061735477578973	-0.0371367479577241	-0.0037295132463152176	0.011332777119464928	0.05410866833445401	-0.010746509512210827	-0.2321367883497779	-0.0019829780135231143	-0.2748073792727624	-0.02191596511197717	0.07996378919904441	-0.08707552424645668	0.026384706422297434	-0.1628582767828963	0.09033922279049668	0.1952690879750066	-0.06524886634177007	0.12084910413338912	0.10690840378418612	0.026932236981300435	-0.011263274417238286	-0.014625863791741207	0.07575201827648197	-0.11805575003140717	-0.003964305767749985	-0.08570000269175447	0.008820501611977059	-0.12952105186500487	-0.04975841373249752	0.031680135189396295	0.051203167105615996	0.0605962445102623	0.010986404430880373	-0.002719037631657091	0.004093631473746873	-0.009948131217974483	-0.22300542535722026	-0.0024317612920239876	-0.27901446667944535	0.07195172383445075	-0.08088289733346621	6.830758196037093e-5	-4.524298755658186e-5	0.00019012553677636001	0.0007885046313262183	0.08184792207653767	2.1806503642221006e-6	0.007680477061117029	-0.40220409480407676	6.38982142032689e-5	0.10899063671043084	-7.468631904852479e-10	0.015282649200136895	3.37771120333017e-8	1.791653235059182e-5	4.771667624037649e-10	3.3293320809747184e-6	-0.1935091158665554	3.405586862870378e-12	-0.07832538417000552	3.651909220148356e-12	-1.6711346868242025e-7	0.012570695015661642	-1.2467021190816756e-14	0.09870623969380841	9.125550473220175e-11	0.0010678505122435212
2.658244985971797e-8	-1.2159166453737295e-12	7.676575437378905e-7	0.0025448606604474427	-6.397228205402622e-9	-3.1592517942768336e-12	-5.2485902449637754e-5	-1.3098749752327364e-14	-1.7172042819293862e-8	0.10465530344710951	-1.586623000899604e-7	9.499309099269617e-5	-1.8143889200271336e-7	-0.00030028221013540893	-0.03785121492536272	0.5330444602106053	0.05273284128922601	-0.0023880948461949963	1.885786488418209e-6	0.006151712030421111	-7.241351325311182e-5	-0.0001212788499833974	0.05673804923617682	0.04920690339418054	0.030619129709150927	-0.0043571314060514305	0.0007494524254099123	0.157280865041965	-0.016866278118124696	-0.34575315827699804	-0.09642144038100749	-0.0033150076569757945	0.011594413053050095	0.014937269530513083	-0.13777221426279906	0.05477246080514467	-0.024097606296271605	-0.045379131542219016	0.006943165878228945	-0.0118636166848924	0.0038992821625508985	0.13933529455895377	0.00830968885674734	-0.015372126276031047	0.007803375412318115	0.010346936748614055	-0.09553274112436248	-0.03748336497059402	-0.027577529750830193	-0.02741780140592383	0.08585874428127345	0.08722042273504364	0.0331638170467291	-0.06881776895641652	0.0973229105300793	-0.15588527276022351	-0.037089323783700064	-0.005772838945930259	0.3131683933911751	-0.017616644408824985	0.13062142629141194	0.03611279434648445	0.09949600412208544	-0.19300878948420994	-0.119582972812	-0.012571519263540148	0.0014709102531346892	-0.0016842137210620236	0.0019953859094889127	0.008279369149592198	0.0031178989851476553	0.3037764099313261	-0.07200534298514179	0.07611809118261452	-4.731713515888357e-5	2.282449400524421e-5	-4.513342638820327e-5	-0.09657820282581817	-0.0534256486933048	-1.3129337897948329e-6	-0.003848607290452755	0.17611410845483155	-2.674972464066312e-5	-0.07561764511677974	1.7479969866470114e-10	-0.0028863570496710103	-4.21478013261987e-9	8.017375741907708e-7	2.9898611100317017e-9	0.0009816244704061994	0.2812997877020607	-4.0027004275019206e-12	0.1209334587771295	-3.0669334589902494e-12	1.2316986313866354e-7	-0.008223669535962699	6.68468639328027e-15	-0.05090214955908393	-4.2265125823935444e-11	-0.002123200262807981
1.0821978999142224e-8	-5.001420310690519e-13	3.3247560678712264e-7	0.001146275305952296	-2.927127426581591e-9	-1.4456618636649995e-12	-2.4955332375328348e-5	-6.98410966326303e-15	-1.3003480204289224e-8	0.12695002021553128	-7.678187507764563e-8	5.157223312792752e-5	-1.012742230731605e-7	-0.00018076569561702876	-0.024894808447111377	0.33239248420165907	0.03337737982206315	-0.001511830536947896	1.3716809112786698e-6	0.005433353699917331	-7.049613127460391e-5	-0.0001235506067701521	0.2055238041751368	0.10195547013988751	-0.01440750198579904	0.000931171316853549	0.00017001816396226916	0.05367070621113903	-0.010681650772911533	-0.23182271661095086	-0.07583173286371565	-0.003187321378309618	0.09688061365296682	-0.01987491181074807	-0.05905818077813193	0.04066552868050483	-0.02597270947183006	-0.07585076663996079	0.013804520620618932	0.22820997764904252	0.0030611810936840957	0.3049268049418705	0.02349155921127962	-0.0820020156308059	0.08781831293277269	-0.026609111675078324	0.1662796346108411	-0.08689828137898319	-0.19224616958669508	0.07160787294068856	-0.14669091048467123	-0.13487012140078639	-0.03938157117095234	0.04409837740944249	-0.03539663004938191	0.008010561142573813	0.14012458785351078	0.007614197523090079	-0.1552148491046246	0.0055718659941809655	0.01479159698670106	0.01737854922327399	-0.12698703467050398	0.14000580805729582	0.06165579269845198	0.0027824446099082687	0.0009226491871655646	-0.001998051152665622	0.007410766269446279	0.21235716158884962	-0.002048645833539502	-0.16618083813497853	0.034924739377025914	-0.03328046509517055	6.957326291469718e-6	7.609833705155425e-6	-0.00011448273263362863	0.16327176666447923	0.014031451253373628	2.1519944287608396e-7	-0.00034617510256631444	0.05734386331852777	-1.1164913722527514e-5	0.04382315201899463	3.7441156409511e-10	-0.00908028640910403	-2.4632937452364135e-8	-1.968448225944047e-5	-7.312185445452202e-9	-0.0022540859005807027	-0.4641446660849852	6.008695808181126e-12	-0.21008187625801306	3.787484662509315e-12	-1.359016679104879e-7	0.008048320043321174	-5.1638309863864364e-15	0.03737521993609118	2.685813378464286e-11	0.004927874974634072
3.946061664058878e-9	-1.8467550109561663e-13	1.3117935185079834e-7	0.00047793730725200157	-1.2495855412901323e-9	-6.172216227829148e-13	-1.1332338825785555e-5	-3.959046311560995e-15	-1.3512488687206068e-8	0.19312208641078835	-1.3910051674336315e-8	1.713658687659195e-5	-3.6411500410509576e-8	-7.651843071725983e-5	-0.013573562062317754	0.1493805583311226	0.0153715819235478	-0.0006964629735296283	7.691273090807875e-7	0.0038263828084892206	-5.475645054012032e-5	-0.00010008135478904369	0.2917784761911944	0.12028883494309589	-0.05402066863267966	0.0058599479566074026	-0.00048205239676132276	-0.07406166429706075	0.001426861708829823	0.014900400166345534	-0.0074670423539734635	-0.0008317149102674111	0.10537683140938499	-0.03875100357584693	0.06824730861637178	-0.007870306964680872	-0.004122692400309985	-0.027295856957753356	0.0057493294625704594	0.19671512347144887	-0.0015864882750786413	0.07264227051090932	0.0073972241694723615	-0.03478051249132841	0.04262174911567154	-0.022515870803650067	0.1692273262236101	0.0038353948071791918	-0.04343722215918214	0.045110696534799696	-0.11197407916809277	-0.10858699793057386	-0.037244578544874514	0.06890062898364938	-0.09608492706281038	0.15541805976478446	0.020833687315508415	0.004606021607768063	-0.268113871335908	0.01573354657400269	-0.1365280879990501	-0.04337044527321049	-0.03868361506930012	0.12137274498744566	0.08608478795275981	0.01085688981122531	-0.0021557618913312713	0.003213198985866116	-0.007869203671306012	-0.17967496348207185	-0.0011553260964724094	-0.13983469651475888	0.036896374922717995	-0.0421450967812164	3.958310769400298e-5	-3.172644290366315e-5	0.00018216601846233048	-0.10256757837618777	0.03496556635937299	1.0233192167527815e-6	0.004342492786763084	-0.2609344796595782	4.3411666571965195e-5	0.008048279199291661	-7.93224131852054e-10	0.01804902652633042	4.5857732675258424e-8	3.317638973824149e-5	1.0223663525116677e-8	0.00310701567505059	0.5814989815536097	-7.251422611044371e-12	0.27944739008468017	-4.306042207002818e-12	1.4606901944699863e-7	-0.00810046877940282	4.4613840202865435e-15	-0.031113398670382732	-1.9926989610779217e-11	-0.009432170747819756
2.6559386751914537e-9	-1.2682247268717435e-13	1.0015791130651834e-7	0.0003982385930876144	-1.0802417408481427e-9	-5.336711685698565e-13	-1.0762638100451997e-5	-5.039259538911194e-15	-2.6916198671498344e-8	0.4408656799641258	3.7247704388872577e-8	-4.124636790218549e-6	1.3007100834524262e-9	-2.422972527690934e-5	-0.011214208359608114	0.06311246560291449	0.0071267369051776575	-0.00032324044280083016	5.742741964913042e-7	0.0038686430110431267	-6.0836759985908764e-5	-0.00011526548074649268	0.4627396942695898	0.16953788753536297	-0.10545485922081456	0.012010304109026676	-0.0012147880233888777	-0.21254149647648637	0.013592417619263199	0.26194750344578654	0.06116235221990877	0.0016107484650671284	0.09300196204695073	-0.04959571862827976	0.17997813216579883	-0.05442225344085101	0.0190420513189177	0.03346863555121394	-0.005099988295820335	0.048090116929500715	-0.005203077970574931	-0.21123726034531354	-0.014147512481957003	0.04005094640340232	-0.038003644893988824	0.0029249938917230898	0.009337735297695493	0.09066377387450003	0.1503744985503409	-0.03364073830349622	0.060180510422498244	0.05310554971324661	0.013377983239201708	-0.0030031208953390444	-0.018371419451250988	0.07533063134316599	-0.13015452330555863	-0.005581463033575066	0.0736300942882003	-0.0015346688770393694	-0.041447058162153466	-0.025052611173115948	0.12251223707477715	-0.12994417577189107	-0.05724361968711156	-0.0030176903829143655	-0.0006042363840467505	0.0014496388013218362	-0.005852328912567535	-0.17416785758262446	0.0024685167835252026	0.220990803280752	-0.050078508589391536	0.05124462144274305	-2.7424740468343684e-5	1.0640232720796398e-5	4.744412993432861e-6	-0.0991510064723326	-0.03924366388846993	-9.83950291869099e-7	-0.0032673403562707877	0.17347616683904574	-2.7809431654522633e-5	-0.05144729625740587	4.6415343823244347e-10	-0.01032749662761051	-2.562603842785563e-8	-1.7857067754012746e-5	-5.083925213585892e-9	-0.0015343481929697511	-0.2710660808243942	3.261589951841873e-12	-0.15634882150438734	2.03473527057635e-12	-6.663276509593195e-8	0.0035653473983759372	-1.813439910272095e-15	0.012400605313555942	7.436514593705282e-12	0.011581592750858261
1.3570448100394923e-9	-6.594008098861082e-14	5.70365678450803e-8	0.00024398388057071685	-6.820160870463425e-10	-3.369847956987037e-13	-7.319564167227751e-6	-4.194963719999426e-15	-2.7815757339764583e-8	0.4775895798281668	6.69243669020393e-8	-2.270464158689057e-5	3.813730691533184e-8	4.598426688810429e-5	-0.0003478383044752599	-0.07182830834346114	-0.006704322287240802	0.0003034010799516635	-1.3096909365018014e-7	8.936803474216176e-5	-4.8424524787787955e-6	-1.1424246636938941e-5	0.11148634127072263	0.021813286024360428	-0.030341660524418647	0.003623672182654638	-0.00042721382253705894	-0.08030216025999269	0.007015924072165061	0.143028955957309	0.04084403979942623	0.0015996070635784121	-0.06974780884740601	0.020206908384175867	-0.004723685429921528	-0.01003942936808084	0.009116682078027854	0.03177582725401292	-0.0062346922558736105	-0.19740133140085292	0.0019442106690299409	-0.0453714954362022	-0.005195078702552152	0.026262759948005213	-0.03311790517078839	0.0214425344030121	-0.17278573875791792	-0.043461307801199264	-0.02496521496054257	-0.025693425638384823	0.07308267830805508	0.07322655549223173	0.02760367661533832	-0.0664308729559647	0.11187057045010335	-0.2219048810421764	0.1015485160302619	0.0008499577384568904	0.18604963854432827	-0.013949891732942784	0.1872427474219326	0.07448319973089036	-0.12096968307015118	0.052224910706313604	-0.0077992685680513835	-0.006509886444262899	0.0031023235725554307	-0.005517419795252593	0.017331725707702757	0.4638098773108024	-0.0032442148401135716	-0.2603357656560957	0.05472478412368809	-0.052405551538299906	1.3508813088640537e-5	1.0509064359666648e-5	-0.00019175564975721035	0.30523174950086646	0.04901183988910824	1.111923330564304e-6	0.0030121863424854784	-0.13865553075034295	2.1012328126957634e-5	0.1136832280949047	-3.560193622042406e-10	0.007708992466543604	1.858701067258756e-8	1.2366511075758945e-5	3.1538260485996896e-9	0.0009408325680936121	0.1458190182874662	-1.5458947678766079e-12	0.14740175708957418	-1.3320944232326005e-12	4.0862908596559796e-8	-0.0020698344235389175	9.476793900455439e-16	-0.0063197937041851076	-3.4225796584492206e-12	-0.02727192161067913
9.894082265106837e-10	-4.895102553805258e-14	4.6353817449389344e-8	0.000212288888041647	-6.095631250060489e-10	-3.012241494687775e-13	-6.96948079907444e-6	-4.641199729133796e-15	-3.497338651003393e-8	0.6150337902378953	1.0415226127548618e-7	-4.218129415323837e-5	7.559783963668011e-8	0.00011388690153789117	0.010542550389305173	-0.20090329585733357	-0.019903180911536762	0.0009013852192258449	-8.101213204685526e-7	-0.003716563786094659	5.2753765765662965e-5	9.633639267856473e-5	-0.2887079770659896	-0.13621340850715377	0.060260144495104584	-0.006650294446919756	0.0006004377298150768	0.0988482774398728	-0.004396779996960562	-0.07709028390577301	-0.010709629833310898	0.0002548277295921934	-0.16781633574517082	0.07108468824459445	-0.1849025431189393	0.044195789590191395	-0.01036476928581806	-0.007304505286018987	0.00020755725582863928	-0.18138976967477533	0.006410023432627748	0.18580920020903288	0.011373935297617108	-0.02752706144152772	0.023449506291941872	0.003992113302515962	-0.06263570172452473	-0.10163675716121569	-0.15623285962828265	0.03075417519334652	-0.05701634192344702	-0.051370856154594656	-0.014236812042743364	0.011828791466688554	-0.0006139727543183473	-0.03248999390491473	0.10469200600723697	0.005336695381870034	-0.15270229178937492	0.008128773215137317	-0.05855169583426636	-0.016088568175970236	-0.0482827556051316	0.0961860592709097	0.06253186341994915	0.007906388772499688	-0.002116502925584079	0.0035158858179304047	-0.01022007237216483	-0.2626686748303951	0.0010764996433312985	0.07091325405028848	-0.012308235369007265	0.0093122372806781	1.0587736545556183e-5	-2.4349616066034328e-5	0.00025061766802349624	-0.31427122933254653	-0.031840936327042636	-6.622856068468017e-7	-0.0014359676691033446	0.05029824016550153	-6.379357773049864e-6	-0.13915383527586295	1.7186004993930746e-10	-0.0035839876166764	-8.300337473149873e-9	-5.155422173177259e-6	-1.0401407628948815e-9	-0.0002989707642128652	-0.01964374082471542	-1.5788681331368084e-13	-0.14443424348995815	7.37888806333187e-13	-1.9827592875117396e-8	0.0009117054611451689	-3.597998410684277e-16	0.002318933396408946	9.498746867423922e-13	0.05604277285762114
4.034935603443824e-10	-2.0155028510473146e-14	1.999788278975292e-8	9.471734709955374e-5	-2.7549015827097496e-10	-1.3614557172793813e-13	-3.24415396078629e-6	-2.3063566367094688e-15	-1.8283677264688184e-8	0.3244385216862275	5.868100907554995e-8	-2.507149036736157e-5	4.573897337015018e-8	7.278632912352244e-5	0.01114441040624668	-0.13138177314272934	-0.013175942127437563	0.0005968053679564909	-5.932231765242509e-7	-0.003043532337079601	4.5058778950290264e-5	8.36831189303993e-5	-0.30034751165262363	-0.10638285483990441	0.06545360784872299	-0.007429710358386278	0.0007461575937813821	0.1306123504282294	-0.008791462346915411	-0.1727543669438455	-0.04436107211138271	-0.0015335002648249154	0.04192599724226459	-0.009075562193890666	-0.02035639875087876	0.01497946030868834	-0.00958256496310254	-0.03116621777806616	0.0062093405843934805	0.23940786982923812	-0.003777890772240332	-0.018995158726838268	0.0009529598079601853	-0.01442652649669307	0.02215785004086648	-0.02377498968484972	0.2102663898883637	0.10997005147055011	0.12998384756805248	0.001259000710778769	-0.023845748716747998	-0.027857637331812506	-0.014250019880716275	0.05413237328746238	-0.11120959041472042	0.2576410314897878	-0.22273959742342536	-0.007226402544173091	0.017328413858563103	0.002735816160151968	-0.10287482648213862	-0.051006614753072006	0.19438238037951244	-0.2016261648897367	-0.09130732456435013	-0.00659747643439437	0.0006732095540816488	-0.0008351747181395644	0.001413868355165277	0.02178515019146992	0.001091674877178759	0.11651561307272236	-0.02953151387042366	0.0332000235768652	-3.630660011092912e-5	4.333727071137687e-5	-0.00036926693234726833	0.4054321440124541	0.02604392136343014	4.69206719376663e-7	0.0005321847778516279	0.011866680085622298	-4.847441608046546e-6	0.24581408913736075	-1.0685328973358508e-10	0.002008748829025323	4.090568133211769e-9	1.9022828131119612e-6	-1.90835998558209e-10	-8.713131340455498e-5	-0.08884257568232196	2.006065444453429e-12	0.2783066619964142	-8.729062282331572e-13	1.9070312409783633e-8	-0.000728968617658325	2.0370762319659607e-16	-0.0011842072843848233	2.3369236171071565e-13	-0.16251621473820527
1.3990940036063353e-10	-7.044983043845733e-15	7.267371593362128e-9	3.5391022781401433e-5	-1.04031137463761e-10	-5.141411987891258e-14	-1.255016882783282e-6	-9.407562739974217e-16	-7.76640891684901e-9	0.13880010961874123	2.6438942429821003e-8	-1.1775107124610868e-5	2.1779075887139163e-8	3.622368942137675e-5	0.012231708477377621	-0.0659259973298677	-0.006689988857767364	0.00030306126242224716	-3.2494871386818495e-7	-0.0018054033571070413	2.753216357428002e-5	5.1743585850418744e-5	-0.2139607793373964	-0.038289026852986345	0.04460548825920148	-0.005176134299547253	0.0005565910998768121	0.10078326113264223	-0.008116028662459782	-0.16563930438048352	-0.049083019449782196	-0.0022159929759591464	0.2175091762543754	-0.08175806416366242	0.16138879655185864	-0.02725042440554888	0.00016496564846727788	-0.02186730328802166	0.005364214157030467	0.37001500495155293	-0.0091807265879352	-0.1985939173931389	-0.010757851030902738	0.019022932521876628	-0.01121672474010479	-0.014338945492305423	0.1511731604345955	0.14178540477177953	0.20137247945648118	-0.03047095490998675	0.053298651859872204	0.047573875571195634	0.013075475304504413	-0.012924696582521622	0.006963874312227704	0.011763154080750723	-0.07392446318199822	-0.004069428491660137	0.1472889667608976	-0.009113911280431765	0.10190822793185678	0.038518477738671564	-0.04910485627328551	0.011439708792382364	-0.010903642785295873	-0.0036948554461692603	0.0016019079696178605	-0.0028583008214033696	0.009068151567607536	0.2446036893489242	-0.002146460383534685	-0.18843671182919322	0.04264888060714282	-0.04393763003446812	3.057529884966974e-5	-2.730491547969081e-5	0.0001995540249760581	-0.1892120586222461	-0.002999205782223061	2.044834999401878e-8	0.000664929525409853	-0.06811341768841894	1.372067412823809e-5	-0.24529656683206036	6.99606595305492e-12	0.00018524738989824171	1.2945713777330898e-9	1.8297341553429706e-6	1.3892140313014158e-9	0.0004589441489072331	0.186758796149295	-3.643800918097964e-12	-0.39212884011452875	9.806820081636193e-13	-1.837508627728376e-8	0.0005829648246355452	-8.440755082262601e-17	0.0003058702432224857	-1.4961778650830596e-12	0.32863689091537507
4.5547044052902446e-11	-2.31089835010495e-15	2.4728592204019803e-9	1.2361655619416381e-5	-3.670021527191069e-11	-1.8138777558445642e-14	-4.529194416252211e-7	-3.568388740468432e-16	-3.0603845065468603e-9	0.05506370817802139	1.1014768030358788e-8	-5.105313369203731e-6	9.571842656160889e-9	1.6795095493148373e-5	0.018874888006186932	-0.029583586659058362	-0.0030738620344315484	0.00013927496098609595	-1.6197560929258978e-7	-0.0009734704389151276	1.530452793595723e-5	2.9127882431995263e-5	-0.14560763245063194	0.027852616014291554	0.02432820649199738	-0.002935166803250198	0.0003454901531230596	0.06481530498894475	-0.006092941651095679	-0.12799971083081849	-0.04195258236594233	-0.0022105135580482225	0.3051994948139499	-0.12065138222413314	0.27305319105588877	-0.056996909582163684	0.009825901398815496	0.0017182194270070783	0.0008069530956903251	0.20407104152650332	-0.006725412969623933	-0.19622346137323815	-0.012325689122316644	0.03345210920116922	-0.03295658450058969	0.011646265399521918	-0.08453060782862655	1.9664330519869378e-5	0.022642735900411687	-0.02062686096419873	0.05404297809446707	0.053878651147678064	0.020685218311112353	-0.05917837883973512	0.11367175306101426	-0.2537566947920677	0.20259308535038753	0.00626888849538672	-0.002855090077581288	-0.003196719578143307	0.10177537054797761	0.04988632728503607	-0.18994576666641627	0.20021761640025415	0.09299491199640807	0.007438774677930267	-0.0012398520709575856	0.0019119009129858861	-0.005078029019428617	-0.12416970495930577	0.00013062407160293875	-0.0038324997206500453	0.0032283193005408304	-0.005419486838677774	1.4197568511394778e-5	-2.200506918817595e-5	0.00020794049300766675	-0.24816232745491137	-0.02326340285498512	-4.887810927176806e-7	-0.0012224852945523837	0.06241894468901839	-1.0297598599254982e-5	0.03709325521098849	9.801595127890737e-11	-0.0022461077999924215	-5.776103494382543e-9	-4.349736895987225e-6	-1.7797900237893092e-9	-0.0005670213652197992	-0.18576078528654832	3.4029233354085208e-12	0.3166687051455758	-6.551251255736068e-13	1.0193726510686048e-8	-0.00022693614591477303	-5.43103253433122e-17	0.0006318526608375943	2.649504675455083e-12	-0.4804167026237021
1.504539703407091e-11	-7.693154047903768e-16	8.549237259368039e-10	4.3908911334959646e-6	-1.317116728353318e-11	-6.510056715114204e-15	-1.6642916627850216e-7	-1.3813950758277774e-16	-1.2336499713024724e-9	0.022356842821535522	4.718262923652618e-9	-2.29174191174665e-6	4.373146184682723e-9	8.544967155767177e-6	0.03772619590614661	-0.012002473201109086	-0.0013682812349673247	6.20326525178902e-5	-8.268361290133623e-8	-0.0005480214045560922	8.969710793801847e-6	1.73700479056701e-5	-0.11756698603897915	0.10077798679681597	0.00904720843651575	-0.0012665815520510157	0.00018755413640574695	0.03738099324044478	-0.004231464729590388	-0.09142115539607949	-0.03277050663650865	-0.0019444473010791737	0.3283353777302096	-0.13291572593907885	0.3187306424164372	-0.07160919047338633	0.016221158458472922	0.024512056309480525	-0.004153337326348983	-0.08612860274053442	0.00019131968248605472	-0.051843057055618785	-0.004645917093287856	0.020875793972723662	-0.02685826794901856	0.026432793082518228	-0.23775837088165894	-0.14176636340099652	-0.17985046372106792	0.01338800262783728	-0.012272519807459487	-0.0077288532716449955	0.00108832282174835	-0.021575606038186472	0.05511621527157246	-0.1444232699984196	0.168150683336878	0.006751678975663896	-0.14811933355888507	0.008336648298916734	-0.08340711111211019	-0.030362656814032975	0.02968808280339405	0.0024643066711086225	0.014418823331937083	0.0034335909772890433	-0.001402096833306591	0.0025062644610392183	-0.007994165327593962	-0.2165412484324953	0.0020972312898592978	0.1899904710430687	-0.044018222918234304	0.04632057602335506	-3.8107514443787875e-5	4.025899463448541e-5	-0.0003276167534325696	0.34769108282283556	0.020086464119839526	3.5331609413719886e-7	0.00036878373668228085	0.012058453120983123	-4.337099126877098e-6	0.2096590267891218	-1.1193334731124959e-10	0.0022601699686741884	5.113611868817192e-9	3.1508381150679556e-6	7.927126767238655e-10	0.0002400628656177183	0.05060470363472841	-7.523110222008346e-13	-0.027369505623552583	-8.607012536969951e-14	4.1036575245226385e-9	-0.00025455254092472923	1.700755336699073e-16	-0.0013252215264572041	-3.099306165387394e-12	0.518717316986202
5.223788456663852e-12	-2.6932784922297957e-16	3.116302825773985e-10	1.6479097140481682e-6	-4.998797697306764e-12	-2.4708649511547882e-15	-6.481423725287737e-8	-5.701445680012169e-17	-5.335500882632222e-10	0.00975242757164622	2.201569995366113e-9	-1.1460131151376644e-6	2.2559015311415175e-9	5.7465797503961325e-6	0.07993828131873264	-0.0017021340871599432	-0.0004754221424100953	2.1626348651123555e-5	-4.382842962969793e-8	-0.00033629442660863346	5.841246800686882e-6	1.1608221616754781e-5	-0.11883390417114993	0.1954698836445458	-0.004625223937464876	0.00018993319740502577	5.330799451495533e-5	0.013837588939759076	-0.002365549248685179	-0.0530796608013239	-0.021082246071421423	-0.0013955450588508662	0.27297000526592147	-0.11217933391397925	0.27859419691868864	-0.06523282892284507	0.01677797940891928	0.035335858548406034	-0.006924740384792999	-0.3215110496473449	0.0069758618387855175	0.13148644129678816	0.006647655227582347	-0.009128912850027293	0.002667588742925748	0.01507354292670856	-0.15245098968685697	-0.13338597769826993	-0.18863232526845797	0.03134551725863391	-0.06302113514566737	-0.0593812822120723	-0.01997001899666821	0.047194959033324574	-0.08509059934360651	0.18223661570098817	-0.12902249028236779	-0.003566232552784537	-0.036139434857398824	0.004993857905517603	-0.11463764298820481	-0.0540130681199085	0.1921619711423608	-0.2001144323663995	-0.09284745619705047	-0.007654043893085569	0.0015044702676642728	-0.002442482281868201	0.0069891922267201305	0.1790788912434769	-0.0009788476167124313	-0.07843142577377332	0.01665641940206862	-0.016224851569134193	7.070298229097457e-6	-2.804907697285829e-6	2.8597492064723334e-6	0.016536295002539	0.00795579958980212	2.0886292678259474e-7	0.0009004793843148026	-0.07358045610049033	1.4369320349447862e-5	-0.24430521520082063	2.490784189951727e-11	-0.00027693941166288377	-3.80896637700213e-11	6.550594326301017e-7	7.861094402121596e-10	0.00026445975485794865	0.11970321141655255	-2.4102967582442443e-12	-0.2796570272232767	7.750321623452557e-13	-1.605208276255696e-8	0.0006023324954344552	-2.1865280854493102e-16	0.0015426328339544718	2.8116035958427614e-12	-0.4487943878134863
1.7712298782304566e-12	-9.217156580046818e-17	1.1167043989874819e-10	6.110547273615446e-7	-1.8785219696727015e-12	-9.285969949480737e-16	-2.5133547449866884e-8	-2.381797461084743e-17	-2.3787232666333825e-10	0.004402779978652152	1.1067232227212298e-9	-6.563680269143167e-7	1.3779606231611176e-9	5.722275568854561e-6	0.15923767909942277	0.007829969781874078	0.0002088678139734417	-9.295791396801062e-6	-1.9602521899885182e-8	-0.00020350208911662507	3.893852678712455e-6	8.051060256063776e-6	-0.13127290793652543	0.30202978427257104	-0.018401849821716356	0.0016487586094815544	-8.248195444842746e-5	-0.01041404828541338	-0.0001298543895306279	-0.0054729318496313335	-0.004508248492948389	-0.00042696339141996316	0.10995664532813601	-0.046172654629070865	0.12019281793620727	-0.02960805556533584	0.008690837891215166	0.023417424181025433	-0.004971472059110095	-0.30234445440417873	0.007857359526156857	0.19561582811102748	0.011738207343977356	-0.030094800715738994	0.029452404215763027	-0.013536041139624795	0.10947646444866495	0.03699467161735664	0.03504470028197503	0.006840728660375659	-0.024046322952462583	-0.02532810678029097	-0.011111028795475732	0.04046045843039519	-0.08602894463914039	0.20637313715028188	-0.2045683272820914	-0.007625492372757218	0.1442164706106252	-0.00803551280244927	0.08352850438875553	0.031408061420693106	-0.04518018841643905	0.020228318943870956	-0.0009519447644059192	-0.0017652793028685699	0.0008845590601096426	-0.0016099424893453581	0.005238051218507369	0.1433260136042479	-0.0015493517933360661	-0.14385244631412294	0.03390763542095466	-0.03621991922334083	3.3063766441653726e-5	-3.80949272897874e-5	0.00032533265701566714	-0.361274873372966	-0.02738475810296681	-5.512198892763839e-7	-0.0012948602866141373	0.06747369465462341	-1.1384114363382018e-5	0.06972793398235705	8.071243640304314e-11	-0.0019080198255510333	-5.06438962889214e-9	-4.020672643790581e-6	-1.9001749310577174e-9	-0.0006144355097757727	-0.22544728153900934	4.306790383416501e-12	0.44897089024743503	-1.1139908882581358e-12	2.130459875636551e-8	-0.0007272494201769212	2.1480196332547616e-16	-0.00144552670918785	-2.291414802999706e-12	0.3549205715715404
8.843674567921298e-13	-4.6632136032928e-17	6.034768739985451e-11	3.469562339109636e-7	-1.0875411369330124e-12	-5.376464405843843e-16	-1.5232719344633342e-8	-1.6105261925977752e-17	-1.7704189610999085e-10	0.0033378879623650716	9.80405921515827e-10	-6.929935797269102e-7	1.5729831346740665e-9	9.77243811784429e-6	0.34892844263917644	0.02269143447500561	0.0010326820392000835	-4.642609217415153e-5	-6.414495569477447e-9	-0.00016513849373422842	3.6266346314185275e-6	7.869083720812042e-6	-0.18615427872314919	0.4961828364027457	-0.03681255699421634	0.0035057020972177567	-0.00023479630099583433	-0.03652061366634233	0.002096363556330622	0.04183417428884349	0.012076779967097584	0.0005721155339908332	-0.07120600563567524	0.02787975449220816	-0.06167096832960597	0.012502949286647936	-0.0018809896583682072	0.0017970920188117988	-0.0007661820568517366	-0.11313102171308459	0.003891570644709568	0.12726273085635195	0.008567241091317656	-0.02816362410876881	0.032727266070201114	-0.029758635872691157	0.2696743315825837	0.17092732872077826	0.2235705294819789	-0.02536229749664057	0.043649515396843024	0.03947365392470865	0.011845775357402027	-0.02172731640876891	0.0341105662644767	-0.0647604362437987	0.024373967112048832	-5.072091442878992e-5	0.08478282361865588	-0.007320949367089792	0.13370225236875555	0.06060703452697093	-0.19887934583266123	0.2024589237636108	0.09276724853221821	0.007634034535741963	-0.0016059294658369522	0.0026641263623387985	-0.007853678855299868	-0.20481218497610781	0.001490783187333289	0.13006866035497786	-0.029463630650336286	0.030468067965848406	-2.307552961227408e-5	2.3461089912208583e-5	-0.00018810593986950816	0.19739384755557887	0.010886433600857481	1.870396568632379e-7	0.00013427773654177923	0.016120723833302843	-4.524540639793155e-6	0.1805530815649463	-1.0757008045191098e-10	0.0022656276395763195	5.421400114618018e-9	3.761936820273613e-6	1.45512638804248e-9	0.00046445321494213666	0.15789775631415448	-2.953407639294957e-12	-0.2942472692262604	6.944353067207616e-13	-1.278505157953641e-8	0.0004163259843241741	-1.101923219280337e-16	0.0007222426641834969	1.0563325153165726e-12	-0.16072247091780567
4.1679605469732867e-13	-2.224176727147649e-17	3.054541116772467e-11	1.8354513232458059e-7	-5.853418216384056e-13	-2.893984527018158e-16	-8.537460603823568e-9	-9.930815205398834e-18	-1.1848783555270336e-10	0.0022688833364817537	7.567413723749368e-10	-6.099853665312031e-7	1.460070803197016e-9	1.1258418280662586e-5	0.44050880341786575	0.03088640270505399	0.0015400591657383747	-6.932313183578021e-5	9.412072867353565e-9	-4.2487093268494864e-5	1.3904049673509325e-6	3.3181690381796836e-6	-0.11982849075832872	0.35074321347008497	-0.028622570055950508	0.0027931063232076335	-0.0002053581746362635	-0.033545542925435365	0.0024328266686459614	0.05066726883349182	0.0168643386508573	0.0009728453787337597	-0.1712305582830558	0.06990729060786244	-0.1714024345477399	0.03969174503429666	-0.010082163643652662	-0.022318911836104523	0.00453276710231517	0.2499481401095424	-0.006267013447339868	-0.15128815951848254	-0.008981608630868951	0.022638665594429595	-0.022012212911467013	0.010248812571726015	-0.08349667570506569	-0.030097422542149494	-0.030006353339718187	-0.004310110250039078	0.01667700211709448	0.017889860477026415	0.008229686514856832	-0.032964967142812995	0.0730043818631766	-0.18013326489237488	0.19328640981825035	0.0076508579722706065	-0.19823423931604503	0.013049077875868642	-0.18329505911778118	-0.07774094403744428	0.2094039444136299	-0.19404413636157838	-0.08162655358619006	-0.005586985734786302	0.0008644998622508535	-0.0013528253969848892	0.0037109413654928505	0.09302091606525391	-0.0003958884529629495	-0.02957915874446409	0.005931143640900988	-0.0054502805689494085	5.918229000318669e-7	2.5125593353807755e-6	-3.492891962539995e-5	0.05204187571547098	0.009286271262973017	2.3462624745531403e-7	0.0010567117691007693	-0.09691033743837499	1.970568357826456e-5	-0.4107428072499805	1.342752657273268e-10	-0.0026610802849425584	-5.981162879795562e-9	-3.7778102621207113e-6	-1.234042922405142e-9	-0.00038912644774395633	-0.12283720960540609	2.2492776046025372e-12	0.21387742318250103	-4.787153646760546e-13	8.45886248797369e-9	-0.0002615770859657129	6.126811445333676e-17	-0.00038986674428802173	-5.210044927026715e-13	0.07770549698344559
1.6814369625510403e-13	-9.075891420688488e-18	1.3197620245570209e-11	8.278359478832726e-8	-2.6849962710323454e-13	-1.327593724622924e-16	-4.075330930255992e-9	-5.212641335496205e-18	-6.751538195966095e-11	0.001313087981529415	4.96628958653898e-10	-4.5286104834052126e-7	1.135979229267816e-9	1.0365937713664313e-5	0.430751121152623	0.03158645960894481	0.0016542684064641134	-7.451155333451481e-5	2.184829994396212e-8	9.9677702887082e-5	-1.5296289506106594e-6	-2.9053494980888675e-6	0.01839232500481959	-0.01681570047101155	-0.0012133913930793211	0.00017608298832417598	-2.745487957998201e-5	-0.005573042649066618	0.0007006191647005686	0.015493285226919984	0.006039844427107126	0.00040586159228313745	-0.08489541702069334	0.035208088738143746	-0.08941973980001094	0.02153801848521717	-0.0060920466811761565	-0.016581155821908864	0.003593333980417868	0.24167329030796886	-0.006773098881869544	-0.18769399230728784	-0.011916383665777883	0.03531454523009534	-0.03885695846366163	0.03141475771600518	-0.2819872699229389	-0.17368065624447654	-0.2257809294311117	0.02557198514760465	-0.04561241213506509	-0.04193005963660359	-0.01342677544658784	0.03141412167983669	-0.05825348782196353	0.1285375402129	-0.10395750857910932	-0.00338430631993562	0.03138293052638692	-0.0009481974301141892	-0.006301925830749432	-0.005150399304307222	0.036671472512523055	-0.04578860135641768	-0.024279296760757792	-0.00253891704780444	0.0007085811606491399	-0.001228820841923767	0.003814925985470495	0.1022249500132231	-0.0009944515264131756	-0.09214059286852452	0.02174718010553862	-0.02329255901213825	2.2242616781819948e-5	-2.7143310807728452e-5	0.0002402444149245584	-0.27626071502026545	-0.02584988750667972	-5.721848826499803e-7	-0.0019543826048529314	0.15588387405685797	-3.071077755947093e-5	0.5742258756906538	-1.5392484071442602e-10	0.0029649261357279455	6.458803911757366e-9	3.876297642787603e-6	1.1398017289716083e-9	0.00035645181540845753	0.10677110661672987	-1.9246078083965005e-12	-0.1766173307682565	3.79035363116588e-13	-6.47459889439642e-9	0.0001915783883388414	-4.017305521705234e-17	0.0002485697846169928	3.041711662831221e-13	-0.04446898594168834
9.087435656197886e-14	-4.973935191431088e-18	7.75090622393635e-12	5.117559554952847e-8	-1.6932668410021009e-13	-8.373132314508836e-17	-2.6924842386347674e-9	0.0	-5.421711757450727e-11	0.001071506224920033	4.579427249333857e-10	-4.6443556623622177e-7	1.2087832353999828e-9	1.2404549968603e-5	0.5347009183691811	0.04022615398579591	0.0021633988097971386	-9.747636410906495e-5	3.720806174353674e-8	0.00024530574137168114	-4.453059225706365e-6	-9.099664237241667e-6	0.15466428724403683	-0.38203287358667903	0.026411100185745304	-0.0024740102786713087	0.00015673378697526828	0.02379916217690754	-0.0012812140839006713	-0.025483364837686196	-0.007392177216856057	-0.00036433807129168964	0.051895850524933076	-0.02074015484535876	0.04840384194857622	-0.010579752232197084	0.0022549273122406542	0.003144076128517386	-0.0005163648996022131	-0.006269358243075439	-0.00019327321400193517	-0.016410295413645793	-0.0013488419872101313	0.005962394834288306	-0.008004414391056225	0.01034714821801654	-0.09739500339198824	-0.07159314209041254	-0.09816654528303015	0.01569916716291173	-0.033841946605042465	-0.03284696078957831	-0.012283407373756324	0.039253166305003216	-0.08251819590154896	0.19812434137522805	-0.20184041441466777	-0.007803320256756789	0.19534764149155515	-0.012916640039950047	0.1845619565364356	0.0788705765090793	-0.21969375730926358	0.20839303356675895	0.09000333581450336	0.006648098651452797	-0.0012499499061379058	0.0020495006843370116	-0.005978204825958589	-0.15525729668919497	0.0011513666441580485	0.10220749399303258	-0.023480746219622133	0.024608800937962198	-2.090702280072846e-5	2.3857257845324545e-5	-0.00020499827512108853	0.23013842406657006	0.01959657390204212	4.2195819137862707e-7	0.001344052992631017	-0.10275528406421708	2.0035793357997286e-5	-0.36077126874391335	8.944395100910347e-11	-0.001701964873942669	-3.6569700503784153e-9	-2.1445740540380376e-6	-5.996283204700381e-10	-0.00018675259913042853	-0.05446778936878905	9.73825671390655e-13	0.08770378626211746	-1.8398097126683855e-13	3.0842982494839055e-9	-8.900646678959784e-5	1.7478967948701054e-17	-0.00010630114370595993	-1.2301295718299282e-13	0.017751951668301087
4.4618695021565745e-14	-2.467102943651743e-18	4.038650934543411e-12	2.762103948799851e-8	-9.262390065889192e-14	-4.580501392703379e-17	-1.518591976598826e-9	0.0	-3.441413439633771e-11	0.0006862726923704217	3.129560902615042e-10	-3.3414059058255037e-7	8.843834304693857e-10	9.540606313804685e-6	0.4172794778688812	0.031704474415329614	0.001722243827509754	-7.760888169813294e-5	3.232017415545106e-8	0.000233143328442849	-4.367272528495194e-6	-9.033081659093371e-6	0.1696880324303893	-0.43503614957409775	0.03144270321997398	-0.0029821224357268693	0.0001987776145090678	0.03105859898853155	-0.0019379165535991936	-0.039638463141428326	-0.01262106058443517	-0.0007050972751091127	0.12265914037394311	-0.05010964901877146	0.12318311933954501	-0.028665298087895454	0.007460436553314643	0.01808540445731498	-0.0038204067943291655	-0.2437441471726823	0.006719788109564561	0.18415785249567104	0.011661550724720393	-0.03452804406409454	0.038100492876564085	-0.03164622510181599	0.28554175264594006	0.1803016785371568	0.23660843895782208	-0.02922379868389209	0.05582126037740627	0.05248276635220893	0.018046210448299845	-0.05016980472041061	0.10072286753363827	-0.23513177641430622	0.2241939816750393	0.008323297386348464	-0.1817936242205641	0.011509586558390171	-0.15593130491417043	-0.06562123005440289	0.173922312650885	-0.16080329921777545	-0.06779428192941571	-0.004746890699325738	0.0008188061182036325	-0.0013226651352667136	0.003791133413879824	0.09756049021886598	-0.0006608425963449538	-0.057717895873070836	0.013120959103337708	-0.013632974266039564	1.1027358226585398e-5	-1.2208942336088592e-5	0.00010346880109010998	-0.11483925637615058	-0.009332115476995294	-1.9809487693984362e-7	-0.0006078997874714243	0.04539786687276309	-8.800622499788572e-6	0.15509374095237183	-3.671741663369573e-11	0.0006935104714182218	1.4776683577307589e-9	8.542680410017248e-7	2.3139694978158558e-10	7.187866202547312e-5	0.020606871838543313	-3.6647767177259044e-13	-0.032602212805793396	6.736877221475102e-14	-1.1153110669338344e-9	3.164616167657941e-5	-5.939623338819101e-18	3.568747382096559e-5	3.968334492123419e-14	-0.00567302799576871
