-9.91229946957765e-7	-5.723544075984307e-20	3.5486557595631476e-21	1.159047331786704e-8	-6.62439454604251e-15	-0.0016212594339137625	6.319569842409495e-10	-1.4474592442084716e-21	-3.3833921225482534e-12	-2.438239650482004e-12	-0.00016804383448921757	2.0765628528938266e-9	7.154757979748848e-6	-6.676171686937482e-12	9.243191339022998e-5	-1.0821289749183992e-17	-6.053608374378003e-17	6.875823037657357e-17	0.0007126423732451595	1.334421569960557e-14	-1.269931698153427e-7	4.632442925318698e-8	2.5860481110982976e-12	6.297769562750587e-6	-2.8790521790745503e-12	-0.05984419741387572	-4.600638549624739e-6	-9.810216768017223e-7	2.950031179233305e-5	-0.0019893961594924727	4.942106136484746e-9	8.221707405065869e-16	-9.581754236621735e-9	0.3079072943989538	1.7918047691763107e-8	-3.0656020205227776e-12	-8.827657701807498e-14	2.0483384260844884e-5	-3.6124397883499137e-9	3.940019564713155e-12	-1.689436506004532e-9	-0.16817295844179167	-2.734406796416359e-11	1.283718977809566e-9	2.445146319405e-10	-0.00023704843647351002	1.1799375180769826e-9	-7.350293704284265e-7	0.49442963661360273	-6.343462682715593e-7	8.486704471477108e-5	-4.025436135825166e-10	-3.073874030460592e-7	1.4446768418820993e-6	1.4778629995533363e-5	0.0006541415874409559	8.609122972597073e-10	-3.3545000077251758e-9	-7.895024756287861e-5	-1.977243733596959e-8	-0.0005604225145454515	-1.1726169816498109e-7	-0.4779738461251332	1.7093258400136577e-7	4.812768227500867e-10	0.013794529113412488	-2.3996064146293917e-9	0.3931628911115234	-6.956616898374501e-9	-0.23448698937216889	6.446753146348482e-6	-9.179995317916342e-7	5.499327621170269e-7	5.51562957768437e-9	-1.8296180091803502e-7	-3.8282240084950405e-5	-3.1742527125006203e-5	1.3204375292678954e-5	-2.6964565247795145e-8	-2.0681047906796593e-16	7.837921909629294e-15	-2.440871063159155e-12	0.002768814664105778	2.4272889949589528e-11	-1.183864080436877e-10	-3.047646721666239e-12	-8.78646268005395e-5	2.79153316680788e-14	0.37971865186272297	-1.536659291972706e-10	4.212609727491945e-12	-3.973994479897097e-9	0.10586166981249033	-0.18751721082362113	-0.0007939922052883942	9.90698075605711e-14	0.009303953664955676	1.0266623480966262e-10	2.0154233260596159e-10	2.9660444178199605e-19
-1.349952140674716e-7	-4.584459322814996e-20	1.4576874297474445e-21	1.6792664242115205e-9	-9.62232188559166e-16	-0.00871693268901663	3.2345351861088743e-9	-8.71663884269553e-22	-1.6319349217194617e-11	-4.138035819689605e-13	-0.000754654346646664	3.732108006244087e-10	1.2972746997824294e-6	-2.8348960357248787e-11	1.7611989334843972e-5	-2.22906686090995e-18	-1.3420273698486278e-17	1.5302717300050577e-17	0.00017620197634566164	4.686656161701715e-14	-3.918169331643482e-8	1.5614206878070418e-7	1.2744529793109517e-12	3.5616551833488584e-6	-8.572739172787188e-12	-0.19115783860439206	-1.4518378989583577e-5	-9.879129019079386e-8	7.048612002162465e-5	-0.0002820806283112565	7.601317589880374e-10	1.3459525202409333e-16	-2.7922394157936627e-9	0.059653828200520585	3.725666891854598e-9	-6.486129370557531e-13	-1.1434128463937733e-13	4.29602836861813e-5	-6.29548689134279e-9	6.9196659260671274e-12	-2.2803953569998276e-9	-0.044164313379794165	1.4860350812080083e-9	2.8831169555048714e-9	4.1726058692176306e-10	-0.00022999962154717573	1.0196096991486842e-9	-3.717680773701413e-7	0.16626901331894914	-3.971771973332877e-8	3.2493123400631406e-6	5.433985892359601e-12	5.327130490177657e-7	-3.0684765760682887e-6	5.7536030239242975e-6	-0.008109327928886011	6.8429495562149025e-9	3.978925553647796e-10	-0.00019137102817264688	-8.858479679373942e-9	-0.0007980264187991572	-5.6756220756920605e-8	-0.2477689833204344	9.113201478658918e-8	-2.095220047037232e-9	0.008278820433423198	-3.856540591858552e-9	0.2575931363132383	-3.977541075694122e-9	-0.172608891500788	5.156503032493752e-6	-7.347962968907673e-7	-4.5725378473507374e-8	-2.3662746264057593e-9	-2.387821037592282e-7	2.6547704501972437e-5	2.22693928447529e-5	1.983419736949474e-5	2.0644791966153216e-8	6.42077775727204e-17	3.3545077755597243e-14	3.2103392408972867e-12	0.1021611520078926	-3.61864913997328e-11	3.861591158680355e-10	9.621591909093328e-12	0.00017199936300390657	-5.4018262151276376e-14	-0.7238482468355772	3.063190028935583e-10	-8.66673339260286e-12	1.1325836578812772e-8	-0.2321914050058716	0.42860637741478247	0.001902993951592845	-2.4062380947676373e-13	-0.023278650032256716	-1.1824582494799202e-10	-5.780421788195496e-10	-2.4754431308284603e-19
-5.236412285447075e-8	-2.2750832826681426e-19	4.7541175195545025e-21	7.991589723996679e-10	-4.644512139460492e-16	-0.06187013744858321	2.2143716646089738e-8	-6.665707645036671e-22	-1.0705912127742323e-10	-2.8313992618137053e-13	-0.004709427233419681	2.999733826380703e-10	1.0685510190116576e-6	-1.7030886084121018e-10	1.660451678303066e-5	-2.5555933729231735e-18	-1.8363312949310978e-17	2.0965361017912005e-17	0.0002980877606982546	2.4958260211479777e-13	-9.156077867438975e-8	8.116566317591137e-7	4.355587661474634e-12	1.303486156377616e-5	-4.303847575377736e-11	-0.963879869394974	-7.271842107881174e-5	4.90186058685669e-7	0.00030892832886543107	0.0006510137885709181	-1.412370300331942e-9	-2.2121614349741907e-16	-2.11986531944987e-9	-0.05849047954878076	-3.0534520499605797e-9	5.098851398159081e-13	-3.1852142304130286e-13	0.0001296835228855067	-1.7929219903030297e-8	1.950295421623386e-11	-5.977403279080752e-9	0.022604289869600586	4.854499593156183e-9	7.7571861862334e-9	1.0232292687531156e-9	-0.0004067411968663633	1.6367714239836973e-9	-2.5009792918499454e-7	-0.061411107156370576	5.333777067139855e-7	-7.662264825422665e-5	4.160833561935784e-10	1.5613715044997394e-6	-8.615546109932332e-6	-1.7530395136421548e-6	-0.018832665587099052	1.4305696748856042e-8	4.236155178626775e-9	-0.000307459541536762	2.587250259929233e-9	-0.0009432742925034787	1.574966526453633e-8	0.06600205690271183	-2.3898592039889528e-8	-3.5363469952688838e-9	-0.002043947521345364	-2.912956796221668e-9	-0.06112795793929253	1.8867255270269626e-9	0.03907819448297835	-1.1325905814786297e-6	1.613526373313906e-7	-5.916446878206214e-7	-7.160523240964619e-9	4.5637945529360235e-8	5.165731931251087e-5	4.282680885232352e-5	-3.67562464260304e-6	3.623966033662249e-8	2.1983334379830908e-16	-5.3171781179615705e-15	2.5717064468327038e-12	-0.014565433836695754	-1.5239069759180895e-11	-3.924714992233123e-11	-9.60008105018272e-13	-8.519547459121138e-6	2.5610207703675853e-15	0.032246906337024164	-4.397838964120357e-11	1.869661832567544e-12	-5.291813061822986e-9	0.0854074415251003	-0.20145311828560714	-0.0011262740493050202	1.5083382658495826e-13	0.016443092885519515	2.977917929918052e-11	6.350005590526712e-10	6.473458782506905e-20
-7.981253701903141e-9	-6.017049348487595e-20	6.569293452856906e-22	2.2099791073150534e-10	-1.371531239162263e-16	-0.132564336208193	4.196594886886315e-8	-3.6441507778337126e-21	-1.728978254728321e-10	-3.251786299513721e-14	-0.006135299234025197	3.704466800951123e-11	1.3323581848887895e-7	-1.833304352636725e-10	2.161695809832359e-6	-3.346415981701368e-19	-2.7170397346531715e-18	2.791096451341562e-18	4.319942258613775e-5	1.0536456598181209e-13	-1.3721052853166539e-8	2.453860469626083e-7	6.706853435022272e-13	2.0148957479354245e-6	-6.751258911710695e-12	-0.15122559360716176	-9.14609851726479e-6	8.322168492305136e-8	-0.00013190754256655265	0.0001157516273435158	-2.564970787314593e-10	-1.6185908944313384e-17	4.508074007938352e-9	-0.011744114916571322	-6.404854942289825e-10	1.081897486918128e-13	5.737829252220962e-13	-0.00023809381968749506	3.459515018395923e-8	-3.836420008124356e-11	1.2072018182555427e-8	0.00564428699169121	-9.990277942925624e-9	-1.7345328735173322e-8	-2.424752379332923e-9	0.0011252705577366048	-4.682108440605608e-9	9.595804374039565e-7	-0.019137359968675806	-1.2713345216720984e-6	0.0001854644742455489	-1.049176826645784e-9	-4.6644370593929916e-6	2.6013612513278805e-5	-9.568118616384496e-7	0.060059080975476374	-4.6666972656560186e-8	-1.21928748645159e-8	0.0011079100500632605	9.409706696678597e-10	0.003737177640144284	6.174434362422042e-9	0.027490613041557473	-1.0193340306427491e-8	1.4621167092564632e-8	-0.000959816531370858	1.4409094158755778e-8	-0.03073611928830428	-3.0515358860579183e-9	0.021451210832498197	-6.605741915563631e-7	9.415605171944338e-8	2.464336595802611e-6	3.3192555170286946e-8	3.683093798303848e-8	-0.00025881758089101633	-0.00021509437326413822	-3.2212847959737753e-6	-1.8556793564196255e-7	-1.1188225616233093e-15	-7.357845757592248e-15	-1.5964506747595733e-11	-0.02764958978549817	1.1618884456689158e-10	-1.7389556354811866e-10	-4.421516150252658e-12	-0.00012462601328419478	3.976781764575089e-14	0.5442553908965221	-5.804356440239566e-11	-1.994017883585945e-12	1.9463439456939035e-8	-0.26521544405673014	0.7615173856809427	0.004865067101728063	-6.702221746314528e-13	-0.07712631846467968	-6.401041984473265e-11	-3.516043225891955e-9	-1.6032571863933475e-19
-1.329473090818612e-8	2.587918580440054e-19	-2.5190096022860498e-20	9.409866994200515e-10	-6.135538261370938e-16	-0.969443183323436	2.9417206834045746e-7	-3.653736125230258e-20	-1.1488040190211998e-9	5.315637174733519e-14	-0.0379874652604807	-4.570449542332114e-11	-1.5789155416337428e-7	-1.0651771123359965e-9	-2.1491099046803845e-6	3.6281471864843473e-19	1.047902807605435e-18	-3.212361646593274e-18	-2.8858776102331707e-5	3.937891388848589e-13	8.219179508611926e-9	6.584286302858357e-7	-3.6984508108042845e-13	-1.0985700494477673e-6	3.528355725510292e-12	0.07899540984450275	1.947319807581295e-5	-3.542586074703596e-8	-0.0010076933966627918	-4.439262729314775e-5	9.40733213442753e-11	1.4091820371680588e-16	2.324830124354782e-8	0.0035620395596562314	1.8035269456120823e-10	-2.99214836804856e-14	2.64451475565398e-12	-0.0010800387896778576	1.534659606395642e-7	-1.6850606314479192e-10	5.2552453408036485e-8	-0.0012005682952403913	-4.226188951831905e-8	-7.075269805118825e-8	-9.593003237372283e-9	0.004114646838207321	-1.6893750124387247e-8	3.2688203401641665e-6	0.0020784289396967915	-4.395930652673523e-6	0.0006391935073572191	-3.550721135703429e-9	-1.4854978014472443e-5	8.231162628175357e-5	-8.8769921184841e-7	0.1832572767565332	-1.4088605415170907e-7	-3.730135258716902e-8	0.00309407407225279	-2.950419930870463e-10	0.009838890007165936	-1.6435776702433096e-9	-0.006656445180306214	2.3962376544238732e-9	3.2108270367785457e-8	0.0002055262041479754	2.990954730145604e-8	0.006263261943366288	-7.289967943572366e-9	-0.004152970488882087	1.2415234764005505e-7	-1.76920980468122e-8	4.062073100230951e-6	4.669864311898971e-8	-6.187045602934373e-9	-0.0003104352276268919	-0.00025658110941291837	5.301883020238043e-7	-2.1165779994522115e-7	-1.0017378805373805e-15	1.1146149330497894e-15	-1.1141263280194615e-11	0.004043023005997316	4.386654763460169e-11	2.3974793223227687e-11	6.084688783653635e-13	1.6538170503246853e-5	-5.271306777018838e-15	-0.07203132232212417	5.2637916628681516e-11	-1.4593697773651866e-12	-9.769466430209622e-10	0.0015096305101393987	-0.11190346837950119	-0.001369713060216773	2.1278313788891683e-13	0.030604210721901903	1.0166643575836206e-11	2.709342806950735e-9	-1.747424321382856e-19
-2.4166164171333175e-9	5.256321889564034e-19	-7.310465786946392e-21	1.8316241041340127e-10	-1.1871881768939187e-16	-0.1923830626332554	-1.4634543322457388e-8	5.5060080758538236e-21	3.807338281750815e-10	1.2744173140580595e-14	0.024571007224333533	-1.0504808234857163e-11	-3.698753623900048e-8	9.347155415652954e-10	-5.338277146687757e-7	-8.213899300130668e-20	1.619561753391816e-18	6.929776329122726e-19	-8.214106740078862e-6	-6.324042809173433e-13	2.4563791158863398e-9	-1.2024920047578035e-6	-1.1527489173202057e-13	-3.4451430969896785e-7	1.133164210094764e-12	0.025377250876759915	-2.2456899902999693e-5	-1.3075433778301582e-8	0.002295570683778363	-1.791846064224388e-5	3.966638667152692e-11	-3.3379248905031825e-16	-6.862062859739565e-8	0.0018864335866259048	1.0687333101778363e-10	-1.8179667524467806e-14	-9.540653578219985e-12	0.003967482491876271	-5.758287018737937e-7	6.38350143162295e-10	-2.0054770345240862e-7	-0.0012593003264458407	1.663656185665104e-7	2.871031836401181e-7	3.9935709227958335e-8	-0.01819861032837725	7.53986607609393e-8	-1.5011101986337838e-5	0.01010830933284462	2.0641307540682842e-5	-0.0030050886908912114	1.6874094466710945e-8	7.291619690008019e-5	-0.00040559764021991213	5.11532257459263e-6	-0.9226172045242924	7.13355432501468e-7	1.8872837688870978e-7	-0.01635962308028835	5.367547026810279e-10	-0.05356354403745294	2.3063173036772516e-9	0.0076938279626169925	-2.5907751939949857e-9	-1.9090782429354522e-7	-0.0001765668876230608	-1.8103367317550592e-7	-0.004710849347365975	4.4413839327412593e-8	0.0027041511144226477	-7.41495876315502e-8	1.0559211033615541e-8	-2.69841018179577e-5	-3.252157580714466e-7	2.601545820972714e-9	0.0022594741599987096	0.0018702374537885203	-2.0801320521596058e-7	1.5611796828865182e-6	7.876217259860225e-15	-3.0309050457448904e-16	9.292547309710383e-11	-0.0009101894461098882	-4.319464855488431e-10	-2.479912740190187e-12	-5.987130359623335e-14	4.430239659848405e-7	-1.6619062837107257e-16	-0.00275068091273298	-3.416740185045976e-10	1.3158621391474077e-11	-1.1875877532137001e-8	0.2534822152253318	0.11759841864808317	0.006034523506944839	-1.029289857760862e-12	-0.16937629975268603	-1.8019917995610586e-11	-1.9230776098140136e-8	1.2418321200620369e-18
-3.237502456136519e-10	3.4508006604026646e-21	6.705945377578235e-20	2.6614920702165364e-11	-1.772341747856504e-17	-0.02872388609896974	-3.665567899830994e-7	1.5916845356199142e-19	2.9277182753934193e-9	3.9526321022994145e-15	0.14531203395291	8.220492898451442e-13	9.289956008667486e-10	4.942224763657458e-9	-3.733311424946349e-8	-3.39850113681793e-19	4.975587536122729e-18	5.811827083003861e-18	-1.0483900632952984e-6	-2.6166047956251277e-12	3.3567774508349624e-10	-4.746449470695692e-6	-1.6498294233957543e-14	-4.960670204611641e-8	1.6686548552648304e-13	0.0037378790286985084	-9.201680786656502e-5	-2.1419465954247224e-9	0.007219740074162677	-3.0810781223573925e-6	7.009874801268564e-12	-9.319053084333548e-16	-1.6704384592460186e-7	0.00037272026220742336	2.2122126510488773e-11	-3.619613534765268e-15	-1.6597742204589704e-11	0.006635434377994653	-9.17309645384153e-7	9.936542053808635e-10	-3.066094415934453e-7	-0.00031162435640458215	2.3409730410169284e-7	3.695005213294483e-7	4.7252549266097384e-8	-0.016923550786612184	6.720623134387124e-8	-1.159387858490045e-5	0.0030674545200707524	1.3620608235359478e-5	-0.001967514631451895	1.0240078158152383e-8	3.371895424081711e-5	-0.00018034352230968809	1.7504044984890466e-6	-0.3183564982870974	2.27297976335283e-7	6.005480168504218e-8	-0.0018493564746708455	2.1169469991277367e-10	0.0014619913731955384	9.362576787798356e-10	0.0033286732777161846	-1.1479173304700115e-9	8.952598890498436e-8	-8.618539914560208e-5	1.0001904370223057e-7	-0.0024650903624573945	-2.915695018796155e-8	0.0015484394246396607	-4.5207105757844507e-8	6.4411177455414e-9	2.786074742288929e-5	4.086390789470901e-7	2.2323078897497183e-9	-0.0032853761678853627	-0.002731149688037856	-1.942823346826966e-7	-2.3580124836959034e-6	-1.390339077683855e-14	-5.034359881724211e-16	-1.7977374165550463e-10	-0.0020308480932656556	9.690032534921399e-10	-1.7766415696306337e-11	-4.580854242013955e-13	-1.771467623395731e-5	5.71341327355278e-15	0.07936018920420208	8.837108886404502e-10	-3.534589252865094e-11	3.557568518900292e-8	-0.7414258651139249	-0.24121797303664408	-0.017363419253419055	3.0128219617844464e-12	0.5116179733787649	4.7773296346035574e-11	6.541473400045354e-8	-1.1007107219116969e-18
-2.2472312378155217e-10	1.6619516341897602e-18	5.545827635990912e-20	2.4593991860690936e-11	-1.752386625693994e-17	-0.029126140082422366	-2.723321944871943e-6	9.728398522557901e-19	2.068586113788727e-8	1.4943073209624942e-14	0.9767992823487169	1.6091288351395442e-11	4.3273956019150456e-8	3.203523240530246e-8	2.867190382486348e-7	-1.7915381212211854e-18	2.9659055642390705e-17	3.598663954865087e-17	1.7516322853734767e-6	-1.5166923046711243e-11	-4.4031615734924755e-10	-2.691007016667533e-5	1.8352160613171154e-14	5.4018573370500346e-8	-1.6797864587815538e-13	-0.003759701419981437	-0.0005069696796586071	1.5166400077950544e-9	0.035458893817859834	1.9810691182155987e-6	-4.115309000972974e-12	-4.225977878755776e-15	-7.029134778871094e-7	-0.00016854478225665137	-9.142894831241504e-12	2.3686844054095514e-15	-5.6613623014910386e-11	0.022066439500954587	-2.9555833990085573e-6	3.153298633388564e-9	-9.615183215846271e-7	9.879348058315777e-5	6.942539173825312e-7	1.0297214078976903e-6	1.238530398817508e-7	-0.03641498948343161	1.3902439066553443e-7	-2.0672892726676902e-5	-0.0008068307348059092	1.981381900136086e-5	-0.0028291060283945576	1.3023501707205113e-8	2.0888074306188526e-5	-9.304040975491381e-5	-4.034289641838573e-7	0.07271116200616298	-1.1229510033982408e-7	-2.99555454604106e-8	0.011833965776258743	-3.547071106111368e-11	0.05694404293125728	-2.3105612713992264e-10	-0.0007345295931856189	2.474116072074799e-10	3.5976289629700587e-7	1.735302316503e-5	3.616213800985818e-7	0.00047834647691824425	-9.405694313625111e-8	-0.00028846653304470286	8.21222885722006e-9	-1.1698398841516646e-9	6.432346420415081e-5	7.841695755251728e-7	-3.623444494633414e-10	-0.00532078752164375	-0.0043985257445532805	3.152573141323834e-8	-3.6297635539427072e-6	-1.6646771044244817e-14	4.976488138207888e-17	-1.771928527764808e-10	0.0002755164409789776	6.047592315782693e-10	2.1285279536518566e-12	5.462175773498629e-14	1.9021910101603541e-6	-6.120407327435633e-16	-0.008450657611941774	1.4969941058667787e-10	-3.480625156843497e-12	-2.0031040173436323e-9	0.03995136265372702	-0.0019255969738719001	0.0040551762634282425	-8.102752315093676e-13	-0.1775262646093493	-1.50440504802655e-11	-4.74408039446909e-8	-3.635327248626776e-18
-2.7734892623012104e-11	1.1683630597802764e-18	-5.512996210941116e-19	3.1798476088587613e-12	3.8603566435132185e-18	-0.0038145717637254628	-2.01601330123995e-6	-7.085256918886234e-20	9.505553763496279e-9	2.1695902560070864e-15	0.14446183604180934	2.416866678155798e-12	6.530659218876663e-9	-2.4896650509292347e-9	4.435924001263673e-8	8.090364389840802e-19	-1.3624337090305903e-17	-1.6527409012988808e-17	2.946153855235595e-7	1.1055688450750021e-11	-7.652163789124228e-11	2.2820722055427393e-5	3.2898042257490814e-15	9.711914054532685e-9	-3.075175437166725e-14	-0.0006882244725574274	0.0005183430130331873	3.2483077757116333e-10	-0.055627424048561	2.642972991974844e-7	-7.424841346958554e-13	8.122862340826957e-15	1.5558349296190176e-6	-3.808145446836643e-5	-2.220291773317687e-12	-1.6537719343080255e-15	1.6429003009613774e-10	-0.065575927661323	9.029696648495236e-6	-9.75557535216886e-9	3.003151994727232e-6	2.804171782610738e-5	-2.2600575820261867e-6	-3.490297441870451e-6	-4.346988467370256e-7	0.13954880900154695	-5.404442285975783e-7	8.429393716573216e-5	-0.0001933587302887807	-8.543331844446355e-5	0.012235061283914531	-5.809950806809432e-8	-0.00011335622296826079	0.0005366493391973677	-1.7597151195778418e-7	0.03297621595630255	2.162838724510054e-7	5.8291076646503714e-8	-0.04723040096310892	-6.177562997940063e-11	-0.24531116462154082	7.529838174871974e-11	-2.049624746693182e-5	2.1424683850184797e-11	-1.7834389350016592e-6	3.8075706324102693e-6	-1.8318175908276135e-6	0.00013193666795912403	4.892740623714301e-7	-9.617224182141288e-5	3.0294746961903797e-9	-4.3189342842355156e-10	-0.0003658356550719778	-4.699135392673011e-6	-2.062850911997646e-10	0.033415484870548275	0.02766548115987513	1.5023597112134943e-8	2.3110309305066847e-5	1.131795814211897e-13	2.0077214662828626e-16	1.26521722818587e-9	0.0003000538855061555	-4.849244460352449e-9	3.771884599045116e-12	9.85151981468342e-14	4.918819506997879e-6	-1.5939295268682022e-15	-0.022439419828557017	-1.903426276664667e-9	5.92519545368025e-11	-2.1584722321463693e-8	0.46215444430595	0.2548397470537831	-0.011734925516479255	2.825287774236778e-12	0.7794534960490839	6.184600068761711e-11	2.9578671299310247e-7	1.46038816899629e-17
-5.387501655445582e-12	-3.471709303992497e-18	-7.343550178992525e-19	6.669374501862913e-13	1.3121002821277024e-17	-0.0008179279649662143	-1.2613773201701681e-5	-2.418681362805516e-19	4.902607547712062e-8	5.394737164011901e-16	0.03868306041356667	6.67410085214971e-13	1.821171343646371e-9	-4.898815268621308e-8	1.3028091390917721e-8	5.5775451551844324e-18	-1.16911189290799e-16	-1.432813632243187e-16	1.0516129015957752e-7	8.345067774816959e-11	-2.9847309314315226e-11	0.00016522886014739706	1.4274328438455842e-15	4.196786017578106e-9	-1.4146656104450811e-14	-0.0003157001387617163	0.0035609581348817797	2.811816868997328e-10	-0.33404365355517374	-5.774097742118302e-7	2.4709826606958917e-13	4.509361092793846e-14	8.104013361958237e-6	-1.2239313384739455e-5	-9.728387851194837e-13	-9.822713161617043e-15	7.341429175569546e-10	-0.2884170152958462	3.896594822422018e-5	-4.1727887312036206e-8	1.2758789783385545e-5	9.512059139017783e-6	-9.315415472123222e-6	-1.3950941550850573e-5	-1.6907185410548712e-6	0.5060414469089886	-1.938037245848526e-6	0.00029176844619268006	0.00019377617875544545	-0.00028537342143756866	0.040800676066496025	-1.9068647360341644e-7	-0.0003519095993706082	0.0016510290484715048	-9.459363461789933e-8	0.019883123111128304	7.141298933002926e-7	1.9212380618390974e-7	-0.13394325633171714	-1.1935146779553571e-10	-0.6580790311503437	4.083681857925148e-10	0.0006888443617131274	-2.0071329534713345e-10	-3.970058037356593e-6	-9.792767934233868e-6	-3.922265832936811e-6	-0.00023357489364245494	9.947419952297924e-7	0.00012513525006593024	-3.374747529602119e-9	4.805520412976198e-10	-0.0006051959239899826	-6.7115231573413145e-6	1.269047487302677e-10	0.0410768092454945	0.03383367374213358	-1.5801271977025453e-8	2.709830377184564e-5	1.0368913115981804e-13	7.700582992592906e-17	9.451605283054897e-10	-0.00014026422239179237	-2.1399536757665724e-9	-1.5324590540957133e-12	-3.9864607403434186e-14	-1.873389959752358e-6	6.098485662595845e-16	0.008515777613561929	6.586386847718689e-13	-4.551848619699245e-12	7.439905927184213e-9	-0.15896803239830798	-0.08504941720054052	0.0011415876836105437	-5.242074011071805e-13	-0.24322777467515336	-1.9209871135818685e-11	-2.1313840901585372e-7	3.570583046884777e-17
-1.4204620461183556e-12	-1.2963148338537129e-17	1.2838464456216287e-18	1.9538340921348023e-13	-5.689741651245958e-18	-0.0002461978350394421	-5.7551560321369786e-5	5.579298769907191e-19	2.0859176615558006e-7	1.516787364650687e-16	0.015848626374347557	2.8550012419081164e-13	7.903196637410138e-10	-1.8974498380934514e-7	6.086206369089187e-9	1.824375531126482e-17	-4.014167836842922e-16	-4.93103366943481e-16	6.474384422085905e-8	2.635915895149426e-10	-2.0749794452636527e-11	0.0005019283047799558	1.161034883654195e-15	3.3359247950449152e-9	-1.2216138615300158e-14	-0.0002703686680298517	0.01018809175072626	4.2013997953031524e-10	-0.7735922457956501	-1.664918940806157e-6	1.3168519397712129e-12	8.864503473600133e-14	1.3613117601606777e-5	1.5290783677700608e-5	5.947377567426139e-13	-1.427285874107241e-14	7.451443410045913e-10	-0.27374664673161336	3.3941169394059536e-5	-3.484712021368466e-8	1.0305333417956974e-5	-1.8747602353771088e-5	-6.397347191104778e-6	-7.905208461937141e-6	-7.813880815272269e-7	0.10340554073575377	-3.1918009086785803e-7	1.224096404043833e-5	0.0002486513153696273	2.1746052833497348e-5	-0.003328605386774849	2.5168802319990507e-8	0.0001010479865058765	-0.0005069880423151014	1.8118181132710548e-7	-0.03451321411271222	-2.895518907346024e-7	-7.811252374198294e-8	0.08738883929492376	1.0701109707148335e-10	0.5313866090890111	-2.9190506180618495e-10	-0.00043156263745872635	1.2019175618379817e-10	5.2011353521053205e-6	5.0022755498254485e-6	5.5243800871011614e-6	0.00010864372702895841	-1.528135663247296e-6	-5.234983387603621e-5	1.318575056778105e-9	-1.8765615814817872e-10	0.0012171982521463707	1.559758667184229e-5	-1.5021643807644518e-11	-0.10797684943701229	-0.08928493135974842	1.4028022837329426e-8	-7.377633040417487e-5	-3.326002422705636e-13	-3.73150465054386e-16	-3.418508386763595e-9	4.1412778837434835e-5	1.034599059057235e-8	4.075002217881622e-13	1.0480056989833426e-14	4.7533999800410436e-7	-1.6424918563337805e-16	-0.0021551239750291105	1.9014739338676802e-9	-4.5501832642127956e-11	-1.7549678909581941e-9	0.03744052187134434	0.019572689674060718	0.007935654646903462	-1.0652358641640574e-12	0.05360632287990881	4.217889449567176e-12	5.069314948801251e-7	-6.57092369435565e-18
-3.0559220269087e-13	3.111951503487256e-18	-4.86306391328109e-18	4.5943314597158044e-14	3.110789102823798e-17	-5.8785193565121824e-5	-0.00017838435653772658	-1.6497960198855523e-18	5.861162446626333e-7	8.781449615329878e-17	0.004750271507632492	8.803711693642502e-14	2.464925304053761e-10	-4.292474756819149e-7	1.9948542516051346e-9	4.1502498914562125e-17	-7.489833512125097e-16	-9.102412496810363e-16	2.520220694697043e-8	4.1406279277917935e-10	-8.649160255131042e-12	0.0007242883263912901	5.530058077906e-16	1.4920158383619523e-9	-5.821754305865538e-15	-0.00012573390700636742	0.012769777806548666	2.4220120046858243e-10	-0.5004123533346215	-1.1241464707555167e-6	9.655928349657324e-13	2.070036555314625e-14	-1.7318439165910614e-6	1.924853191288084e-5	1.1318989027039864e-12	6.726523090267459e-15	-8.570337472606215e-10	0.35061020938402293	-4.917926833001606e-5	5.3394640721837435e-8	-1.647498266126906e-5	-1.514243220140388e-6	1.2349863617807284e-5	1.8590234623890886e-5	2.225516273918118e-6	-0.601545229460965	2.2444942770739995e-6	-0.0003049009322872868	-0.0004718553400627953	0.0002597017558998512	-0.03685494554466652	1.597037578231122e-7	0.00021360352092943715	-0.0009484820087966578	-1.6970954435275475e-7	0.03123074083435768	-2.779807794229457e-7	-7.441896900898624e-8	-0.014924433543337045	-7.141782404669023e-11	-0.3188249171280861	1.562093866877566e-10	0.00020015279489195585	-5.280167117705055e-11	-7.808227660786706e-6	-1.7290742397582306e-6	-9.033115029492226e-6	-3.082970510371794e-5	2.746203169583345e-6	1.048143215653084e-5	-1.7498792171110276e-10	2.479418258656766e-11	-0.002815676127226527	-4.051070230553559e-5	-7.962271929226231e-11	0.30648573764644826	0.2541047472529321	-2.9681148356519073e-8	0.00021440145212949576	1.0670135901253563e-12	1.289386268624031e-15	1.1641515092895179e-8	-1.868404555210151e-5	-3.895764141238818e-8	-1.507488401638344e-13	-3.905133364755391e-15	-1.6251498040195168e-7	8.496335730554581e-17	0.0007335990490331921	-8.306103901618541e-9	2.0587333818941995e-10	5.290298530456739e-10	-0.011252714877078181	-0.005576014642814294	-0.038691130459749416	5.596050527541377e-12	-0.015621701944998862	-1.216606649282065e-12	-2.4076341404674553e-6	8.726329527662228e-17
-4.9314344838205866e-14	-2.858369483479508e-17	9.139975056395486e-18	7.54993454238183e-15	-9.125611674408124e-17	-1.0259120209733316e-5	-0.0006774510787287124	6.2603757980450705e-18	2.0459082118664906e-6	-2.3229214620333344e-17	0.0009773643367821435	1.8519504549654815e-14	5.2152262388121754e-11	-1.2362207338297925e-6	4.3688741692323834e-10	9.505117329836681e-17	-1.8098939783159523e-15	-2.1926420496154237e-15	6.2035903925500505e-9	8.498403030833839e-10	-2.2291682533805027e-12	0.0013622451694780622	2.7627867888430763e-16	4.0443216461214736e-10	-1.9565821356983895e-15	-3.5706903513224923e-5	0.02051715152510979	7.572704658581328e-11	-0.16732177070787618	-3.850813258177743e-7	3.463563021034149e-13	-5.6682810315925556e-14	-1.581202413444652e-5	8.962280697473288e-6	6.147762406564401e-13	2.114245528508197e-14	-1.2907992024701047e-9	0.47513996442539025	-5.856464466044714e-5	5.977186391686832e-8	-1.757066663723686e-5	1.8179767470860707e-5	1.0439104650634962e-5	1.1897186015566135e-5	1.0421750282562044e-6	-0.030026519621834457	-3.6656974782942583e-8	7.045746078195313e-5	-9.919147009041391e-5	-0.00012015227949835282	0.017473531725215957	-9.374500034849137e-8	-0.00022218601629905505	0.001061021502801042	-6.965333436446834e-8	0.013295252747110721	4.854420077332017e-7	1.3059739455869948e-7	-0.07392836401109046	-3.6942880642880525e-11	-0.20082742909129175	1.149959727217417e-10	0.0001797006179833839	-5.1145113474884424e-11	6.221988975081905e-6	-2.4056908508745096e-6	8.418484838544205e-6	-5.832704781709309e-5	-2.9933358137794435e-6	3.359871724860775e-5	-9.877601149398527e-10	1.407618715426036e-10	0.004439064743718239	7.457654425753808e-5	2.0181442601480228e-10	-0.632879219903486	-0.5264967679051596	5.841338718635787e-8	-0.00045618197765768734	-2.5678008201048672e-12	-3.357385352359955e-15	-3.011277803810227e-8	1.5322163930305762e-5	1.131777971515734e-7	9.534254823737169e-14	2.4060143963259097e-15	9.044767703588567e-8	-1.2792571267760708e-16	-0.00040528832260962186	2.772056783478277e-8	-7.003503739727451e-10	-2.231734906662029e-10	0.004698986755845898	0.0017756266558831711	0.1441263135581616	-2.1093105791215718e-11	0.009304006545571727	6.985699905706323e-13	1.0010275600493643e-5	-1.3554808373904024e-16
-9.79405266868331e-15	-2.4138243876730102e-17	-6.165984108449088e-18	1.9100515776677576e-15	-7.025340531012307e-17	-2.240501125725258e-6	-0.0036872554143864257	9.834772254082603e-18	1.0527929645911934e-5	7.20906800567841e-17	0.0002615878255721853	5.003944433602508e-15	1.445943254795874e-11	-5.637920150078934e-6	1.26575915528959e-10	4.3521115833897153e-16	-7.481924969242014e-15	-9.002588120138084e-15	2.099484102082803e-9	3.2188883391165677e-9	-8.087908324269916e-13	0.004942137179538608	5.731414374318547e-16	1.6321824819030973e-10	-2.0431335783744593e-15	-1.7812638525823048e-5	0.06910076834124666	3.2925158437065356e-11	-0.07954155182774231	-1.887606438913098e-7	1.7964893584259088e-13	-1.981063459980057e-13	-4.3419597851084826e-5	6.256484960001149e-6	5.002467805059384e-13	4.83845013064327e-14	-2.0117681599582953e-9	0.6758014743087006	-7.301646349481111e-5	6.929455100187896e-8	-1.9137490447677994e-5	3.716145785384132e-5	7.621120314685115e-6	2.8313308622751305e-6	-4.506895252380231e-7	0.5575912711928639	-2.2968142050998698e-6	0.0003975237229747966	0.00034597413864790634	-0.00040471378194872215	0.05785851838664289	-2.6811290140596185e-7	-0.00043994572242635546	0.0020113026401289927	1.050260132403617e-7	-0.01917954255384219	7.057196115342497e-7	1.8941782924974382e-7	-0.03563617404234479	4.907811933561839e-11	0.20856716071019957	-1.0408033549810149e-10	-0.00014130562443472888	3.857465791569982e-11	8.572674872402916e-6	1.5267495604625453e-6	9.389168588389498e-6	3.352804320250283e-5	-2.564739683720322e-6	-1.7307417088528126e-5	4.759357782867933e-10	-6.779896444492571e-11	0.0009378406709073795	-7.22659369445058e-6	-7.378724558588893e-11	0.21971473964375715	0.18684466503294306	-2.0252470385888966e-8	0.00018976737933829613	1.8408180324703217e-12	3.0023579308512974e-15	2.733940560002021e-8	-3.5441660048748044e-6	-1.404176505197164e-7	-1.5166072532772753e-14	-2.764263200815148e-16	-8.940097817234353e-9	1.291807929146513e-16	3.822576451130756e-5	-4.6593811656268187e-8	1.2207734351484897e-9	-4.8455920270674205e-11	0.0011075637130590844	0.0015936827375906434	-0.29918828301181605	4.4475131604725126e-11	-0.007092066586235715	-4.984993873246546e-13	-2.5445481961370764e-5	1.0176999543311166e-17
-1.2460206382816357e-15	-5.471619678932158e-17	-6.1112687608872814e-18	3.055872123960162e-16	-6.78074300517961e-17	-3.066393842592825e-7	-0.01581756645458906	4.9380161803224944e-17	4.2168207598092756e-5	9.887776160010563e-18	4.1599225511580797e-5	6.315510947756313e-16	2.375233209080428e-12	-1.9484283795701706e-5	2.1716195273455116e-11	1.3895479122511927e-15	-2.2956116103385065e-14	-2.7482773018403698e-14	4.4824374533983364e-10	8.94276393015684e-9	-2.0580245519745616e-13	0.013103344943994063	1.3392744941083207e-15	6.23889263645168e-11	-3.752662294580876e-15	-1.3945873864337928e-5	0.1700430764806888	3.3099511498834034e-12	-0.010331733523405691	-2.5812198053437363e-8	2.6306785599547123e-14	-3.191257410817157e-13	-5.465283815673878e-5	1.1305938993896286e-6	9.630884367548249e-14	4.519497823386182e-14	-7.005876414021417e-10	0.15173252863311124	-3.782556839209074e-6	-2.9508232760111813e-9	2.3720081315625415e-6	8.880700239230281e-6	-5.2532219720276866e-6	-1.0289200304574682e-5	-1.2541663064166455e-6	0.15894516261643477	-4.104243787739554e-7	-3.787638154519665e-5	0.00011179920722922429	0.0001305653953206559	-0.01924454562014223	1.1417673375936035e-7	0.00031630171126693674	-0.0015255035290030804	3.77273040063844e-8	-0.007038830228032371	-7.335016514338001e-7	-1.972860016954404e-7	0.09348257623618833	6.126218686338959e-12	0.05824796469422729	-3.388403055345475e-11	-5.1796675037804256e-5	1.432675328157181e-11	-1.5735681088163523e-5	6.521746279592989e-7	-1.9594762618528168e-5	1.544824168597346e-5	6.310195854519376e-6	-8.748837748821291e-6	2.560998359715707e-10	-3.6477065141226225e-11	-0.005991806838631167	-6.104299168121743e-5	-5.477218376469606e-11	0.17937248638921546	0.13970075669839185	-1.6137097671181574e-8	5.4138310078127124e-5	-1.785823741380745e-12	-4.1075178069244125e-15	-3.8977433172764375e-8	-5.811910799052371e-6	2.824531205660764e-7	-5.02230810843828e-14	-1.2353769895821117e-15	-6.248073800399788e-8	-2.87929870549558e-16	0.00028537348345640046	1.2199035516287767e-7	-3.2911866210751106e-9	3.8724523143994875e-10	-0.0084554439543212	-0.0073143228710406865	0.9260582075289481	-1.3930419888055437e-10	0.01675168258911087	1.1397010967275591e-12	9.215547317327526e-5	4.295264252031402e-17
-4.718515440471196e-16	-3.1258087574445956e-16	-2.4634595535755313e-17	1.2246557461707684e-16	-3.810980690092307e-16	-1.482267907087914e-7	-0.11569967193090956	3.6175256895593968e-16	0.00029620016977579763	-1.3141406227075972e-16	2.8338940540713738e-5	-5.741273069716765e-16	1.7982222147330517e-12	-0.00012586978921775194	1.8865470582841125e-11	8.617083676170587e-15	-1.3909342242657599e-13	-1.6605778911974822e-13	6.986952675676801e-10	5.147910664058468e-8	-4.448292399457483e-13	0.07369381440651576	7.399097451050476e-15	2.0701717717119593e-10	-1.996199450921013e-14	-6.393422368687579e-5	0.9225796181620627	-1.480401356433422e-11	0.024703921817260315	5.322033196810055e-8	-4.427939702433062e-14	-1.3883449151763428e-12	-0.00021329039823093712	-9.56930813549454e-7	-6.720874507061608e-14	1.525376466198092e-13	-8.354832270178314e-10	-0.06859523280703152	5.815820227743753e-5	-8.078568885185103e-8	2.8313375387851837e-5	-3.3934155401418793e-6	-2.7345304742476113e-5	-4.030611080356984e-5	-3.994818618986951e-6	-0.032209545348011265	9.551886014518925e-7	-0.0005170684511542302	1.7954639194757724e-6	0.0008027413005439683	-0.11643144549448485	6.104165226219507e-7	0.0013446620975031348	-0.006348744428564724	-5.123597927740709e-10	-0.00016329195851687991	-2.7028409684068225e-6	-7.264598798721241e-7	0.2717267177175056	-3.409149943643367e-11	-0.06931916395122717	2.6319834878314314e-11	2.8955370410433327e-5	-8.205465757709557e-12	-3.948466278267274e-5	-2.7086197294401704e-7	-4.6303426780929404e-5	-5.793390805490509e-6	1.3802991318436704e-5	2.97307991737848e-6	-8.233233288112548e-11	1.1767404107318714e-11	-0.009437605989415268	-6.611523399624947e-5	1.4553891069080927e-11	-0.0385215070120636	-0.046574800102511846	4.3290617392150406e-9	-0.0001380323729228248	-3.10726675876997e-12	-5.396379957213238e-15	-4.866364757338878e-8	1.2724822872002237e-6	2.1292094266432244e-7	1.0174936629562888e-14	3.561000882774481e-16	1.2316404273933899e-8	-1.5631357692763962e-16	-5.614575592161791e-5	2.9651034344953198e-8	-5.774861932508054e-10	-7.227754940007487e-11	0.0015763513506168421	0.0013407197815548117	-0.1663770732533202	2.9666474762556345e-11	-0.0029539058209435863	-2.005031513542437e-13	-6.126017555230364e-5	4.299181249265046e-17
-1.149218078787956e-16	-8.776076622483893e-17	-2.5742791294424526e-17	1.5062902183658805e-17	-1.5844820050704074e-16	-5.470831436056189e-8	-0.2382036950463166	6.954085385286301e-16	0.0005270390814830562	-8.89087167576544e-17	4.233424175225947e-6	-2.952478088260731e-16	3.0977684864289294e-13	-0.000156381558283535	3.660735645954831e-12	8.648790684260338e-15	-1.207068300992046e-13	-1.4147197970546844e-13	1.7381816192764916e-10	3.03992506715791e-8	-1.1981618777642644e-13	0.03472333213012835	3.135671230498249e-15	5.811755983424025e-11	-6.449372929607907e-15	-1.862884311649324e-5	0.27253309988690216	-5.123294625482617e-12	0.009231639492433974	2.042616797869929e-8	-1.7914320841508647e-14	8.480485178934565e-13	0.00019438312419179117	-4.944138885605335e-7	-3.916421286260823e-14	-1.8346669012371394e-13	1.7767985901418646e-9	-0.059101493278267136	-7.904172474316548e-5	1.207368545190408e-7	-4.4383865857446294e-5	-3.6215418004733834e-6	4.893836027470482e-5	7.921560484552927e-5	8.475312609793933e-6	-0.09301889976201146	-1.5795642139294528e-6	0.0011733788558501439	-0.00011582384337870734	-0.001979863526911986	0.2880391653777257	-1.5512222264610144e-6	-0.003667098491897291	0.017454090559300334	-3.640440028155945e-8	0.007464075468803048	7.840616396387319e-6	2.1079267047373245e-6	-0.8615771429487851	9.294075360330901e-11	0.14704858824423028	-4.658395192325733e-11	-4.037282238753582e-5	1.2197053661947626e-11	0.00014950057601490692	2.7594153848993793e-7	0.00018019062265111865	5.1582286759731154e-6	-5.560417195172405e-5	-2.2925647899136728e-6	5.802302448827262e-11	-8.42902326097309e-12	0.04311609911741736	0.00033547027314689956	-7.3870580242467e-12	-0.012109419386493825	0.0628132992887894	-2.7612583471038077e-9	0.0005527365088834339	1.621305530592403e-11	2.9851498784211746e-14	2.72812503550922e-7	-5.013234977434268e-7	-1.3673979352498364e-6	-3.582083396796546e-15	-3.2983356757910867e-16	-4.104919416815585e-9	8.61538800287755e-16	1.8656637148644838e-5	-2.848073431484804e-7	6.494894000613484e-9	2.2134767152793782e-11	-0.0004818989733558295	-0.00039938251754486183	0.04807274642570354	-3.5266636054287516e-11	0.000829727401055476	5.6081577407440384e-14	0.0002933599034324016	-1.2709466876832926e-16
-1.1891748379423631e-16	4.6414013153609394e-17	1.67555287329279e-17	6.148333496483362e-17	-2.0748887232389093e-17	-1.0850486372242433e-7	-0.9444152627765283	2.6406431203871296e-15	0.001905047471069563	-7.143055009152292e-17	-1.1946124846104943e-5	7.824883204376707e-17	-6.372581660539935e-13	-0.0004452571266109236	-5.686519006557405e-12	2.0865620613330238e-14	-2.5775528242829743e-13	-2.968932766266368e-13	-1.5199333445461741e-10	4.0301258295817906e-8	8.792796080941442e-14	0.02714011890637236	1.5162012613480973e-15	-4.213565641588083e-11	2.08270450515747e-15	1.2435973382738514e-5	-0.17729733597345526	2.6211550689287662e-12	-0.0042982914637764436	-9.227876676722837e-9	7.672053435631744e-15	2.9775652583478214e-12	0.0005242674647572747	1.707535261980653e-7	1.2424272381359822e-14	-4.002073537134966e-13	2.553296640023401e-9	0.015136027261042953	-0.00012382704126025974	1.7700409429719216e-7	-6.253848735625915e-5	8.397938791138891e-7	5.951716896560963e-5	8.346747738653039e-5	7.785865215316077e-6	0.012848592137691229	-1.2262204321339873e-6	0.0005861731096131656	-3.3445977944934792e-6	-0.0007061320036717832	0.10097072842190409	-4.564234891515666e-7	-0.00047558889655368355	0.0019153656782622598	1.2418363825263994e-8	-0.0024436801803386548	-2.3398126611291647e-7	-6.43030930210854e-8	0.2209096651844356	-2.6411039315844943e-11	-0.03459720843083262	1.1058691787616178e-11	8.519674274375305e-6	-3.717878006228947e-12	-0.0001298749330395644	-5.2429866345598545e-8	-0.00017234053740972322	-9.224173426026154e-7	5.938991618420391e-5	3.714511609566215e-7	-8.205961201781792e-12	1.3925628961749803e-12	-0.06294237934069515	-0.000569872440531208	3.3658248645070285e-13	0.06379552368792174	-0.08490686669201294	1.4986561648920044e-9	-0.0010457520875430753	-3.561138700853774e-11	-6.969900419008874e-14	-6.470615969415783e-7	8.430998889594665e-8	3.671304405932918e-6	5.305782567837096e-16	2.745222366033637e-17	6.195312846911717e-10	-2.640642120835252e-15	-2.810756056343266e-6	8.920350274170488e-7	-2.0808544430182605e-8	-3.181334851770155e-12	6.91920530359786e-5	5.650933366107124e-5	-0.006686080978468211	9.833433932858317e-11	-0.00011358551263941542	-7.648390564974193e-15	-0.0011233712379642034	1.315731325961758e-17
-2.0796123755012427e-17	7.710498718026459e-17	-1.0251926777531195e-16	2.2057222293372824e-17	9.640831164966342e-17	-2.0657999085775498e-8	-0.18896394300141162	-9.856079227552602e-17	-0.00018701777616464565	1.3260819956426166e-16	-2.729278500809356e-6	-9.765397992712475e-17	-1.5033892292047006e-13	0.0003104445651905481	-1.3971475256678055e-12	-2.074331080658767e-14	3.037066008598254e-13	3.570025163640008e-13	-4.418391619354107e-11	-6.985341539855455e-8	3.14765966728455e-14	-0.06442064410961135	-4.8244424879056196e-15	-9.193662774891704e-12	3.8863332317177284e-15	3.2864580554967e-6	-0.04851833165290021	8.768465379262235e-13	-0.0015473913900449679	-3.4061235367193656e-9	2.851842151482405e-15	-7.172981639143509e-12	-0.0014517501360508374	8.323485726845612e-8	7.102713961544563e-15	1.2436467977961314e-12	-9.516718324558426e-9	0.01227646584111001	0.00047124332422131726	-6.873658622911323e-7	0.00024619745769859623	8.560784643400522e-7	-0.0002477703844777799	-0.00036745275446122645	-3.612168751167836e-5	0.04432265406841969	6.271770119698785e-6	-0.003482462805089647	0.0001291513010908374	0.004837538983341645	-0.6971545924475102	3.4213802295431e-6	0.005681283285255647	-0.025598510072403186	-1.730744262449757e-8	0.003159617866858939	-6.8174838091276085e-6	-1.826711008827965e-6	-0.1479647292692194	2.984755445132387e-11	0.01572528702975835	-6.503605589432223e-12	-1.5982528734285206e-6	6.3012027898977254e-12	0.0005168853776947086	-4.8926698057438745e-9	0.0007179707074553918	-2.693185413273511e-7	-0.0002600215638217174	2.6555344955266423e-7	-1.2409502490167992e-11	6.877276936409291e-13	0.31419956129152943	0.003023332627999835	5.362877719860506e-12	-0.37610441480834517	0.454385006333361	-6.3935468535895605e-9	0.005867999196279343	2.1121059706087862e-10	4.2415462635816065e-13	3.964368083026327e-6	-6.393847200527702e-8	-2.373970758807654e-5	2.0979792217557048e-16	1.8484631687272631e-16	-3.2440178682350196e-10	1.8074641899516286e-14	1.4633978172600284e-6	-6.168459617741802e-6	1.452179451471031e-7	1.4299589511883341e-12	-3.101151126258721e-5	-2.4246468620314667e-5	0.002729251495553155	-7.14794474355019e-10	4.432825258205168e-5	2.9402839676208888e-15	0.00873438471786873	-7.73865096774573e-17
-3.672165888068521e-18	-8.763838056230421e-17	2.0896192782128808e-16	5.802948618833335e-18	-6.298904471939428e-17	-4.025488367257591e-9	-0.039146120901855666	-2.80703745855991e-15	-0.0028272689289831434	9.623887544729759e-17	-6.817053003013346e-7	4.3058040635382496e-16	-3.964088711421161e-14	0.001813294213356378	-3.9757093254194123e-13	-1.0780879502341241e-13	1.4857106709119606e-12	1.734362804484621e-12	-2.031590108687302e-11	-3.039092854703517e-7	2.6899474768893013e-14	-0.26282243235679936	-1.9002953431540236e-14	9.115647890768814e-12	1.1679857738246803e-14	-8.709198001152074e-7	0.008006459427791912	1.2591804972987993e-13	-0.00028967385912562384	-6.781396366924783e-10	1.4502830732179066e-15	-2.1831799132846417e-11	-0.003942240659090163	2.440605974815465e-8	1.983144974713022e-15	3.01645542049647e-12	-1.893507704027046e-8	0.005231835856922086	0.0008709260064867427	-1.2434471331784485e-6	0.00043815754018076297	4.0981192072373493e-7	-0.0004093594524256403	-0.0005609449291073755	-5.119946171782871e-5	0.029821093901619588	7.03483593827512e-6	-0.0034190164685580365	0.00010252516974132565	0.004120322337491163	-0.5895996084359347	2.6984333050018523e-6	0.0034160732773323914	-0.014729051932792841	-1.981759934483985e-8	0.0037242630850243983	-2.356668075371044e-6	-6.288026429839463e-7	-0.2479548972591473	2.950283079460675e-11	0.03535022185882941	-1.0747611697018771e-11	-8.242124053353802e-6	2.3128838082107033e-12	-6.564714966190574e-5	5.447025342329075e-8	-0.0001570914533342303	1.0698407269421586e-6	8.667834135371896e-5	-5.584788553347967e-7	1.820434215898065e-11	-1.9469652576754548e-12	-0.22742732127603638	-0.0028804856729488858	-7.098712653442036e-12	0.4373902834986377	-0.5233546226911936	7.170760836393806e-9	-0.0070938287533870315	-3.094117324205175e-10	-6.774121263986186e-13	-6.4714749367401886e-6	4.048861431843414e-8	4.5850441337675725e-5	-4.378223118262955e-16	-3.3874308123253925e-16	1.5798193266414198e-10	-4.0663825673681274e-14	-7.094714500208112e-7	1.441566229034645e-5	-3.477806098840902e-7	-6.149408164089362e-13	1.3302913276027815e-5	1.0020730363328409e-5	-0.0010798958782878467	1.9566638140824444e-9	-1.6846862977293996e-5	-1.1638797000632589e-15	-0.027556717970234245	8.438991500131297e-18
-1.4228094159272026e-18	1.0780203168157139e-16	2.7806078036580617e-16	-5.212768812407406e-19	-7.095688039566008e-17	-1.893886327348368e-9	-0.020858991478983596	-1.4815767175081277e-14	-0.014192947873391452	6.945435930731673e-16	-5.304815860177998e-7	-4.0658928085400647e-16	-3.428219541940927e-14	0.007961213978951344	-3.957474134387259e-13	-4.4497023479203747e-13	5.932427868184516e-12	6.895911501765407e-12	-3.8192788425269676e-11	-1.124115883445776e-6	7.137508141032869e-14	-0.9378427166800667	-6.728932561717075e-14	4.334626117522737e-11	3.8764816707410475e-14	-6.486194637895778e-6	0.07769536089315118	-4.622537428797546e-13	0.0006436265860597182	1.3288002406016707e-9	5.740212458599132e-17	-5.359583636689973e-11	-0.008440722112729691	-2.2228071829801222e-8	-8.562126772325135e-16	5.5700313276982585e-12	-2.601192683813925e-8	-0.0027855504946148494	0.0010444726445191467	-1.4345320423963917e-6	0.0004901935977351386	-1.943725387105567e-7	-0.0003936685260816016	-0.0004483838394171218	-3.334790210304259e-5	-0.010992286963709503	1.3337599434190565e-6	0.00017138029335236077	-3.452954370360373e-5	-0.0012910060735513262	0.19253880550212876	-1.2349328471364547e-6	-0.0033838185718960178	0.01594309693663524	5.7639073831824245e-9	-0.0010730313530403549	5.556731596955932e-6	1.49067902682158e-6	0.06421718443420557	-2.2219469091308224e-11	-0.008554245766768227	5.351961061801154e-12	1.7522733693185867e-6	-6.458569683428944e-12	-0.0005022264881947723	-9.381687861299661e-9	-0.0006702359364989776	-1.505111271733503e-7	0.00022476229889559015	4.123152341485988e-8	5.597427991095327e-13	5.812063583477039e-13	-0.13926578593934902	-0.00018239090138548036	2.4889016799491963e-12	-0.1389661199402295	0.16509744455497644	-2.2184807694812414e-9	0.0028726049023941043	2.4627911841812953e-10	6.644166188219891e-13	6.653109301218205e-6	-8.814835404910561e-9	-6.480018256633007e-5	2.237486202145499e-16	6.094251465670354e-17	-2.9760195652479594e-11	7.310145271696159e-14	1.332995466223705e-7	-2.737154277172826e-5	6.836154411926445e-7	1.0741447734505627e-13	-2.3145297426516272e-6	-1.696559448488257e-6	0.00017619627430602477	-4.607288325827717e-9	2.6315246310263243e-6	2.0121767603454588e-16	0.07747991731447576	3.0724109767293363e-16
-2.0199973809299926e-19	3.876526009428726e-17	4.1457473950101075e-17	2.3107444018627546e-19	-4.324551064085985e-16	-2.8797739212096086e-10	-0.00330805083778492	-2.4572970235409954e-14	-0.02217316733540237	-1.5280311277726123e-16	-9.124547295439719e-8	4.446096161814629e-17	-6.0512641391886736e-15	0.008034531606044735	-7.135901703798039e-14	-3.3699774838563767e-13	3.692286647733287e-12	4.176173793640506e-12	-7.56827898868456e-12	-3.750606511343715e-7	1.4317243127655895e-14	-0.19556000362765472	-1.0640327364691763e-14	9.171153210074117e-12	2.0018041078817672e-15	-1.3945422339314984e-6	0.01681618416314811	-1.0868859521621082e-13	0.00015788468519284748	3.3074920813245806e-10	2.530479456095761e-16	5.08381234523372e-11	0.010824355714415142	-6.066964315120993e-9	-1.2351650306057243e-15	-8.953240005905754e-12	5.660969229152094e-8	-0.0010239007353952771	-0.002525735760577071	3.5648575349079256e-6	-0.001244058265289607	-7.742674811259372e-8	0.0011013366945031948	0.0013995583305714098	0.00011682337199816237	-0.005560876172061377	-1.0027226942846684e-5	0.003015198544734136	-1.9592562276382255e-5	-0.0009393378512771309	0.11425256410166813	4.067237452848871e-7	0.005558334402053984	-0.027825690706011583	4.0117520196036546e-9	-0.0007579418126929589	-1.314509657786528e-5	-3.530638534583655e-6	0.05614161717061814	3.8625342934775975e-11	-0.008645214888719078	-6.472394665163474e-12	2.3835970864255715e-6	1.959931226387452e-11	0.0018475455268046916	-2.0820416274860753e-8	0.002589086477001887	-5.103725037799664e-7	-0.0009253748798361803	3.987470319941541e-7	-2.0428920357670432e-11	-3.640691870983207e-13	0.7975654081264707	0.0036667675952153263	-3.9298676665806794e-12	0.18827671380290978	-0.2209666834624597	2.869398983053859e-9	-0.005996176141742426	-8.735352330036795e-10	-2.599085224246001e-12	-2.6563590947736688e-5	4.657292718519964e-9	0.0002947236392869068	-6.54913959973012e-16	2.014042029985884e-17	7.67781845567188e-12	-3.665597673310431e-13	-3.370609178617436e-8	0.0001402701135417836	-3.554232752284357e-6	-1.014728666409203e-14	1.9048971246578492e-7	1.210342303854939e-8	2.0042124393760906e-5	2.589290834312895e-8	7.625929531287512e-7	7.967845917834304e-17	-0.47244538318298124	-1.0866765226561031e-15
-2.6367292736920424e-20	1.3872925008969676e-16	1.7227434250476257e-16	-3.85364595277626e-20	-9.439482536769288e-16	-4.32269613901802e-11	-0.0005915206735823514	-1.3942934115741436e-13	-0.12351375192541475	-6.497384362829069e-16	-8.424745234979889e-9	3.1789321214284095e-16	-7.069827260518686e-16	0.037723273375307446	-6.286678407923672e-15	-1.3913383050997614e-12	1.3717667531913521e-11	1.5263697215452935e-11	-1.0043297859072234e-12	-7.710826953741846e-7	1.8400017271033935e-15	-0.02779438814934527	1.5533407670092475e-14	1.325918579162887e-12	-2.9248068982281366e-14	-2.0526044752110055e-7	0.002493099707732111	-1.7701768971203472e-14	2.648051081317627e-5	5.6248604816779606e-11	1.19763606620484e-16	2.522629670996152e-10	0.04777313359439637	2.413932042059652e-10	-4.745290420895488e-15	-3.586051361667186e-11	1.9587965833720168e-7	-0.00022309219946245787	-0.008279929106288289	1.1525954993230453e-5	-0.0039797724400135615	-1.7699345577010132e-8	0.003357669402518592	0.00405748038509811	0.00032320828603443487	-0.001475309955851552	-2.344847509678642e-5	0.006138748751247717	-5.58143047211029e-6	-0.0005736587539581188	0.03370463589314219	2.021783931441496e-6	0.013371524021823379	-0.06546943074473785	1.0834781924935156e-9	-0.00020380574782666403	-2.7368587797471815e-5	-7.347099043298948e-6	0.017867239873271386	7.563425145094952e-11	-0.002919681076197141	-1.3322552913241998e-11	8.831643348309806e-7	2.716231312785393e-11	0.002166947229828907	-8.571441409917634e-9	0.0027945207204559826	-2.2304076722048143e-7	-0.00088877412647117	1.8805609084183074e-7	-1.0233724693187948e-11	-7.529584122849698e-13	0.42252695422766284	0.0006886648480229884	-2.5607368841579998e-12	0.12893912194395205	-0.15198669888269578	1.9985423711165396e-9	-0.0022262214643432904	6.315890881320711e-11	5.881435959213691e-13	7.062080441483289e-6	5.682617783198168e-9	-0.000172958073243863	-3.371201807325085e-16	-3.6155223697866896e-16	2.1180821741821115e-11	3.375142820555184e-13	-9.533967108241907e-8	-0.00014127431074809925	3.790683387628686e-6	-9.479123094360284e-14	2.051496606748116e-6	1.6788328579120205e-6	-0.00020758516953182254	-3.6708353283018844e-8	-3.899798048059438e-6	-1.4254131384093245e-16	0.8694282677569334	2.2653442266767312e-15
-2.195226096101462e-20	1.0332538740252922e-15	1.4392327222194253e-15	1.1121237065747455e-20	-5.798558479442342e-15	-6.019163739607437e-11	-0.0013130040806443976	-1.036105789398579e-12	-0.9089150708561285	-4.4601610624303236e-15	3.030135941365794e-8	1.8939454853676435e-15	1.0294186243468809e-15	0.2565505894197526	2.7592163242274028e-14	-9.091031554789934e-12	8.752606019144554e-11	9.708345850379056e-11	1.0331476469016724e-12	-4.545118728273626e-6	-1.585743717654257e-15	0.021410642971075113	1.0736041557577745e-13	-9.523225614430312e-13	-1.812608417409771e-13	1.3708755300696932e-7	-0.001617364465499644	8.226341628774677e-15	-1.0332434642959463e-5	-2.0513623888313822e-11	-1.1054039868912288e-16	1.269925648547549e-9	0.2262030496926137	7.262301362406243e-9	-2.1999429906767912e-14	-1.5998682706793634e-10	7.912570613468174e-7	7.213629877343216e-5	-0.03218801748467646	4.436735239412981e-5	-0.015203632485929217	5.4465914870031235e-9	0.012393477370083377	0.014451253523036313	0.0011142803773933668	0.00029424705936493753	-7.282308975973341e-5	0.017983002854706144	7.54783662876521e-7	-0.0009611419205842695	-0.0027566139533205395	6.189212457066272e-6	0.0362238511805294	-0.17563389306117114	-7.237668842990984e-10	0.00014398992151237007	-6.86087238905851e-5	-1.841197276982274e-5	-0.006293421685515697	1.663983028113322e-10	0.0008933876701904637	-2.7624342010707733e-11	-2.3443318905384534e-7	4.516090781122736e-11	0.0029822983793507747	2.048012974204861e-9	0.0034143884550289546	5.0965241369013524e-8	-0.0008925107597867095	-4.090528087503657e-8	1.9940930858485083e-12	-9.917153904636455e-13	-0.08645977199089294	-0.002657256193246641	4.831838837847216e-13	-0.023934919432295202	0.028172768961611208	-3.6886940411239506e-10	0.0032801273386174096	9.350261922499666e-10	3.096653057223091e-12	3.229454164896e-5	-9.335575005851454e-10	-0.0003848537639430173	2.7087362717050423e-16	-2.885836481897919e-16	-3.222275322459667e-12	4.358287430106616e-13	1.4483385016969698e-8	-0.00015800456727920717	3.815640981106715e-6	1.3914849147846688e-14	-2.9921971662440233e-7	-2.4171328630856713e-7	2.9429678845387993e-5	-1.606205113905318e-8	5.449354409861075e-7	7.930728795632688e-17	-0.11567463727033235	-2.863603122061744e-16
-5.31646425441976e-21	1.6479703309449436e-16	1.3475381579461448e-15	8.221395457351399e-21	-2.4137696636780863e-15	-1.6671259764849004e-11	-0.00039696809034280153	-4.286406268608868e-13	-0.3118751655061946	-2.0831143619338716e-15	1.3716128439244216e-8	6.388358612054075e-16	7.579685909843102e-16	-0.04938940860915609	3.5957688367847164e-15	3.965515854022984e-12	-4.957059998920064e-11	-5.655355594141281e-11	4.33662122268994e-13	3.854695448607691e-6	-7.421278641607279e-16	0.010801063871520309	-1.0586847088817581e-13	-5.063093514023994e-13	1.983180462666519e-13	7.733390850310064e-8	-0.0009356398032622687	6.872440865641812e-15	-1.1114023723116437e-5	-2.457802943363412e-11	2.179691304684579e-15	-2.5681675081654595e-9	-0.5223007947713996	-1.5546624721709744e-8	5.4828238642278413e-14	4.115542226297971e-10	-2.3566505440610545e-6	2.1609885323871982e-5	0.10055647251230543	-0.00014022161288319333	0.04847311527383079	1.4004735425672819e-9	-0.041036501109891974	-0.0496186830038913	-0.003944960111725086	0.0004485435793755555	0.0002802244257692829	-0.07157379920915878	2.8006297918430494e-6	0.0041744868406808884	-0.023363788434911867	-2.552149556371046e-5	-0.15589797413238962	0.7595065316289358	1.8294373021086205e-9	-0.0003789041228886329	0.0003067553539630281	8.233442604394992e-5	0.009001861414176327	-7.992322817754069e-10	-0.0010150580360710653	1.3763215401681315e-10	2.0128487996673731e-7	-2.3829591820883144e-10	-0.016572778630764742	-1.4007550583103466e-9	-0.01956263014922459	-3.1763547201177515e-8	0.005363761251650207	2.2870775277376693e-8	-2.5089478318210896e-13	5.968353507386069e-12	0.04230959320111046	0.014174484112179963	-1.9954642389614385e-13	0.009518337491378443	-0.011156851446103297	1.4390260415914202e-10	-0.016927392710168125	-5.753472561321417e-9	-1.9828801829133725e-11	-0.0002088321081076893	2.959133621404513e-10	0.0026892114458807394	-5.135077675478913e-16	2.299306736366922e-15	8.883870110629326e-13	-3.3259208847514357e-12	-3.982933619666075e-9	0.0012368438671013558	-3.0463370063725794e-5	-3.879750187011792e-15	7.664871579254371e-8	6.055618255547934e-8	-7.181933652678295e-6	1.5439702529058533e-7	-1.2978003909325904e-7	3.4461239729900065e-18	0.02540304610631921	2.602938471486893e-17
-1.6402400970105012e-21	-5.070752056735698e-16	4.146115549015833e-15	-1.8302336857326696e-21	-7.876087469299922e-16	-6.294955121144401e-12	-0.00017396547512118796	-4.818173240199857e-13	-0.17391289524418466	-1.180573383365761e-15	1.3145800312608421e-8	5.7501945272457975e-16	1.2773106390625289e-15	-0.40212577911406594	-1.7180823297659452e-14	1.983705696551988e-11	-2.1558339839260089e-10	-2.422945302658868e-10	2.5253739863478632e-14	1.3466912508772738e-5	-1.9569735933910179e-16	0.0023439783257137837	-3.3523758719142383e-13	-1.273675747309538e-13	5.898669731814066e-13	2.220461381654059e-8	-0.00028199327469057185	3.2287352549289143e-15	-6.402644783865021e-6	-1.5102179770112226e-11	6.710549468443787e-16	-4.272928797212264e-9	-0.693754196886102	-2.1028536263297962e-8	6.14610974254074e-14	4.253122089445742e-10	-1.409084726415998e-6	-6.781663172140002e-5	0.044875549074700205	-5.730804451531599e-5	0.018425976756139304	-5.445917995417145e-9	-0.010454769598145099	-0.006523193698085234	-9.910606429660364e-5	-0.0005169485576384299	-7.655128786593513e-5	0.02823544845195386	-2.6907588126766885e-6	-0.002184062840132317	0.0204737222056324	1.4327803449379342e-5	0.11057454214874883	-0.5524605147688927	-1.163640600924359e-9	0.0002553403125372694	-0.0002624429886196674	-7.049084020352391e-5	-0.005196766145209584	9.170559064330946e-10	0.0005391836757335376	-1.797909661577966e-10	-9.423757907537719e-8	3.5569401206218806e-10	0.02746976584402561	5.801320406732767e-10	0.034107573535530955	1.2771469269496285e-8	-0.009947433798639478	-8.575621553535378e-9	-1.4258834394790075e-12	-1.253183214384678e-11	-0.014379308148236314	-0.03420275917282167	5.967217123505632e-14	-0.00263814749066876	0.0030424608470550345	-3.6240724093489265e-11	0.04490062615502039	1.6859058766764973e-8	6.076087760069023e-11	0.0006474194545935721	-7.582067203245429e-11	-0.009149033595816047	5.867404480013068e-16	-8.384150602015493e-15	-2.033274902942005e-13	1.2401333201490453e-11	9.09544555919407e-10	-0.004716165732259178	0.00011795815510549354	9.918671365312258e-16	-1.652281123094882e-8	-1.281116333542633e-8	1.4861430623775713e-6	-6.531185552668837e-7	2.6307757037872496e-8	1.4654444045813822e-17	-0.004806663933281402	-2.0572259222240776e-16
-8.168472724155454e-22	-1.1217775700774692e-15	1.2503436766416475e-14	1.4255166163700163e-20	-1.169484369740224e-15	-4.063964382613298e-12	-0.0001339159119505322	-9.430392028721552e-13	-0.17122673518594347	-7.456042601821795e-16	1.879926075396341e-8	4.84618807118156e-16	2.242702386884291e-15	-0.8567386224056669	-4.141577269775267e-14	3.601974607254213e-11	-3.577075767272057e-10	-3.9738921579705736e-10	-3.895574878227729e-13	1.7966724698600175e-5	6.507444953068889e-16	-0.007273067113234983	-3.8267470225784877e-13	3.2317088805759726e-13	6.076454438893254e-13	-4.701031436030194e-8	0.0005589373346213508	-3.606512381385752e-15	5.9175789783879585e-6	1.3176823824943698e-11	-3.209001516069014e-16	5.378252673065319e-10	0.38284046571819236	1.1523292056710827e-8	-5.589453814017638e-14	-4.325910051534043e-10	2.965360882629077e-6	1.1909179035602567e-5	-0.1260448932730255	0.00017471337127186992	-0.06003866605776766	2.3772096625235325e-9	0.04878763420268518	0.05518905382691283	0.004039258326081663	0.00016696249882863795	-0.00018628022548030645	0.033741157540519616	9.271946970451985e-7	-0.001012862800843036	-0.0063736422496168755	4.057521412610666e-6	-0.024978150134086975	0.15359730306252267	1.788200555194228e-10	-6.744650535882403e-5	0.0001586499380170751	4.271140840451158e-5	0.0012387658090003788	-1.0805232702503692e-9	-0.00012017862612408715	2.581205282169648e-10	1.8007569602471454e-8	-6.069486479037569e-10	-0.05297045542191413	-9.040930427211666e-11	-0.0695330419071879	-2.729031757817488e-9	0.021644644531647578	1.6353708359386186e-9	4.4705327056372414e-12	3.112591246415335e-11	0.0019429493722638192	0.09850998776398705	-4.346277000186036e-15	-0.0003219415431022441	0.0005325590121160685	-1.672222204904658e-11	-0.14204201629950416	-5.8090247802878756e-8	-2.1802564685445602e-10	-0.0023478195878212354	1.5346656610646984e-11	0.036097097683841756	-8.429556376364998e-16	3.46247553872573e-14	3.678107395155244e-14	-5.3149349401404324e-11	-1.6356625828801858e-10	0.02062242520583927	-0.0005229417500953691	-1.795093726793923e-16	2.8838137368410286e-9	2.1834903880366787e-9	-2.470262626221048e-7	3.1296843141110565e-6	-4.278486427575152e-9	1.4454078542421183e-17	0.0007305111098563564	4.485632323055416e-18
-1.2812690493468803e-22	-7.48841076262166e-17	1.8863284787551557e-14	-1.5083810250067748e-20	-2.425995712091575e-16	-6.87800925842403e-13	-2.3685406074130746e-5	-7.170799509289269e-13	-0.031920143595576184	-9.146289767516183e-17	3.730538095774351e-9	9.308936205072692e-17	4.571640313803469e-16	-0.17841278543681283	-8.727298032643776e-15	-3.989959254363266e-12	1.0345533691225755e-10	1.2395708255104266e-10	-9.176262893241805e-14	-1.2664829930647605e-5	1.5889698347985084e-16	-0.0018305125448325823	3.80965350675492e-13	8.293209814129144e-14	-7.170224554193208e-13	-1.2328386509198618e-8	0.00014791872974875616	-1.0759925055592222e-15	1.8808975980162809e-6	4.286741884346207e-12	-3.79728316243949e-16	3.6810169482070116e-9	0.16746051715556456	5.075656706078608e-9	2.6871857813175302e-14	2.777310391672225e-10	-4.54452995711025e-6	4.316474461431177e-5	0.22532819659811681	-0.00032314711922226723	0.11386361844511061	5.1072037874740846e-11	-0.10259237827499981	-0.12756762520892337	-0.010108980556383533	5.506638820994176e-5	0.0005986828828652041	-0.1266121448453085	-5.480171260273951e-8	0.0052462698235412235	-0.0011730686475221821	-2.6799791527027335e-5	-0.030356844474832213	0.056567785322621376	5.73254971640804e-10	-3.1162160057619974e-5	-0.0002688896029561846	-7.25778771646079e-5	0.0008037221420773217	3.000383899980295e-9	-9.67817305675847e-5	-7.951073886289218e-10	2.3958586415620618e-8	2.042999900095503e-9	0.19009888138280961	-2.0528438708050224e-10	0.25709168680945516	-1.1008117762243253e-9	-0.08292634048817067	1.3253967743689102e-9	-1.8847532559334113e-11	-1.2864693916985612e-10	0.005338287422547721	-0.4455735897717726	-3.7834705371476026e-14	0.004267706010010661	-0.00574132960748341	1.2127408336585296e-10	0.6818150528822449	2.946579797419635e-7	1.1362713531834026e-9	0.012323622373948634	-1.1362815125958638e-11	-0.2007598806014588	4.5018059514749565e-15	-1.9866168156975745e-13	-2.198826173030129e-14	3.1338615672742084e-10	9.386985766258373e-11	-0.12336345831946084	0.003159457855667548	5.955975917469062e-17	-1.902534789383679e-9	-1.322561437922267e-9	1.3794321993524053e-7	-2.0015436715450194e-5	2.2362062456676665e-9	-2.6346201696460816e-18	-0.00031617168165647065	5.4603616669276605e-17
-2.532616406966156e-23	-7.029071798353828e-17	1.0488916493801338e-13	-8.125286607738771e-20	-8.653049370474247e-18	-1.4945528135117254e-13	-5.440718633548637e-6	-3.129683913250061e-12	-0.00783968214274811	3.5043899188174447e-17	9.928470154906465e-10	2.13575408724982e-17	1.2598298317616247e-16	-0.05054952256189225	-2.511127561851928e-15	-5.53617386506997e-11	8.461393139293949e-10	9.806694901808563e-10	-3.0572812890300985e-14	-7.435510105322272e-5	6.248515257054061e-17	-0.0006660829333716655	2.016128111236005e-12	3.0968596534162546e-14	-3.6181894259369594e-12	-4.739696580252736e-9	5.756468540618919e-5	-4.96584605103975e-16	9.356514779936685e-7	2.1993951887675397e-12	-1.3589659820182998e-15	1.1635851083546653e-8	0.1250688427946817	3.8220114895031125e-9	1.3215566366265148e-13	1.2053854792203116e-9	-1.3872218038648526e-5	8.899818393218283e-5	0.6361893930484206	-0.0008953704585632505	0.31102940529453976	-2.2680015988493683e-9	-0.2632662136463817	-0.307524649463271	-0.023049184140244525	-7.658015470510795e-5	0.0011470349177285675	-0.2226576066892269	-1.00646916009738e-6	0.008275789460750591	0.004755372440208905	-3.980635568932006e-5	-0.011334771421042075	-0.08689302934235806	4.5528461247169887e-10	3.3669063986346257e-5	-0.00044330425449031873	-0.00011950289398317942	-0.0005464317174396133	3.4274669518026038e-9	4.986537772283089e-5	-7.596790297201877e-10	-5.9092112518329864e-9	1.5378650685800756e-9	0.11006825636914001	3.6707163052876596e-11	0.126039349801623	2.5845677985387267e-9	-0.03133655595860685	-1.6693882522055731e-9	-2.0734639256348565e-12	-1.4656290086607812e-11	-0.0032536526098817208	0.10761911171300803	2.637529876210283e-14	-0.0024688940093876817	0.0032568314169547905	-6.542102815374287e-11	-0.34101396082677143	-2.232852290891244e-7	-1.0121134409860036e-9	-0.011417684177511957	-8.792190583314575e-13	0.2464527618281349	-6.2919969143186035e-15	2.7799398590359366e-13	9.974695459301172e-16	-4.864833498886736e-10	1.4634992923219015e-12	0.20179937746793214	-0.005352231164674339	-5.026087503004871e-18	8.860818065964177e-10	5.479682866309593e-10	-5.187354673647682e-8	4.083064954276973e-5	-7.838210224402464e-10	5.6456348373188755e-18	9.310228498920829e-5	1.1870644083545686e-16
-3.709736729939459e-24	-2.2631611482877838e-17	4.913133017282917e-13	-7.591458528775873e-20	8.253254867504532e-18	-2.346857022161028e-14	-8.892006109079095e-7	-1.2779104689067443e-11	-0.0013433891202662975	4.599192039287874e-17	1.798637180852144e-10	7.700478466939462e-18	2.3391187022077466e-17	-0.009554404089362138	-4.795492603439866e-16	-1.8871464412327646e-10	2.734770213315748e-9	3.1501542952513505e-9	-6.424760642311721e-15	-0.00021675814455867972	3.20738800513195e-17	-0.00014792911685907858	5.509729170135833e-12	6.986357553421723e-15	-9.52798024693147e-12	-1.088628595900972e-9	1.3319233456877186e-5	-1.2714185772007823e-16	2.4933788704736285e-7	5.960672563038912e-13	-1.808483447457348e-15	1.8895967730677794e-8	0.040923429044579414	1.2553468937183518e-9	1.6655167669427654e-13	1.4286960141794995e-9	-9.787432654291376e-6	4.324101397715887e-5	0.34542983236156455	-0.0004497951784044079	0.1466094701580349	-1.8007418974689726e-9	-0.08794244511651368	-0.060390885791482635	-0.0017300815223666736	-7.60860167264089e-5	-0.0003257743021544603	0.09872816916616874	-2.5427681990007747e-8	-0.0051010887833300034	0.001233286187598141	2.811074476146797e-5	0.03229116008762293	-0.04026113731893236	-6.919505444504045e-10	2.16361562051303e-5	0.0004055276877519268	0.00010948025048765971	-0.0005275306266726231	-5.004221157096913e-9	6.485084899243343e-5	1.3542674076059554e-9	-1.886552147683485e-8	-3.4442919692132067e-9	-0.3074863400652424	1.6471355255154744e-10	-0.4016669981079055	-2.0927353587610526e-9	0.12209645975363023	9.992617636636507e-10	2.1945407910291853e-11	1.5055627516025078e-10	-9.214950897025781e-5	0.2486875962295292	-1.3611724023395117e-14	0.0007214304420560619	-0.000859860667904911	1.2458979881351718e-11	0.025905105619401885	2.2376067968570423e-7	1.3428662025420172e-9	0.016036270036098747	1.3684025436180483e-11	-0.48296351212811006	1.4040889245299188e-14	-6.196429454420415e-13	1.8911119199339978e-14	1.1892627170361895e-9	-9.839754933172445e-11	-0.5163072712327499	0.014109014684430302	7.274858650143778e-17	-1.0643926296409718e-9	-5.581394797552167e-10	4.5361686733387846e-8	-0.0001254713889455211	6.095720611014436e-10	-2.1718769921346327e-18	-5.361305448693106e-5	-2.3194283836736e-16
-5.731225320056697e-25	1.5858731384651804e-16	3.1577548328731825e-12	-6.427487780625897e-20	6.747805576290848e-18	-3.908077810151529e-15	-1.545689644726856e-7	-7.46677173617592e-11	-0.0002457298327931444	-3.246958599673038e-17	3.494318730709094e-11	7.151028296176322e-18	4.678307935851561e-18	-0.0019440326596175952	-9.867559967094813e-17	-9.366193582373377e-10	1.3183289005317326e-8	1.5130311787025746e-8	-1.4692622827927671e-15	-0.0009793499737241215	1.4022007400640915e-16	-3.598286345146941e-5	2.386678730504898e-11	1.7193551946511812e-15	-4.027958743296258e-11	-2.750413293791616e-10	3.3932515568909366e-6	-3.4974552198766904e-17	7.477483910992914e-8	1.823504546186933e-13	-6.3951662781935275e-15	5.8581429026805676e-8	0.015783524514259364	4.865350596198814e-10	4.075132686045493e-13	3.354108298448832e-9	-1.3619104330611697e-5	2.9766228313627057e-5	0.28709229103288186	-0.00029162235172193316	0.0720834919591736	-2.3187696906451028e-9	0.043460050062557265	0.1633778984884422	0.019088437532635442	-7.940960015251254e-5	-0.001803021497271348	0.41033295753380183	9.592903514351368e-7	-0.017423268234712606	-0.002549811955676472	8.879675890270147e-5	0.06316351514770345	0.022956969739305808	-1.503579548045537e-9	-1.371321184322593e-6	0.0010384044446513337	0.00028009932011598175	-0.0001236651044474704	-9.38777810753599e-9	2.3763414742712968e-5	2.1676412938985117e-9	-1.1330325797086047e-8	-4.515469083560001e-9	-0.3281377692278647	7.372355347217335e-11	-0.3785403655538874	-3.714804462118132e-9	0.09552461395569001	2.0522817666755914e-9	8.254660512363191e-12	5.693609428437598e-11	0.003238603356777922	-0.1209917746961356	-2.3957234157463568e-14	0.002292071004408548	-0.0030408538180849206	6.207588094772444e-11	0.3332516740026813	1.0109397927041504e-7	1.0733237465565734e-10	6.145200503377851e-5	-1.0949037826098146e-11	0.2358151789628868	-9.897512892350681e-15	4.438310038654765e-13	-2.5757558643524255e-14	-1.0751366232528413e-9	1.2822900445162017e-10	0.5180039027122393	-0.015115839794121191	-1.4024977704446446e-16	7.878563260027329e-10	3.7655460446729227e-10	-2.787184332956879e-8	0.0001834468569350182	-3.469049822360588e-10	2.9876488786439265e-18	2.4638095311445565e-5	2.8576311068088943e-16
-1.0062555883274451e-25	8.141122336567818e-16	1.941010690599245e-11	-2.5855317352828e-20	-3.5125982321145313e-17	-7.462455970177281e-16	-3.100502684746657e-8	-4.164681162984126e-10	-5.224364670966084e-5	1.093889007544713e-17	7.961024473116158e-12	-6.864801426132186e-18	1.086341003275124e-18	-0.00046717745206877677	-2.4031175129036225e-17	-4.41700555836474e-9	6.042497885076092e-8	6.9100423999404e-8	-4.0454996951653633e-16	-0.00421193690921444	5.864852996839214e-16	-1.0641429735578804e-5	9.851864235250505e-11	4.809506550989766e-16	-1.623922228565957e-10	-8.506819052498262e-11	1.0598714142737243e-6	-4.062628263133266e-18	2.832443778158148e-8	7.072287942490417e-14	-2.0242084211089593e-14	1.7892573297664776e-7	0.008048519983932717	2.495208453505961e-10	1.015917457870383e-12	8.138030460569504e-9	-2.3847849901352933e-5	2.8419481100623685e-5	0.32456404891445895	-0.000220888762345661	0.017310317788611158	-3.319172768098411e-9	0.1818294651682396	0.3949512559639682	0.038956644538572435	-5.9787832443714575e-5	-0.0026933800219465986	0.5421316503485812	1.4799858136787742e-6	-0.020234342272918166	-0.00492856272747052	9.652781419464903e-5	0.04766870973873505	0.06893228953343121	-1.076051230280951e-9	-2.321816910765857e-5	0.0007661512404080675	0.0002064081659303701	0.00041238280093437707	-2.9935176691955486e-9	-4.5929701601426824e-5	1.6421474105386322e-10	1.235414042992033e-8	1.071962583854407e-9	0.18605077792634767	-1.4028781393688848e-10	0.29207691477112424	1.3462434410625262e-9	-0.10427249890656458	-9.088573815655852e-10	-2.241975637230647e-11	-1.5387580817344592e-10	-0.00047723674316537296	-0.2011500899976867	2.570636885402033e-14	-0.0020605185607629967	0.002654886281767761	-5.0177480237700845e-11	-0.2387758933162812	-3.132496565563706e-7	-1.451582655439714e-9	-0.0161006277944167	-5.067494155513373e-13	0.16751696503309138	6.706548019474112e-16	-4.8386201939542507e-14	2.3548004072657044e-14	5.871055335964585e-10	-1.140999404163093e-10	-0.38152979361513734	0.012945836340276802	2.1091359097057315e-16	-4.4182755774873977e-10	-1.932988550258407e-10	1.3088793121656003e-8	-0.00026464761233861744	1.515639145148268e-10	-5.376073260118363e-18	-8.8504237580746e-6	-2.6123940331858522e-17
-1.4800000499647523e-26	4.763232579440669e-15	1.0353115506468944e-10	-2.529267406490398e-20	1.9738563908264367e-17	-1.160325020158295e-16	-5.028619025888203e-9	-1.9838794292533865e-9	-8.887403147789076e-6	-1.0226864953293397e-17	1.4327599719966888e-12	-7.452189944482331e-18	1.9139809786517138e-19	-8.77950767215247e-5	-4.568414976750247e-18	-1.7223880196555866e-8	2.276104276973009e-7	2.591520033955954e-7	-8.517183364362716e-17	-0.01467298410524242	2.017125000563842e-15	-2.3363232086919652e-6	3.2615312507277976e-10	-2.479540005771669e-17	-5.219703605055117e-10	-1.9418409614014655e-11	2.438749127195987e-7	1.7095840855054837e-17	7.576213458090876e-9	1.9262731660392924e-14	-4.959522527588925e-14	4.014322330948114e-7	0.0027025909540077907	8.415373181446299e-11	1.7217630498392786e-12	1.3299145712010172e-8	-2.6059462970068067e-5	1.5749026372993678e-5	0.20878682659018385	-3.837343116763305e-5	-0.046669607583484325	-2.3351719646677785e-9	0.2028124363190238	0.32710353025889355	0.025490571141759715	2.5292106412952873e-5	-0.0005364630707795267	-0.0005287458975587189	9.208254988305068e-8	0.004306901091233392	-0.000620945584972888	-3.109755462651149e-5	-0.04123462455669642	0.0075811866691305255	1.1054733886031477e-9	-6.702790815424316e-6	-0.0007913560905198571	-0.00021366041238012607	0.00017530968974509344	9.24995885652048e-9	-2.3319663752157338e-5	-2.1849455104030984e-9	8.473979922375934e-9	4.214770240232532e-9	0.24705372392701627	-7.146265539912055e-12	0.22771631959619226	2.9004064037149178e-9	-0.030948505440120004	-1.3598769389473747e-9	1.1101487474748132e-11	7.604174442519763e-11	-0.002770098154336492	0.3621285596363573	-9.84995058148632e-15	0.0005722928561333107	-0.0006658847060777576	8.850536677653407e-12	0.011698433993799821	4.2864172590290363e-7	2.5327857068398553e-9	0.029775854707990646	1.196730115897401e-11	-0.5949007235673868	8.43660500753191e-15	-3.32265296208797e-13	-3.203643333581046e-14	-3.6803759582939977e-10	1.5280639154085122e-10	0.45075930727111907	-0.018488006059393904	-4.067336825597345e-16	4.128927683920061e-10	1.6496332557952834e-10	-1.0125019520949961e-8	0.0005926313848965277	-1.0778189765008089e-10	6.1618372824352554e-18	4.932333549750748e-6	-1.8271942124613305e-16
-2.6144039133209404e-27	3.276184723598255e-14	6.767591842814195e-10	-5.757136259100408e-20	-2.3024238459436074e-17	-2.3067536840412404e-17	-1.0532384911700367e-9	-1.1825174044768048e-8	-1.9814054568947235e-6	4.17650502880891e-17	3.4460322628547286e-13	-1.6832343837639995e-18	5.436052846747054e-20	-2.2442054465592006e-5	-1.183670811295165e-18	-8.754445873134112e-8	1.1260379240503265e-6	1.2777170490624195e-6	-2.7312297576723865e-17	-0.06832942996977032	9.286305619650836e-15	-6.398149789550857e-7	1.4606603419942095e-9	-6.025584215543187e-16	-2.2856400156205635e-9	-5.987523143841862e-12	7.642864822421049e-8	7.174331379320895e-17	3.0040305331200567e-9	7.838965885248014e-15	-1.7692528400502372e-13	1.3459803817667721e-6	0.0014768228234171839	4.626497739319812e-11	4.706497884617459e-12	3.540387705642308e-8	-5.1503348081144886e-5	1.6138288765385298e-5	0.250752173838111	0.00011645032833772341	-0.14312334190617154	-2.82192656280782e-9	0.34185314530640015	0.4128527675115365	0.021507297436353056	0.00011373203618297648	0.0015687957704211646	-0.5431804713192366	-1.301522250574458e-6	0.028313707482249036	0.0037667538704024223	-0.00015329438985833363	-0.11726101922925533	-0.05626636198073996	2.8422198100335905e-9	1.265833670225782e-5	-0.0019928657082779744	-0.0005374898512686246	-0.0001752022888018492	1.4775446554378212e-8	1.752572379493241e-5	-2.616421711483006e-9	-3.909964556422005e-9	2.9201624239929485e-9	0.009584069118816683	1.349058755383686e-10	-0.13010144452811312	4.599767458606602e-10	0.08544383083276144	2.753622238997729e-10	2.6464373096265082e-11	1.8151655365362127e-10	-0.0002041643674173154	0.2116149127357402	-2.4778986001680995e-14	0.0019675612994017287	-0.0025426804400314864	4.853284754793948e-11	0.23623765953301315	1.1461320042458358e-7	-4.554016979151021e-11	-0.0025238172053208023	-8.84824820098131e-12	0.3773459200614265	-1.0072338056785886e-14	4.081629155735198e-13	1.5748442047239603e-14	-1.3426162724397516e-10	-7.467326303615583e-11	-0.20962588344215594	0.012346453253380714	2.4038833710456666e-16	-1.7338215630239868e-10	-6.631481537015367e-11	3.873843833287338e-9	-0.0007456752568618988	3.945573121041379e-11	-3.15526202475371e-18	-1.5737819955103861e-6	9.269056149245857e-19
-4.518789737929795e-28	1.7474840210160115e-13	3.4942086524552814e-9	-3.620494279832206e-21	2.5193422544284278e-17	-4.701946076489161e-18	-2.0285851634943452e-10	-5.4332738298503586e-8	-4.1175894463306285e-7	1.6564060937338728e-17	7.964169297895879e-14	-1.236655427402932e-17	3.0693014099513405e-20	-5.759601363558303e-6	-3.096533891588954e-19	-3.2691871775468224e-7	4.0564777518237644e-6	4.581982926265409e-6	-1.4831663176186868e-17	-0.22692278086084552	3.0527451449047656e-14	1.4783041948069478e-7	4.5997643841881e-9	-1.990650349259264e-15	-6.979180385474004e-9	-2.2677768198933932e-13	4.612435067745702e-9	1.9393432816466892e-16	6.15735573720016e-10	1.6697766067796896e-15	-4.0504612225199055e-13	2.8161888094925367e-6	0.0004229561706541316	1.331288695362363e-11	7.293150908404452e-12	5.2761475816297603e-8	-5.0339932364056356e-5	7.185363844659972e-6	0.12907582561413875	0.00019133221079131374	-0.1376303832932183	-1.1123881579553251e-9	0.19851632261868923	0.11111646974051723	-0.004759923461654608	5.713227218565156e-5	0.0016160625715219991	-0.3120597251119653	-7.81836361072953e-7	0.008937924010645398	0.002364608470718126	-3.28740819927444e-5	0.008449343446106936	-0.022355726262888707	-5.667749590698718e-10	8.82072188986418e-6	0.000508330985681173	0.00013763430803666286	-0.00016563851707746536	-1.1235710326167165e-8	1.9988091344105215e-5	2.93272902516033e-9	-6.864481464610854e-9	-5.560811779173384e-9	-0.2529599195740896	-8.121857067951616e-11	-0.13705912229866876	-3.2616609921488967e-9	-0.037384006350146624	1.1004098273984367e-9	-3.872476228223613e-11	-2.656590878802957e-10	0.0030073654415758828	-0.6539931277257671	4.701795412992606e-14	-0.003662451318239451	0.0046747495724818195	-8.620924230638909e-11	-0.3956071063383044	-6.431440086868565e-7	-2.441740749708202e-9	-0.024643391735369995	7.408913764914189e-12	-0.28205564689540985	1.6838697481086973e-14	-6.843999004525847e-13	-9.45658895220563e-15	7.222940758841982e-10	4.459223663218536e-11	0.11933702762705754	-0.01578773295060852	-1.3282062490110772e-16	8.958983908612271e-11	3.2780094488844334e-11	-1.8197531736442649e-9	0.001728604448402876	-1.770320941346892e-11	1.4921279647866626e-18	6.098436612374359e-7	-7.124724345072544e-17
-1.7250819036475546e-28	1.0605623006402964e-12	2.062077221845183e-8	6.157594297488131e-20	-1.0884178516244168e-17	-2.286090492890508e-18	-1.1238740096878488e-10	-2.892542026953907e-7	-2.718134136301131e-7	-7.206184199444734e-17	6.696810098134812e-14	-3.289148638739429e-17	2.7625588514951833e-20	-6.0546447617794e-6	-3.568840375488696e-19	-1.4522509726314517e-6	1.7466960433738184e-5	1.9652133800966316e-5	-3.851264778120968e-17	-0.910777502385123	1.2142672786589294e-13	1.2606248669881027e-6	1.7634599380651266e-8	-7.625663811587503e-15	-2.6055587914589935e-8	5.0668091322676264e-12	-5.783962410769365e-8	6.384158416066714e-16	-8.452921922990876e-10	-2.079441178751236e-15	-1.1791283165071776e-12	7.579944729877666e-6	-0.0002522107866914613	-7.84839859534342e-12	1.494407020474722e-11	1.0414385496149768e-7	-6.238326646447248e-5	-3.299062634079998e-7	0.023709640301613735	0.00028390760239166717	-0.141312531887696	5.964062784253144e-10	0.045838196111032174	-0.2083531088745805	-0.029803146256010993	-2.7822880253751067e-5	0.0008021865666564322	0.12051351575324148	2.781581182971902e-7	-0.017170325373954975	-0.000830210390004203	0.00011396789124929312	0.12620512851596807	0.032981833622016295	-3.3911441521281583e-9	-4.311468311247277e-6	0.0024610301839282367	0.0006641699796196955	5.5319033795754244e-5	-2.201763795292918e-8	-5.755371297051925e-6	4.062727948988591e-9	1.3884741974274439e-9	-4.688591018203427e-9	-0.05074394470870289	-1.4497319078916033e-10	0.11884270978254842	-4.390650297931332e-10	-0.08466730311429495	-4.55071506763237e-10	-1.620906833041575e-11	-1.1094089061615487e-10	-0.000948180424988332	0.18095136754767036	-8.946647458673239e-15	0.0009315918706343796	-0.0011862039430359228	2.1726051211509472e-11	0.09849767627463071	5.880651693515303e-7	3.02508912087053e-9	0.033442570290060265	-1.6047803142219129e-12	0.058443425105018515	-1.8626409620206102e-14	7.631918490180447e-13	1.8008796277836746e-15	-1.2089072375915816e-9	-8.47046470868766e-12	-0.02196253893710082	0.019184749570520705	2.6084163828615153e-17	-1.647281502900027e-11	-5.897262172463256e-12	3.197365646333587e-10	-0.0032888302876295157	3.057430861211484e-12	-4.0695444023996615e-19	-9.87762261432574e-8	1.1715024294230199e-17
-3.4527290654951627e-29	2.5255265634540576e-12	4.568082144871168e-8	-1.9651839274637856e-20	-1.3665551863895142e-17	2.4693940210090723e-19	-2.592208131720007e-11	-4.7530253577980734e-7	-6.712683699341709e-8	-8.157061094040016e-17	1.795892249549128e-14	-4.0994585243712483e-17	1.26100887919661e-20	-1.7319592992092823e-6	-1.1187040843383176e-19	-1.1248440385662118e-6	1.1195169218544962e-5	1.2269668478563552e-5	-1.3306051637003054e-17	-0.32350803497400044	3.895984557058792e-14	4.68756020417544e-7	3.1769945157875597e-9	-1.2290079990633407e-15	-2.1523442135928275e-9	1.9982537737153736e-12	-2.3111627961820525e-8	-2.172089242714928e-16	-4.429484339828808e-10	-1.1268707199661342e-15	8.320755982320289e-13	-6.915849377797779e-6	-0.00021740499662752607	-6.840367933209402e-12	-2.2476069871141613e-11	-1.6372490107580718e-7	0.00014067153304144706	-6.687112858046368e-6	-0.1666319047980024	-0.0006506623872225175	0.36990531661525006	9.27167146107191e-11	-0.27907315092048585	0.2784941148279051	0.06339785416564758	4.263718302206133e-6	-0.0034155485283883283	0.028139647211626755	1.1385694493284488e-7	0.0333630379020156	-0.0003152437146286585	-0.00025365085715635285	-0.34312070322154503	-0.06566668531158966	9.864821742760128e-9	3.0965299071022768e-6	-0.007373074252204452	-0.0019906356708950385	4.2285028065628077e-7	7.873721661951345e-8	-2.022738873967389e-6	-1.6003339160268004e-8	2.222760508044518e-9	2.1466129794601763e-8	0.43298159595303276	6.011515975886755e-10	-0.2941279437812135	4.893565971827461e-9	0.353288986045538	6.623882470158595e-10	1.0315884729701728e-10	7.067624948545639e-10	0.0008740449364660117	-0.12601982413064217	-7.442440000667613e-15	-0.0005315283808211398	0.0006726892739082052	-1.2108582295270734e-11	-0.0531967892693592	-2.1812913486441035e-6	-1.2473816680308301e-8	-0.1413992471492166	8.09540713232715e-13	-0.025088448307169515	8.399414558637886e-14	-3.45359397827452e-12	-5.673585565316975e-16	6.011256543077526e-9	2.6297161552193756e-12	0.004772983424596895	-0.09371033481008165	-2.5772375000044258e-17	6.4387471879499905e-12	2.092103552090815e-12	-1.034108045684331e-10	0.018150165736724292	-9.831953509730203e-13	4.0635614792917627e-20	2.7555682013953038e-8	2.5880185011132702e-17
-8.114463524267742e-30	1.169646921894552e-11	2.0273698939398553e-7	8.44821811547741e-20	-6.650018507185431e-17	8.480144472680179e-19	-5.310262443522175e-12	-1.7715791861051706e-6	-1.459100060597522e-8	-2.6672827139467114e-16	4.1887557444175144e-15	-1.211092078898558e-16	7.784211236765532e-20	-4.2655851562084735e-7	-3.369389931676071e-20	-2.4897215665629145e-6	2.0349972034569376e-5	2.160210981459373e-5	-4.558651689425957e-18	-0.09505759294457937	-1.550935858476718e-15	1.4278816834111467e-7	-8.275833518180742e-9	4.027820346150578e-15	1.9910084059097573e-8	6.370488228390772e-13	-7.442256382935603e-9	-1.1751128134459947e-15	-1.7366038967501584e-10	-4.489365283741942e-16	2.9619301474830168e-12	-2.116226722888434e-5	-0.000115160187383235	-3.644135368841439e-12	-4.840678934680582e-11	-3.3979562426856696e-7	0.00021104318283801828	-6.320542040931831e-6	-0.17714383589675972	-0.0008609875285609171	0.4598383575186138	-5.226867614171945e-10	-0.25441203631429254	0.3851535095829714	0.06386614983442827	2.909400082754965e-5	-0.0016955962445712512	-0.1163241235512137	-2.663898854957314e-7	0.01854451435585291	0.0008187641568097187	-0.00011161219443552225	-0.0757639313842081	-0.022211356247232174	1.052555345226783e-9	3.5085865323531806e-6	-0.00036279834062319773	-9.653446215218578e-5	-5.552276285519864e-5	-2.215353333886167e-8	7.00278549131785e-6	7.33809600237354e-9	-3.2516801719970917e-9	-1.436361794646275e-8	-0.4007912759727094	-5.052386925180213e-10	0.21158614470776918	-5.4918157719669455e-9	-0.3485835319575628	-4.5165527241421486e-10	-1.3547472143833756e-10	-9.288683773721652e-10	-0.0004404480259122004	0.04661830957435241	2.3300100847516667e-14	0.00012995112510674964	-0.00016134667022919694	2.7398816737637386e-12	0.010645889913906045	4.4248293435250366e-6	2.723414380861443e-8	0.3144293693825227	-5.133306050154725e-13	0.01056514370816258	-2.2573202272395857e-13	9.313301739264806e-12	-6.400214789490633e-17	-1.7216503325266596e-8	3.969795392657258e-13	0.006945831476870207	0.28094698429674686	4.417888310356518e-17	-4.934224701311774e-12	-1.2336488249476094e-12	4.3239645828094466e-11	-0.060954239623109564	4.889567260048047e-13	1.3627309259972251e-19	-1.0018167060182107e-8	-1.6537904323502372e-17
-8.465467696321465e-30	6.23523755542922e-11	1.0461052140402007e-6	5.823077728079186e-20	-3.325794355104042e-16	4.1953850052736396e-19	-8.211646638582471e-13	-8.084150065420852e-6	-2.3601605857813646e-9	-1.1626733973757144e-15	7.142786059130356e-16	-4.862385487993004e-16	2.5379760620305245e-19	-7.572120090997383e-8	-5.626525275840976e-20	-8.834452119995976e-6	6.763394811066171e-5	7.107123012272982e-5	-3.65004625548536e-18	-0.019160660072200467	-4.450215279345562e-14	2.951936583088762e-8	-3.1658236986732034e-8	1.5015695849818933e-14	6.887032049621532e-8	1.3593904570976995e-13	-1.5991697375188577e-9	-3.264598086281381e-15	-4.262158825536921e-11	-1.029542176031737e-16	6.982436363268693e-12	-4.513580589948462e-5	-3.427796828541436e-5	-1.0885704411928195e-12	-7.358813432241879e-11	-4.937859517138354e-7	0.0001869710457262716	-2.7318874678906496e-6	-0.08429241589607826	-0.0005397515983890177	0.2540052874190162	-7.674050417099157e-10	-0.03718231540933531	0.15694022551994183	0.002575415266852605	1.8831917263611596e-5	0.0021315166090720527	-0.10312006513872657	-2.734412756897354e-7	-0.02340663326295319	0.0007508363709543769	0.00019936089470842816	0.3167021189456898	0.05829949307366937	-9.592588649805176e-9	-2.2670339177215223e-6	0.007296479218646243	0.001970310309128904	-1.194821939520639e-6	-7.729077691016772e-8	1.1754550152461685e-6	1.4413176936115562e-8	-1.108941581361205e-9	-1.5837826276766973e-8	-0.21368959957051592	-3.0512856178489933e-10	0.16131202729894384	-9.599319315561965e-10	-0.09860259228711736	-2.680155583455879e-10	2.8886453967582005e-11	1.993706984601999e-10	-0.0003926198975200015	0.06494418750737367	-2.5880493342702e-14	0.0003364134147049096	-0.00042945501899412173	7.930691945841365e-12	0.03663187604432676	-5.794146549477814e-6	-4.009125877847748e-8	-0.476299601509883	2.7909596676475617e-13	0.0012650205417302307	4.608288661447436e-13	-1.910103914383211e-11	7.315695328129737e-16	3.82256524350264e-8	-3.651698040813166e-12	-0.02318281034351497	-0.666829172431689	-8.204799030658379e-17	7.520263586496158e-12	1.5012505307657138e-12	-2.6928113886115555e-11	0.16738402806374045	-5.380951268322327e-13	-2.899651317030362e-20	7.0316620282673005e-9	3.7798523883593335e-17
-5.483730639255073e-29	4.351944295882308e-10	7.125865519277793e-6	3.550598150068891e-20	-2.256528285804533e-15	2.905917472835219e-19	-1.5583494925246554e-13	-5.038664713062592e-5	-4.731793917250255e-10	-6.932861311687791e-15	1.5286723961353412e-16	-2.7888104476198828e-15	1.4213739710269385e-18	-1.703137106612664e-8	-2.9725414620841802e-19	-4.716465731201803e-5	0.0003512340472018638	0.00036775252974387393	-1.4974259841573594e-17	-0.005061213425436165	-2.2955208422268457e-13	8.055392459679168e-9	-1.519740168759309e-7	7.169821688013272e-14	3.2246755794910834e-7	3.863598088935875e-14	-4.587787000646943e-10	-1.3788022116080835e-14	-1.4576303739777696e-11	7.789243385868338e-20	2.6774153685491525e-11	-0.00016299265524181823	-1.5297550406850854e-5	-4.882759219366743e-13	-2.1687058132438422e-10	-1.415807260739666e-6	0.0003821906360826579	-2.1772514848350704e-6	-0.0788416415958046	-0.0007598803698309874	0.29638062450246055	-1.7113690417101456e-9	0.14794204976157493	0.0465767220809646	-0.05703262877717758	1.6370052268359028e-5	0.006763593527188082	-0.11723826383438501	-3.404957883830819e-7	-0.06903885104178692	0.000797325762653576	0.0005316237303411435	0.6993725708988215	0.13601545129434878	-1.9077158950365607e-8	-7.717998752534078e-6	0.013726276853769252	0.0037040233950435073	5.3570092085058956e-5	-9.803998779493079e-8	-5.240329951763244e-6	1.2893309802178069e-8	1.8346330311751558e-9	-5.09361954482648e-9	0.1714539763240059	1.8959337441785583e-10	-0.051458410654620125	4.623939485188646e-9	0.2608527019602918	2.5139349952195684e-10	1.541263210575356e-10	1.0574323743899269e-9	0.0002334042055957076	-0.02646919906655759	-2.8199952744260544e-14	-8.994312785948276e-5	0.00011288343698009188	-1.982245224197867e-12	-0.008287437112676727	-3.3699793255147595e-6	-1.4816166556379956e-8	-0.15051869833152198	3.7368243046929616e-13	-0.011367842417788578	-1.3973647517692494e-13	5.993832399320567e-12	-6.275207341684013e-16	-1.9062469338872765e-8	3.08681496396677e-12	0.01693505391130079	0.44368500046846554	6.189533890336644e-17	-4.155097802976841e-12	-7.065843433066638e-13	-5.702816175044767e-12	-0.17730916001025848	3.1330267910687224e-13	1.1828693443404084e-19	-2.8644590921013747e-9	-1.7847169539563365e-16
-3.280437345516785e-28	2.5227601483001547e-9	4.013130425090358e-5	9.446999520560733e-21	-1.26609729875965e-14	7.437722371951977e-20	-2.4939078255949014e-14	-0.0002551804523211114	-7.939568665082475e-11	-3.3264395274922543e-14	2.7154580635903656e-17	-1.2776943149736023e-14	6.530409981919219e-18	-3.1540660696891763e-9	-1.2790245346196418e-18	-0.00019838416168629406	0.0014310894790887216	0.0014923728014518646	-5.817582426667701e-17	-0.0010751012585232544	-8.659121870089837e-13	1.7594219013932014e-9	-5.511385987326623e-7	2.5859020945616365e-13	1.1385495079646074e-6	8.693761597327532e-15	-1.045906769666634e-10	-4.3014912735371955e-14	-3.868653731025218e-12	1.0319858898896893e-16	7.418804053909202e-11	-0.0004198813572715886	-5.172169999973638e-6	-1.658874990572695e-13	-4.4210177604499407e-10	-2.8027352651234057e-6	0.0005567110631555284	-1.3691189361950253e-6	-0.058399166334136964	-0.0008097691175272617	0.26470651113504556	-2.1148111249383333e-9	0.27927968297926303	-0.08596207313797655	-0.08392349361704636	6.022509717335185e-7	0.005650840538742086	-0.01856526633757771	-6.447119213463576e-8	-0.04081622015851134	-1.3021087842166583e-5	0.00026834363241887816	0.2022645662529897	0.04031658811614789	-2.8455215755760304e-9	-2.593521552004442e-6	0.001000683493948877	0.00026655073340611286	2.301144191588191e-5	4.512793268115775e-8	-2.602698867186539e-6	-1.2135568282369565e-8	1.2021658965766462e-9	1.5830157565977917e-8	0.1873203907279948	2.6862098125944827e-10	-0.14925194964663865	-5.332398337994208e-10	0.010621597909766823	1.4739146290572834e-10	-1.1848574864963637e-10	-8.149810746305931e-10	0.00022931052096711224	-0.04067798853901277	5.5115256597251796e-14	-0.00023674754226482597	0.0003036830386096063	-5.68780111456938e-12	-0.026996558799735292	1.054271136980293e-5	6.286024906390313e-8	0.7127881751031279	-9.245882834337896e-13	0.0198968777922534	-1.7850327281739767e-13	6.94147691734255e-12	6.315890248088041e-16	3.2561477320528044e-9	-3.0807822045865095e-12	-0.015041903600832952	-0.3597279135902525	-5.5211693811797895e-17	2.6001753523278402e-12	2.7894310507031786e-13	4.187512777168389e-11	0.30256991338180206	-3.1344548505206496e-13	-5.57947932384205e-19	1.7310398958829207e-9	3.234601078695456e-16
-2.2941365009338547e-27	1.718236904868451e-8	0.00026664585491170423	-4.2113085132802557e-20	-8.381568826074107e-14	2.470355330793513e-19	-5.591696279210894e-15	-0.0015491365128806446	-1.8993262236247923e-11	-1.9291167728674074e-13	7.025782391058036e-18	-7.13072327987313e-14	3.62766666008714e-17	-8.663496509201151e-10	-6.888150112978151e-18	-0.001031416402361212	0.007248334626458625	0.00753385995513645	-2.856774964811191e-16	-0.0003589303651013739	-4.108118234277059e-12	6.120096795443347e-10	-2.5365688366063087e-6	1.1848937190358393e-12	5.128486150310968e-6	2.979232684469271e-15	-3.875942836963659e-11	-1.7546954111977598e-13	-1.798761716611564e-12	4.308881992896165e-16	2.755412510203905e-10	-0.0014729954483753778	-3.436924046990645e-6	-1.1098830863979845e-13	-1.2956414615822166e-9	-8.034131667561616e-6	0.001281905890476628	-1.830003838810592e-6	-0.08778089145350994	-0.0015230859347815685	0.4430690827482987	-4.056723318926905e-9	0.6004575696900275	-0.2672597053272011	-0.15022974936943845	-1.5026735110248864e-5	0.005634013999964991	0.07859934592296544	2.0924992029733763e-7	-0.011514328178872383	-0.0008229600947637278	-1.5576945991854134e-5	-0.3382571168515102	-0.0647215443866125	1.4253130601745292e-8	3.3788175024872806e-6	-0.012077361852141194	-0.003264956714642113	-2.0190394992495734e-5	1.5992727257652663e-7	1.8160281419243545e-6	-2.7698293361321553e-8	-5.193079477635605e-10	2.1633309896897573e-8	-0.00482907380424445	3.89382259540136e-11	-0.0692789979105006	-5.008082170315775e-9	-0.25335349756363634	-1.6833929926719097e-10	-2.0886422351316298e-10	-1.4332534063021446e-9	-0.00015460599819653044	0.02132161767350077	2.8563273498417445e-14	0.00010528033936252882	-0.0001344023741364489	2.4837728159388774e-12	0.011508816265878534	-4.861491483268174e-7	-1.6202275888731364e-8	-0.22572056828771273	2.587977102944744e-13	-0.004912622765449314	3.1415888956006823e-13	-1.2832971978683963e-11	-8.552098476417519e-17	1.5373963659452257e-8	4.18278743160789e-13	0.0013231069316936436	0.013310162565607263	3.167380282632392e-17	5.347379224366762e-13	2.948308306079782e-13	-6.036241681256034e-11	-0.30896961316397625	2.1160343321847144e-13	6.550328646924146e-19	-6.249649598774592e-10	-5.338832532546585e-16
-1.1812265196309025e-26	8.533638801729175e-8	0.0012802411612591433	-3.633627976683315e-19	-4.004108621342187e-13	-1.0630690104709214e-18	-8.011473649217094e-16	-0.0065580581189385945	-2.823649373779295e-12	-7.649609428664193e-13	1.0642142918814282e-18	-2.673965291296652e-13	1.349216777760175e-16	-1.4185250157537789e-10	-2.458110953573397e-17	-0.003480383465190398	0.023504788477564976	0.024307690437983705	-8.838019298765689e-16	-6.321163020606302e-5	-1.203049214610815e-11	1.109789775201955e-10	-7.078974261560416e-6	3.2833870869108456e-12	1.382387929580805e-5	-4.3107721669719524e-18	-7.303391734623053e-12	-4.0086998161812216e-13	-3.811714672973042e-13	8.904152164451934e-16	5.333451562543079e-10	-0.0025646934956708696	-8.495028170199821e-7	-2.7493814599516753e-14	-1.567527501530421e-9	-9.261061830438312e-6	0.0008777933688433606	-5.647742284451819e-7	-0.02789384753921452	-0.0006358897221875287	0.1444030270328918	-1.3632522679146946e-9	0.20687082344528646	-0.10034391093774349	-0.006145611879482177	-6.017552222515014e-6	-0.0038264102762765257	0.03516006449714803	9.912563371724196e-8	0.03962515690846289	-6.80915278570264e-5	-0.0002691686764073646	-0.17359582803253815	-0.03373023228124706	3.5392141842952463e-10	1.9277881071167564e-6	0.001684445569182172	0.00046120818255793557	-1.454062950516839e-5	-1.2489037193556957e-7	1.595815242107307e-6	3.014361226452303e-8	-7.991897989770642e-10	-3.3684012468637644e-8	-0.18258501077135583	-3.083129591244892e-10	0.22276846008225698	6.291143935548246e-9	0.2843028143696248	7.256440772640383e-11	4.1259512419459424e-10	2.8343987106364517e-9	6.693244257015232e-6	0.0035022223816724637	-1.0839773570022196e-13	3.304070008315387e-5	-4.28112484723113e-5	8.238422487500328e-13	0.0041004392820373535	-9.455740844647917e-6	-2.4565084009953996e-8	-0.17151977320718537	2.635714982325661e-13	-0.006689987093721249	-7.158482197619763e-13	2.969898747516546e-11	-3.7510131627817656e-16	-4.942259665481925e-8	1.822664705922505e-12	0.010961526467839563	0.317927250057782	-5.1945793663371225e-17	-4.3447409508368916e-12	-1.2655169387710512e-12	1.6624172352987042e-10	0.7718032903664016	-4.366356440941202e-13	-1.6968931558351224e-18	6.975193370568021e-10	1.834351707270639e-15
-9.063962496839507e-26	6.389691578747852e-7	0.009370308273435702	-2.7536728534838633e-18	-2.9208715325521787e-12	5.210682530100275e-19	-1.580583332792395e-16	-0.04418516651348848	-5.027290289629133e-13	-4.9426249583810136e-12	1.9503756485890035e-19	-1.6680452187873647e-12	8.374999460336853e-16	-3.867521858885734e-11	-1.486437859681811e-16	-0.02034643279790135	0.13415390301840346	0.13831755122081993	-4.9050291995234e-15	-4.351433041532389e-6	-6.464515234613959e-11	1.3005181700263276e-11	-3.6990397762426834e-5	1.708698289293831e-11	7.080860875256578e-5	-3.002908944476795e-15	-1.1357541687786555e-12	-1.8711186216970062e-12	-8.358044202081206e-14	3.915795592782534e-15	2.2741371779786336e-9	-0.010329373158555146	-2.394879021991484e-7	-7.730711354328288e-15	-5.173133787781847e-9	-2.972541452582173e-5	0.001961285472812849	-2.2150408779294623e-7	-0.011485476012005875	-0.0007183193411062736	0.06220040434091918	-6.233582335583043e-10	0.0998627228910742	-0.06114245001804639	0.1307161325311436	-2.6410795399864097e-6	-0.01672866463894132	0.0193847389695879	6.2481362481317e-8	0.11767451477868981	0.0006408676193787877	-0.0006919691748849346	-0.09415528371448645	-0.018723828356109685	-1.3403415255045433e-8	1.2066915694094198e-6	0.01604143757070021	0.004350073012327731	-1.116098114661953e-5	-4.193154624082129e-7	1.409475499467542e-6	8.574039213823487e-8	-9.189797176122461e-10	-8.059294133225219e-8	-0.2864069848228446	-5.187691834917467e-10	0.40666251670824105	1.397891755929779e-8	0.6546714632197161	2.604269252854363e-10	6.905820732059003e-10	4.740128410446427e-9	0.0001616284416522159	-0.018407427448749538	-1.0575370970968882e-13	-8.410885643152782e-5	0.00010723037754433179	-1.9751504423908616e-12	-0.009105027070774124	-2.726819725393409e-6	1.0991973538265327e-8	0.19523958988980405	-2.5313456924199694e-13	0.005666513537402123	-1.1994982429951604e-13	4.529767689958413e-12	2.443521985267252e-16	5.740817559466538e-9	-1.2059901595571387e-12	-0.006894489573793063	-0.19288767517167676	3.160804656282549e-17	2.449227672923837e-12	6.803346638824248e-13	-8.462024845307872e-11	-0.3868951056834199	2.115315372100941e-13	7.610469808490358e-19	-2.889553222817968e-10	-2.3937634180070224e-15
-5.875830205644436e-25	4.026042267813487e-6	0.05749824741060158	-1.692716032679476e-17	-1.7853286285189197e-11	-9.894356677757161e-20	-1.310550605862261e-16	-0.24614351074223936	-1.673445872595849e-14	-2.621608652530287e-11	2.3869308125949813e-19	-8.490109935308505e-12	4.237968573448695e-15	-5.637514261274958e-11	-7.29511276297996e-16	-0.09596841818654105	0.6152399333936738	0.6320933608719477	-2.1770359923511056e-14	4.366297113427051e-5	-2.7630693255278476e-10	-5.405237965112076e-11	-0.00015305639185446825	7.036731820762986e-11	0.00028630373611528907	-1.272122329108985e-14	2.5241967958533806e-12	-6.804357180272319e-12	7.328604985609468e-14	1.331229117597524e-14	7.485111226821333e-9	-0.03201035976694841	1.1352909204903155e-7	3.8114062760530725e-15	-1.3290387687143863e-8	-7.464277764577686e-5	0.003907942955869134	3.807483126564076e-8	0.0014300291184231	-0.0009948573960616022	-0.004799485796007221	5.3166622530660966e-12	0.005906170871106624	-0.023051254327688394	0.25719952603418117	1.5767373888072656e-6	-0.023690331437305517	-0.005458903150457753	-6.236205252397728e-9	0.12800258139636697	0.0009778822752916942	-0.0006816157941890264	0.057190971398589856	0.010900324698792065	-1.571759679429387e-8	-5.714305755932109e-7	0.01594082802058687	0.004315874414348875	4.478839222540135e-6	-2.1992092991202582e-7	-5.152848942911532e-7	2.7380604894409113e-8	2.9827718315209624e-10	-6.271295984925917e-9	0.08507387837835935	1.5179829329989865e-10	-0.11707866490805814	-3.896008431887078e-9	-0.18153324796840659	-6.880403438326537e-11	-4.727281830217921e-10	-3.251121633914514e-9	-3.9895554592326934e-5	0.004275100959265131	1.6577462913616648e-13	1.8588485540900274e-5	-2.3662424004941043e-5	4.347828573239086e-13	0.0019851809900986827	1.1950282440731714e-5	1.3105890402904438e-8	-0.03873302367218215	4.857431469911754e-14	-0.0010578193523894616	8.988863554522341e-13	-3.664856082334766e-11	-3.492543285000783e-17	3.976747866656299e-8	2.1157923454004304e-13	0.0011925936065923198	0.033021433413818746	-5.227550881134973e-18	-4.102065637594111e-13	-1.1227849524125324e-13	1.3722451799113712e-11	0.06242627866924898	-3.374434090622612e-14	-1.5905068694818995e-19	4.3608050559450286e-11	4.275838290020885e-15
-1.2858754975378962e-24	8.073855721799178e-6	0.10577386064096456	-3.0992781346613703e-17	-3.24130049267748e-11	6.413349128991802e-20	-6.054534258628036e-17	-0.312445528276237	4.796402501026259e-13	-2.621712087397413e-11	-3.3189325331186357e-19	-6.6512862372748484e-12	3.192672441288629e-15	-9.534465899187984e-12	-4.3725966580043487e-16	-0.038914009368945554	0.1679330907399097	0.16213720714886365	-2.6770661183121913e-15	1.405283286069299e-5	1.2137526102572578e-11	-1.878594695138304e-11	2.7986092873114617e-5	-1.4267815234730254e-11	-7.988476376522414e-5	3.4168671964825216e-15	9.784286244932658e-13	4.725663547782016e-12	4.0592553542880054e-14	-1.24788856999521e-14	-7.845626410335552e-9	0.039875596777565706	1.0357519188385709e-7	3.1308874931360837e-15	2.375503486969796e-8	0.0001377817793747237	-0.009113503086254788	1.4944956848509336e-7	0.008673803121447464	0.0027080844236447603	-0.052477313048057875	6.122365360010629e-10	-0.11249945667578613	0.11305658813314796	-0.7350507789068389	-1.440836728385229e-6	0.0789250392095954	-0.004437807006909742	-4.512224786774492e-8	-0.4819408104017276	-0.003428470516259944	0.002666098353525443	-0.07936035969002442	-0.014532837570335973	6.250558961225798e-8	5.911698042089573e-7	-0.06659844840743322	-0.018040522545745213	-3.927160085928255e-6	1.1775933331507916e-6	3.9590634845265747e-7	-1.8429317889789913e-7	-1.9216293745187835e-10	1.04264007348325e-7	-0.04791743537285602	-8.365335085803067e-11	0.06286751119712919	1.9905765269142904e-9	0.09202879823626949	3.2391837547580607e-11	1.3692611368902304e-9	9.428878213620514e-9	1.693209447789199e-5	-0.001654708354738554	-6.920987104688878e-13	-6.679427125037362e-6	8.483393852288082e-6	-1.5854806366456128e-13	-0.0006991001775943366	-5.9236513016453917e-5	-8.062071039251869e-8	0.011872576871120968	-1.418907261005705e-14	0.000297020582849159	-5.0901152789068256e-12	2.0819451485856688e-10	-3.660597217879696e-17	-2.4244135012523643e-7	-5.439994534061516e-14	-0.00030060762397674114	-0.00820368235394317	-5.3161147843298945e-18	9.884556392604668e-14	2.650773210808923e-14	-3.1623233278560435e-12	-0.01428692266135022	7.602859744500484e-15	1.9674359837442647e-19	-9.111264369206818e-12	-2.672817491224999e-14
-4.888698881251873e-24	2.8917223181889908e-5	0.3569968580397695	-1.0448991986700373e-16	-1.0840338935063865e-10	-1.834422702658167e-20	-9.339301353214582e-17	-0.8052344389717365	1.5975214626408637e-12	-5.518011749239102e-11	-6.464220265072415e-20	-1.0772067873988916e-11	4.9158957349333516e-15	2.99525137966711e-11	-4.594452322409437e-16	-0.0026249865902226222	-0.21100319261385564	-0.2443493901581814	1.5708530122545013e-14	-1.3613640911089008e-5	3.0187046221252217e-10	1.6047300846044597e-11	0.0002083276082630337	-9.82778265710915e-11	-0.0004368403277956621	1.9157173961934683e-14	-7.103940077526816e-13	1.3876812403860006e-11	-1.931634442271593e-14	-2.9196366687590037e-14	-1.6678460012210602e-8	0.07161090627109895	-3.90625684742334e-8	-1.5907746995159454e-15	2.559495070335349e-8	0.00013919028088371389	-0.00469123433060222	-3.453615208709302e-8	-0.0018640820551689278	0.0007675743893739016	0.010558245572177915	-1.1290751043808046e-10	0.01923279093847334	-0.014935166037752126	0.06148138290472811	-6.074661271362925e-7	-0.032288648727429946	0.00910660485070794	4.5378818310133954e-8	0.3200337343386239	0.0022261259138443385	-0.0019314970887212388	0.03152170523297287	0.005592359400306766	-5.978306922278405e-8	-1.5578124069518938e-7	0.06766815425704661	0.018342876527653724	1.2259049636875151e-6	-1.5839564213984509e-6	-1.1323015814150158e-7	2.8282939378418625e-7	4.9360692606569e-11	-1.874915355898146e-7	0.01141697675769708	1.989598949568311e-11	-0.014582112410980992	-4.490504603610877e-10	-0.020670087938166024	-6.983606342618751e-12	-2.869952107487171e-9	-1.9774832193444017e-8	-3.4434467489798046e-6	0.0003194673003326611	1.839005919543336e-12	1.2359947252690822e-6	-1.5677660006466433e-6	3.9495743025167495e-14	0.00012787283348682203	0.00018169213827908212	2.6073516742688294e-7	-0.002002378140724641	2.325293918589951e-15	-4.752799257778267e-5	1.8850837964373273e-11	-7.728806659047389e-10	1.8252290623657694e-16	9.387234351944024e-7	8.247496509826956e-15	4.5016382735442315e-5	0.0012174493886602583	1.8592161409664082e-17	-1.4390480778455654e-14	-3.809519062716642e-15	4.4754283833542516e-13	0.0020130259730135034	-1.0605527654135133e-15	-8.216955845990292e-19	1.2102996426365709e-12	1.2809989402109042e-13
-5.701415915119245e-24	2.8093419200713764e-5	0.283056105457936	-8.188714205856013e-17	-8.311523463321784e-11	5.954058474118588e-21	-4.937356715800577e-18	-0.11873646787141948	2.6521309184610484e-13	1.103295353624489e-11	-7.194661797760292e-20	5.935097070440022e-12	-3.007938307198902e-15	7.789948431604021e-12	4.879211192366474e-16	0.039690742252292174	-0.07880695338153422	-0.0550959769362224	-6.2003388449891e-15	-4.642935830867626e-6	-2.305001980009208e-10	5.844157135106494e-12	-0.00020601644748068418	1.0009733791231186e-10	0.0004927426927030227	-2.153840372203035e-14	-2.852796808947757e-13	-2.3222294527512067e-11	-1.1618312829948353e-14	5.792729671466421e-14	3.54942107260011e-8	-0.17138328549656043	-2.1131253058129688e-8	2.4196162131541086e-16	-8.291891700528224e-8	-0.00046641640603611065	0.021984250151161875	-5.254651184807879e-8	-0.0033060596333678396	-0.00494437381272757	0.021443881949455547	-2.729205351323812e-10	0.0537821182142059	-0.06577906795073309	0.5344326218622936	3.568326638266308e-6	0.035337702056885224	-0.02881480163885005	-1.2264330519482146e-7	-0.7211211106542281	-0.004950783227827941	0.004692226323012994	-0.04506742118573911	-0.007637392090821285	1.7886405386774125e-7	4.1246814441192297e-8	-0.2098220030322119	-0.056899557556024105	-1.3223619591183538e-6	5.730604501424423e-6	1.0423769059471627e-7	-1.0920491318943515e-6	-3.680161172206388e-11	7.746791930591458e-7	-0.007377403642905755	-1.3478306444825791e-11	0.008931601552658649	2.602154492024834e-10	0.011873464675099707	3.7080737136025196e-12	1.3757542862017044e-8	9.481591567013015e-8	1.6249817451279755e-6	-0.0001362846262524193	-9.838574301846724e-12	-4.862686434213106e-7	6.152773956750743e-7	-7.135876738010041e-14	-4.921877845481819e-5	-0.0010488116744554292	-1.542763653628889e-6	0.0006634553867937051	-7.316375702075407e-16	1.4333987256262174e-5	-1.213902883988989e-10	4.983904191020707e-9	-1.2158258294285015e-15	-6.202375963695858e-6	-2.2641390959772822e-15	-1.2100932863823795e-5	-0.000322263526315863	-1.8371798898758284e-16	3.6877874587543535e-15	9.554630064423744e-16	-1.0939567935561083e-13	-0.0004884704445012225	2.531402854587057e-16	6.226460145444416e-18	-2.6677435323922764e-13	-9.710450394782456e-13
-2.0854728810580617e-23	9.291585506298151e-5	0.824808828397721	-2.357757244917764e-16	-2.366678174204445e-10	-4.24677343129742e-21	7.241239423417254e-17	0.3752340255022583	-6.554291858189308e-13	9.226376460856404e-11	2.89424287578884e-20	2.9482345727705075e-11	-1.431144799009509e-14	-6.366387298251387e-12	1.9113460163604937e-15	0.11336593526183553	0.0010927891031987382	0.09845917455509173	-3.133834467835601e-14	2.494812332062334e-6	-8.464570127183406e-10	-2.7242636436031817e-12	-0.0006680380135783425	3.197591370841114e-10	0.001491750509667589	-6.525054213764766e-14	1.0838805814445766e-13	-5.458731865590573e-11	8.890734292911306e-16	1.177874074918022e-13	6.737316916552926e-8	-0.28576719202149986	1.8450429672099766e-8	1.8244508207812785e-15	-8.981149460439194e-8	-0.0004773184550255552	0.012219108688786047	1.9815200056514985e-8	0.0011816089175602543	-0.001620702428893051	-0.0074116834864276105	9.08722644219416e-11	-0.01745721251020184	0.02016604549429089	-0.15611695232722148	-8.778189609533101e-7	0.016287918099694904	0.007187808471101396	2.955702948529144e-8	0.16540861249833794	0.0011307877406627903	-0.0014640484712563117	0.007298172329618138	0.0011162007000342768	-1.1039352569562451e-7	1.1562125489001534e-7	0.14193281490698637	0.03852931999839875	3.558591294298735e-7	-5.724633417493967e-6	-2.5516656004045018e-8	1.2752725450047372e-6	7.777706367283178e-12	-1.0534777284921408e-6	0.0015467229462120568	4.3107354891019355e-12	-0.0018322511158537823	-5.221335443286692e-11	-0.0023727659800463936	-7.412061277548125e-13	-2.7186927861038588e-8	-1.8745429837545185e-7	-2.9905568990160475e-7	2.3995943678226717e-5	2.4136995242843514e-11	8.253159706614828e-8	-1.0430887904156423e-7	1.5565856813496612e-13	8.269303179875485e-6	0.0029778507377854167	4.583829881631637e-6	-0.00010381202762299862	1.1131212677109404e-16	-2.138951025137038e-6	4.210117130433099e-10	-1.7327954970576557e-8	4.408072296598596e-15	2.2503264377241404e-5	3.2105570565614706e-16	1.6999358422887576e-6	4.4897602946791826e-5	7.467286473273997e-16	-5.048119598276088e-16	-1.2909650773146143e-16	1.458908178830569e-14	6.48769865800891e-5	-3.329577233933898e-17	-2.6472859479460756e-17	3.354446146138223e-14	4.44225057641352e-12
-1.61111744800365e-23	5.249931936433386e-5	0.29911466996244235	-8.166187734452566e-17	-7.838246024460815e-11	-2.4368611598841484e-21	3.436920886779049e-17	0.1758207492145368	-3.195499420627357e-13	-2.1013080164777875e-11	8.279747059410786e-20	-1.527682147450804e-11	7.95624315399774e-15	-4.97878431190979e-12	-1.431433879501087e-15	-0.11669385154305455	0.07792645340520965	-0.02577940713707321	3.592346837446474e-14	1.9621228756675745e-6	1.1672822378822056e-9	-2.6026195087958115e-12	0.0010329895484205817	-5.019321314917585e-10	-0.0024744502468722882	1.082749049348007e-13	1.379833747261472e-13	1.1690835105548913e-10	9.943434964299058e-15	-2.8643370159997343e-13	-1.730086491846805e-7	0.8057189787991947	-2.4882369109580083e-8	-4.809659967270368e-15	3.2495093696752186e-7	0.0017763643256494919	-0.06019239786291978	-1.0647888306502705e-8	-0.000549421561188392	0.010287495486201274	0.0031822091970236553	-3.5009247155176603e-11	0.006206532266959795	-0.005787423050000472	0.03483468325588427	-1.5749054710784962e-7	-0.09922109727508203	-0.0001867591510528177	2.0404154855105044e-9	0.0359132430426508	0.0002609585924713562	0.0014465177785942833	0.013461135922569485	0.002784461075988731	3.0916020139076794e-7	-5.549508463508965e-7	-0.4243743430342095	-0.1152825070051698	-3.379004969367768e-7	2.143106394684743e-5	1.8252486434197678e-8	-5.151823065263628e-6	-2.25760088679553e-12	4.567772637034673e-6	-0.0007066305577540325	-9.219076949221552e-12	0.0007923823272925495	2.1511127637275347e-11	0.0009632959832208492	4.0753285337313027e-13	1.399599412776377e-7	9.652256498151462e-7	1.013002631014559e-7	-7.43979011844087e-6	-1.3762818662499399e-10	-2.38473792657512e-8	3.007477078487142e-8	-8.943835255736943e-13	-2.343633322087618e-6	-0.018253130821597824	-2.8754175139430915e-5	2.6262996343065764e-5	-2.5273438414723945e-17	4.981761413582614e-7	-2.8647949845694853e-9	1.1806532668450637e-7	-3.072086516924498e-14	-0.00015692055549652457	-6.473557205101898e-17	-3.594168829328115e-7	-9.371067244033843e-6	-5.190292640122607e-15	1.0255286634503421e-16	2.534052534734141e-17	-2.8486574528599195e-15	-1.2589833079374308e-5	6.329907872212839e-18	1.9949319973733282e-16	-6.004614961664069e-15	-3.534733790389044e-11
-3.3299134629368817e-23	7.417393602232464e-5	0.07886315541797019	-9.75235354288179e-18	1.6997514507011147e-12	1.89588988603587e-21	1.1323136438895487e-17	0.05859670855061724	-1.10772502281975e-13	-1.3864343006986246e-10	4.446922973085077e-20	-6.001261987353956e-11	2.998191362606033e-14	-2.962525840963237e-12	-4.51894753454887e-15	-0.30428720207377147	0.11654452988039116	-0.13697155256751992	8.044165344652815e-14	-6.02581042085071e-8	2.2572588954244965e-9	-2.0499574260313125e-13	0.0017809988633311514	-8.511300661658006e-10	-0.003933751347789042	1.7201464052963103e-13	2.3571422591572855e-14	1.2462361638531164e-10	3.405777179374403e-15	-2.2529757693720456e-13	-1.1481983813732555e-7	0.3627670868465776	-1.4007070357757723e-8	-9.1893044033432e-16	-3.352641069973017e-8	-0.00028484711786134825	0.03663226865873022	-1.0510462790386125e-8	-0.0006609894483263848	-0.008476095757510217	0.004206327899486404	-5.3297899499136726e-11	0.010499726336166783	-0.013027083486701924	0.10974902387714758	1.1251184542236843e-6	0.14314086754240773	-0.006866676854251512	-3.315839309074995e-8	-0.23102877618920037	-0.001608880973899043	-0.0012520227264791002	-0.034427500723282864	-0.006775317192172503	-5.405241818648432e-7	1.0651249153790837e-6	0.7717260377928329	0.20973473415118932	4.382658890227792e-7	-4.6339339056358935e-5	-1.984205534101037e-8	1.2020436466165792e-5	-1.6672515342806642e-12	-1.1534948174348175e-5	0.0005104379465437821	2.2885404678360966e-11	-0.0005383931233467387	-1.4048445304839184e-11	-0.00060835590538102	-5.780795018562636e-13	-4.4010640166958215e-7	-3.0360159632611926e-6	-5.115073664629932e-8	3.3393263492134846e-6	4.980570955659402e-10	9.651084188766479e-9	-1.2128711132652903e-8	3.3225345218157454e-12	9.179017845129672e-7	0.0730739324138305	0.00011889219236857314	-9.869593443489469e-6	2.058780269738464e-18	-1.621175616667303e-7	1.32656854390234e-8	-5.477169884322147e-7	1.4703702529627813e-13	0.0007516683445548044	-1.3611430687488707e-18	1.0238295819475773e-7	2.624343077934233e-6	2.6201263381153694e-14	-2.7739028694655403e-17	-7.076980540234687e-18	7.314427813956995e-16	3.207639859795924e-6	-1.6234509331810207e-18	-1.07032438467769e-15	1.3807145260013448e-15	2.0270366114794047e-10
-1.3943399227529815e-22	0.0002807338023493088	0.04244498798364128	3.983075158023311e-17	8.57042770086025e-11	1.8106200049025838e-21	4.7366082410460475e-18	0.04551934952957309	-9.114931032172535e-14	-4.666027564326214e-10	3.1763735522036263e-21	-1.832664714429555e-10	9.036792327491621e-14	-4.4527571733954385e-12	-1.2720121739894648e-14	-0.7797281336795859	0.25066860271844504	-0.3582623641816381	1.7939708595613782e-13	-2.115820943927776e-6	4.517641495702801e-9	2.1035811981207075e-12	0.003218795997449257	-1.5140013658523498e-9	-0.006560482788593056	2.866592012522903e-13	-8.455562638953751e-14	1.2099273384406917e-10	-4.0115480381963664e-15	-9.324385678182757e-14	-8.881022472984057e-9	-0.29586679469535826	9.036002973639157e-9	3.778960380262456e-15	-3.5614149635279646e-7	-0.0020272654444608053	0.07844623562858732	6.065021205717931e-9	0.00030993904102961543	-0.013071243457466564	-0.0019093201824950073	2.239806614870097e-11	-0.0042232132375526355	0.004792724267475096	-0.037161203213521864	-1.3544887977548362e-7	0.05672018013783927	0.002999414882351434	1.3050906519704296e-8	0.08359773923309458	0.0005791651481862618	-0.000735650267318107	0.010827301765292613	0.0021107425773862903	1.2085470911180063e-7	-3.1607895903813495e-7	-0.22624349655938664	-0.0616583084922251	-1.1802207130864238e-7	3.044503377808692e-5	5.065573540837009e-9	-1.012484053102133e-5	4.586297330652947e-12	1.2112173138079281e-5	-0.00011075359337861771	-2.8315242975963462e-11	0.0001131447595025225	3.3611295447054653e-12	0.00012251200028704504	7.066362972049989e-13	7.529623701034438e-7	5.197025165148365e-6	8.531935491440379e-9	-4.5542095560230714e-7	-1.0997210642127442e-9	-8.17318837609271e-10	9.9555488852765e-10	-7.674541557811665e-12	-5.225803666360218e-8	-0.19049130066149003	-0.000326056743706321	3.5303332940458607e-6	1.938878382337129e-17	3.8286977921409004e-8	-4.313611778883342e-8	1.785788169945783e-6	-5.015278963611466e-13	-0.0025668543455419322	6.96752072239228e-17	-1.987890551474747e-8	-4.997387418590772e-7	-9.681144774731365e-14	5.119215670298775e-18	1.4120159171918007e-18	-1.2749582273719091e-16	-5.551355050621514e-7	2.9151995455961333e-19	4.274358644806853e-15	-2.1828256102936054e-16	-8.870398989987982e-10
-2.951862350182533e-22	0.0005370654547752236	0.006695052195004992	8.950227900210748e-17	1.6904885824509108e-10	-1.1355138014693026e-21	6.301925127571995e-19	0.00795477380348633	-1.6153745008296028e-14	-4.2209580969343463e-10	5.733354261727545e-20	-1.219819974196401e-10	5.714766038996755e-14	-9.038794289862456e-13	-5.864052768977864e-15	-0.18746750205759394	0.009838056828357365	-0.03804249049362233	-1.5598164530898246e-14	-4.3772874450496027e-7	-1.3392341680074082e-9	4.575298473419309e-13	-0.0015492290221774487	7.705265288662777e-10	0.0040552907740997336	-1.7756597905769665e-13	-1.941849459008438e-14	-1.7378805642828676e-10	-1.1054525350662203e-15	2.840478901554636e-13	1.213133550281853e-7	-0.09357401084802339	3.3085619591255444e-9	-3.591941355950384e-15	5.267719658183512e-7	0.0031929015571850352	-0.17916902897579473	-8.873479296180389e-10	5.568171528019523e-5	0.03444702780246039	-0.0003634661108452837	6.739444264665623e-12	-0.0015194590061727896	0.0022964491567654555	-0.02292197214539502	-7.762479271021007e-7	-0.29130620092585935	-0.0013064534216500265	-2.9981912278583374e-9	-0.005770003644075546	-3.4487218333257436e-5	0.003372956898630479	0.0017204524429006718	0.0003632944606777322	1.6456325682701056e-7	-7.482702667096879e-8	-0.05716600422512397	-0.01495985273403659	-4.223263533678634e-8	-5.8232705014205545e-5	2.160759693999731e-9	2.4289162312358253e-5	-1.535720568470795e-11	-3.402298504719451e-5	-7.665624791794247e-5	8.911263265113604e-11	8.613025354733653e-5	3.15669607474882e-13	0.0001060417108364763	-2.419939433217312e-12	-2.830895433750258e-6	-1.9545136239799976e-5	1.3076762117592011e-8	-1.2081333069548228e-6	4.780220136391122e-9	-5.669974212363371e-9	7.2733744582720306e-9	3.42392295071825e-11	-6.60505793972227e-7	0.9121315354185363	0.0016090803293251118	-8.961195687310903e-6	-1.0967418485177629e-16	-5.322364543796504e-8	2.3618879077536015e-7	-9.794280786365548e-6	2.829594820408785e-12	0.014492720473862802	-4.127805954083052e-16	1.728757092339661e-8	4.1234291909067466e-7	5.725975249504245e-13	-3.934133859028754e-18	-7.981553618464248e-19	8.265015965317951e-17	3.526204533317644e-7	-1.5980198856335373e-19	-2.6693924848331108e-14	1.0876993597664806e-16	5.887464625846037e-9
-1.9090733294839235e-21	0.0033504488342274035	0.001739721687984813	5.497046892520173e-16	1.0259886273900065e-9	-6.576641631770629e-21	2.981555974335137e-19	0.0025745062021857537	-5.440092820663267e-15	-1.9754798630255976e-9	-6.013933925505532e-20	-4.970177602814374e-10	2.266862743252173e-13	-4.752902173395246e-13	-1.894755803569638e-14	-0.1978281944127714	-0.20061212750697918	0.16529673821183472	-2.565346061968144e-13	6.307024564488442e-9	-1.0928651653779875e-8	4.849072532397969e-14	-0.010431802001060688	5.087011263182201e-9	0.025074251761957173	-1.0971586374743927e-12	-3.5110803153770576e-15	-8.469959698886864e-10	-4.2175464509686122e-16	1.2163099248725868e-12	4.7626441073908565e-7	-0.04792575525136378	2.2126977680669846e-9	-1.595629515891148e-14	2.0412282437792806e-6	0.012082962497263174	-0.5741825023926347	-8.464936430627179e-9	-0.00016344750035617866	0.10252974681412105	0.0009747844458190627	-5.514538065765807e-12	0.0004892085910727518	0.0005922662530317634	-0.014352849777265222	-1.4234129974495698e-6	-0.6310733180774969	-0.005428052682503224	-1.8487934239629405e-8	-0.093702545164318	-0.0006393931185648509	0.006472338120652785	-0.008138115936016349	-0.0015490679988128808	1.2154903222122426e-7	2.0752052524948333e-7	0.14475359761501247	0.04034166680474299	6.61487132027315e-8	-9.735914638574526e-5	-2.7030410123195757e-9	3.4357488812706725e-5	-1.7975269463715437e-11	-4.009705136104585e-5	5.960660667097746e-5	8.431946865378247e-11	-6.26158135063548e-5	-3.2038942364773774e-12	-7.121532003513532e-5	-1.5323221019057333e-12	-1.4314882127580697e-6	-9.865341773761596e-6	-6.945226227461632e-9	5.710976754332714e-7	6.820770207319193e-11	2.4450319546787114e-9	-3.127765074717459e-9	-2.9556721653500873e-12	2.778990316285729e-7	-0.34589261830140333	-0.0008256324907644735	3.191769378513363e-6	8.220988522412508e-17	1.7094096204511855e-8	-2.4007733517850127e-7	1.003998472829358e-5	-3.3220020735169695e-12	-0.01707186920701182	4.917156258516282e-16	-4.947995894954982e-9	-1.1575898243177535e-7	-8.250067295989538e-13	1.0158174968845205e-18	2.0163447669411515e-19	-2.1177789062492934e-17	-8.996761846840164e-8	3.909007420741843e-20	4.6747328230623e-14	-2.505862271157122e-17	-1.2547318970499224e-8
-8.634765496130631e-21	0.014536871986354708	0.0008510458790383673	2.287999097315771e-15	4.257156405174101e-9	-1.5225354542115254e-20	1.0842021724855044e-19	0.0017867366520955693	-4.218847493575595e-15	-6.538580787918136e-9	-4.0234064994579266e-21	-1.5255564728144932e-9	6.877319301204369e-13	-6.126229081318546e-13	-5.3594552364390544e-14	-0.39661289297927543	-0.5767619590581262	0.5025753051177754	-6.72745276446537e-13	4.538567634707602e-7	-2.625557993414518e-8	-3.392945646663037e-13	-0.023422349952999938	1.1311262729631413e-8	0.053697287891954305	-2.3485569119278678e-12	1.1478665240538533e-14	-1.4485871520456559e-9	3.6670427978890974e-16	1.7736037571167891e-12	6.362426128586618e-7	0.025905587268063753	-7.909513252690736e-10	-1.4408471065652402e-14	1.385486443832712e-6	0.007528514239815719	-0.11067193543850912	-2.8585435545860037e-9	-0.00011596093332607831	-0.00010849443900679654	0.0006647743172293389	-8.080063538153086e-12	0.0016150415399541515	-0.0022473824292268013	0.02313308874357149	1.1376150176097694e-6	0.4745870644139548	0.003494609688811153	1.1292595056517142e-8	0.05363416395556475	0.0003642154822025741	-0.0070057879560369175	0.003968137172287445	0.0007458629298707775	-2.6047299736542406e-7	-9.353083372853682e-8	-0.06393180032357468	-0.01881223266667118	-2.6151777703445345e-8	0.00016659279140697364	9.982686227129334e-10	-6.773081967886016e-5	4.0347112217817136e-11	9.17445387570567e-5	-1.840731362511712e-5	-2.2685768196563155e-10	1.87773666324616e-5	5.33591592507827e-12	2.0602921183146687e-5	5.3633366169273095e-12	5.725921091790341e-6	3.950495910799804e-5	1.7911382377278073e-9	-1.3841392844436782e-7	-4.949229623352203e-9	-5.627804392210195e-10	7.187766735972101e-10	-2.6635650716283488e-11	-6.305802228686111e-8	0.07370744200068764	0.0008495033529933613	-6.530816021625089e-7	-1.441713887524211e-16	-3.231485141974577e-9	5.947602718658906e-7	-2.5039354404550115e-5	9.173924274863583e-12	0.047258786424237934	-1.36825925723655e-15	1.0110456222234276e-9	2.2304139637649434e-8	2.620681449627682e-12	-3.7160261838332215e-20	-2.1508763877910102e-20	3.581930280371025e-18	1.5484696797935177e-8	-5.11445772741537e-21	-1.683791994722128e-13	3.9886781486205e-18	5.1126709369169604e-8
-2.0898978184706605e-20	0.03245189327603465	0.00021880378031909425	4.687138922887995e-15	8.671268758586592e-9	-2.2321840414784247e-21	2.846030702774449e-19	0.0005480317097105354	-1.4432899320127035e-15	-7.749490008035487e-9	-2.0286439086740493e-19	-1.4536085668481746e-9	6.327947572133587e-13	-2.3178427171430824e-13	-4.010559709565598e-14	-0.16556720168587125	-0.2548881940202412	0.2237370166541546	-1.7874684537127664e-13	2.301232596310821e-7	-1.9045858154487227e-9	-1.8601743409507598e-13	0.002056493750224524	-1.2546283395878377e-9	-0.010734578924135868	4.719567191756053e-13	6.13398221105399e-15	1.0219412642509251e-9	3.170207152347615e-16	-1.8273150733435356e-12	-7.597710813753156e-7	0.031753595914272216	-1.5020953057776065e-9	2.904076764378435e-14	-3.564429630092958e-6	-0.020732464825109726	0.743668478731772	1.3020589385327741e-8	0.00035680274826329706	-0.10234516490944583	-0.0021229250769910645	2.0002976230899397e-11	-0.0034622317004688865	0.003797703317202921	-0.033091376354050246	-1.1818271760779056e-6	-0.4731213556422004	-0.0030964736063634705	-9.572521978992672e-9	-0.042905032838224104	-0.00029005026816341165	0.01172520680801124	-0.0027156182424334097	-0.0005037196317270731	6.14359581985191e-7	5.880840477543131e-8	0.03890933875535348	0.01371278658582609	1.413760731747149e-8	-0.0004272764023873951	-4.9632005970357e-10	0.00018919602002011836	-1.2027225495613405e-10	-0.00027878512001750476	7.2315493580776634e-6	7.482084949707053e-10	-7.0788828058186975e-6	-1.7073598011182908e-11	-7.375550777076931e-6	-1.9690880739839183e-11	-2.180776115498495e-5	-0.00015050276791856408	-5.362728039415288e-10	3.709849691856115e-8	2.227300235912999e-8	1.3552273192551922e-10	-1.724573817085684e-10	1.2571295393559723e-10	1.4684452053631558e-8	-0.014267441424825732	-0.0034338064308302154	1.0526414850843199e-7	6.667103188975488e-16	1.582396366717198e-10	-3.0295508021138673e-6	0.0001278193552937991	-4.850658420665465e-11	-0.25009932415108377	7.250322045230255e-15	-8.497471545854118e-10	-1.3403723356491398e-8	-1.4656026392501076e-11	-6.38906033329833e-19	-5.237397445956064e-20	-7.839819322430584e-19	-4.918656825315514e-9	-5.1864224407074835e-21	9.987705107405986e-13	-1.0062751413381088e-18	-3.238740229816379e-7
-8.075576084259272e-20	0.11847405917119856	1.0420204618387804e-5	1.6107445869761752e-14	2.9679751989419856e-8	5.472297352875517e-21	1.3552527156068805e-19	6.751077968461759e-5	0.0	-1.766437848771396e-8	9.81287669394107e-19	-2.7109557931837003e-9	1.1382455714732329e-12	-3.423655673198689e-14	-5.6203186254768773e-14	-0.025930135556353155	-0.041495146794899976	0.03661463107823138	2.6468960774946775e-13	4.2469089969166694e-8	2.2209043465393208e-8	-4.0219997471391267e-14	0.02752181470050448	-1.3788724584004597e-8	-0.07412404557475184	3.246243893947941e-12	-5.551115123125783e-17	2.9969070072799475e-9	6.331740687315346e-17	-4.133302515763005e-12	-1.5405612934678292e-6	0.006215515717886302	-3.167428671776995e-10	3.554253197908955e-14	-3.297619300929311e-6	-0.01762414156309419	0.18832569722724318	3.4073549719584872e-9	0.00010469652765390333	0.006807616790995146	-0.00047102203719838953	4.934341597804199e-12	-0.0009053287277927537	0.0010415230320105187	-0.009397583418277521	-3.6441317922400115e-7	-0.1477565992038398	-0.0010066272284427625	-3.1654491295031086e-9	-0.014540013564647182	-9.851247734043219e-5	-0.0042698133197178285	-0.000982654972080263	-0.00018351788816381442	-4.702654602603551e-7	2.2275513224696017e-8	0.015802973604303272	0.0018423779161685244	5.876085864414682e-9	0.00048003126921693803	-2.1951106188820846e-10	-0.0002472371267279534	1.7501326174578768e-10	0.00042119642689446984	3.978792816607291e-6	-1.2949820344370776e-9	-4.083117964915032e-6	3.161720415467042e-11	-4.533785446773924e-6	4.034397710461622e-11	4.71090024476116e-5	0.0003252529099873392	-4.2841238889756994e-10	3.608914942929142e-8	-5.915762938540903e-8	1.6305373717884208e-10	-2.0906257280906004e-10	-3.4709798230059263e-10	1.8945014435695073e-8	-0.027331135115943136	0.010750538699349681	2.9385945191968575e-7	-2.2378241314362796e-15	2.64552723130973e-9	1.1103975940562893e-5	-0.00046960364413473846	1.855173349976072e-10	0.9575199433691222	-2.7795910207056156e-14	2.4716912024047577e-9	3.339004518829094e-8	5.99819638402721e-11	2.482905858489183e-18	3.8989778558146374e-20	1.3665023719376017e-19	6.609409917494023e-9	6.295671642141094e-21	-4.399439146318684e-12	8.639736061993863e-19	1.550204207139124e-6
-6.168020313130666e-19	0.8819434457105869	-0.00014006290326610106	1.168284716733259e-13	2.1490968177273473e-7	3.453152708807844e-20	7.589415207398531e-19	-7.526301099837632e-5	7.771561172376096e-16	-1.1135369479275958e-7	2.4005443120778906e-19	-1.6259435530602273e-8	6.771461988813775e-12	1.2166510203817649e-14	-3.1718360062343056e-13	0.0055396616884246415	0.004050191665982169	-0.002975607911283195	1.741014869096713e-12	1.518574853116188e-8	1.2947384299411002e-7	-4.174265100242991e-14	0.15241847957043464	-7.588022690047103e-8	-0.39859976316805235	1.7452011861205426e-11	-6.050715484207103e-15	1.4365594123988412e-8	-8.673617379884035e-18	-1.8470269089957813e-11	-6.649784108705981e-6	-0.002969737343502341	1.2210133598644646e-10	1.254673067437268e-13	-1.0139959899180262e-5	-0.05163830054197899	-0.04237845611208667	-5.444076491695204e-10	1.8830024638276527e-5	0.12653901828120592	0.00046109889874563315	-2.9196329907397804e-12	0.00037107017287561403	-0.0003587279671042814	0.0029785413064408565	1.012866262303097e-7	0.04040157241884615	0.00026190599036777324	8.030023977096475e-10	0.003527531163828557	2.3737893731973214e-5	-0.023073261179161406	0.00023930788292788295	4.43725305857845e-5	-1.757087604007182e-6	-5.174694406100914e-9	-0.001259591552356426	-0.009324473719059822	-1.2970210322427178e-9	0.0014382378626002941	4.6249569278511427e-11	-0.000672451763035534	4.403343533169405e-10	0.0010282956568861007	-7.692875983522565e-7	-2.8012948014846314e-9	7.761469822996731e-7	6.307827698010166e-11	8.437632448029033e-7	7.206350455570812e-11	7.818014369896653e-5	0.0005394399389052427	7.43200717981396e-11	-6.0184165767349085e-9	-6.611847078175082e-8	-2.6297089505966653e-11	3.3681973876653615e-11	-3.5010573606886197e-10	-3.0269650275888127e-9	0.004185101543596121	0.006026916249983763	-4.4489124186887757e-8	-7.804653903833145e-16	-3.793632816738446e-10	3.407611819314371e-7	-1.0200101528326142e-5	-2.4645298361781684e-11	-0.13111216915250823	3.9533822559299115e-15	-3.345923091542524e-10	-4.48442203989795e-9	-2.4455407317269806e-11	-1.069203733618693e-18	6.7679917719088724e-21	-1.334076891925523e-20	-8.480758885367836e-10	-2.4980854499101436e-21	3.1983860004913822e-12	-1.0503208545953324e-19	-1.7300021475619697e-6
-4.1945396688982617e-19	0.43928114740128876	-7.637131545795231e-5	3.7443832441621406e-14	6.647599568032625e-8	-2.778497092626206e-20	-2.981555974335137e-19	-6.12769331603367e-5	4.718447854656915e-16	5.5872828641501115e-8	-5.899584477626202e-19	1.1683165102027715e-8	-5.070545186795696e-12	2.392521808924561e-14	2.873010684201595e-13	0.020865770694051055	0.03728013776006617	-0.03347129515872426	-2.325051137777839e-12	-6.2355013725581e-8	-1.959198039080956e-7	9.990619442845627e-14	-0.2520145034190027	1.2697447324475086e-7	0.6972955794049663	-3.05454020434995e-11	1.0047518372857667e-14	-3.102730952372901e-8	-5.377642775528102e-17	4.430516643529536e-11	1.667575847464145e-5	0.0010743614747092268	-1.6455023975348038e-11	-3.791420422190257e-13	3.3006144585991104e-5	0.17147256493358895	-0.045854623269788244	-1.5432240186262491e-9	-0.00017056141758324176	-0.4537119307336748	-0.001169365683471423	5.645116720229752e-12	-0.00045697451881742844	0.00031583839156224094	-0.002163246382990783	-5.294217633733389e-8	-0.020196420834095816	-0.0001116547526818423	-2.997492998171175e-10	-0.0009016608681316155	-5.515361425956211e-6	0.10643705314557493	-0.00010994577427519362	-1.9827216246597057e-5	8.650784099861232e-6	1.931432401600791e-9	-0.009878808635415822	0.04201822539111608	4.799164503299647e-10	-0.007641963014857124	-1.337207601592727e-11	0.0036976310832619605	-2.4898078819412454e-9	-0.005877549182421364	2.226816887914431e-7	1.6702868304229682e-8	-2.1835171880300828e-7	-3.867881332924537e-10	-2.292564347946285e-7	-4.574142218406106e-10	-0.0005075159897202641	-0.0035024951677997337	-1.805823546252583e-11	1.372406347420474e-9	4.786480183316399e-7	5.6636917378227736e-12	-7.239875365883108e-12	2.601501375432136e-9	6.405297854616965e-10	-0.0007793302552956677	-0.0520016611014285	1.2175593439649429e-8	7.728565609574261e-15	7.423133397028991e-11	-1.3601018143035923e-5	0.0005444331680808769	-1.1704344904297365e-12	0.023699101743579986	-1.81001902721999e-15	5.945017481773229e-11	7.876320245699727e-10	1.2924753975407377e-10	5.8228320429486315e-18	-1.7431259766391207e-19	1.1540823906339842e-20	1.3974181161115445e-10	4.910144116114772e-21	-2.1314616738266068e-11	0.0	1.3000146168724159e-5
-4.1142836352075245e-19	0.11645375193738397	-2.11759957355361e-5	-3.824297818267934e-14	-7.612072162530015e-8	3.0681182282403094e-20	-3.2526065174565133e-19	-2.017913209135797e-5	1.8041124150158794e-16	1.838349874272449e-7	-4.281751548370488e-19	2.897733331064245e-8	-1.2144542112951275e-11	1.002816875221059e-14	5.791413787813583e-13	0.00961265533293712	0.018306257631217772	-0.016572097865224296	-2.803461156186053e-12	-3.581711561145288e-8	-1.8799799586521893e-7	6.34188881964981e-14	-0.19463371272189517	9.476701172753121e-8	0.4522775784557647	-1.977774937095625e-11	6.938893903907228e-15	-4.721186287401369e-9	2.7972416050126014e-17	-5.213755168793755e-12	-3.95035727276602e-6	0.0020948423316489314	-1.0419028834141031e-10	2.908975754625734e-13	-3.242030037620136e-5	-0.17795754435800132	0.1213168862614344	3.2971546864296597e-9	0.0002979850180601453	0.7315978472992053	0.0017807854835553806	-8.275626630792934e-12	0.0005569995291907059	-0.00031825159073501003	0.001869275082503789	3.00182284446171e-8	0.010426951834582436	3.16792655677277e-5	-1.1966860302985074e-12	-0.001059602504702133	-8.61492873729941e-6	-0.27362726513651875	8.231517299150427e-5	1.3965052886238255e-5	-2.432800616173833e-5	-6.921574937550704e-10	0.031517011092608904	-0.11939557632811536	-2.6754518045457587e-10	0.02408038340419453	-8.516815724890492e-13	-0.01223480880630669	8.564106912283532e-9	0.020517790988304342	-8.160846284528571e-8	-6.166996242579909e-8	7.579584093464106e-8	1.4803054338840828e-9	7.432083254158825e-8	1.8249046148877398e-9	0.0020780883460051747	0.01434444477005728	4.5406525761571e-12	-2.7283813934259743e-10	-2.1855111239739086e-6	-7.494681958375438e-13	9.35685556813226e-13	-1.2134045828879336e-8	-6.677808783370209e-11	-0.00022889974439254518	0.26459496808529315	-1.9292619025582493e-8	-4.091255522176415e-14	-3.105414645050708e-11	7.701441419706231e-5	-0.0030907677176648467	3.148019242201275e-11	-0.007371920622586444	6.632285999612358e-15	-1.7618455305790093e-11	-2.2643672806482544e-10	-7.636133288191349e-10	-3.447677047156321e-17	1.2282010822411857e-18	1.3129010682441655e-20	-3.4786531927986876e-11	-1.2136393947378022e-20	1.3320111680314994e-10	2.439454888092385e-19	-8.628378302956002e-5
-1.2688037959469444e-18	0.017782306376367383	-3.320336003669916e-6	-1.8088596140804419e-13	-3.511566438654107e-7	5.297638166534945e-20	2.168404344971009e-19	-3.490129675961229e-6	4.163336342344337e-17	4.86312903849595e-7	-1.8719428134320037e-19	6.773263344639346e-8	-2.7862015713792272e-11	1.980349478153398e-15	1.1975248161094707e-12	0.0019953572246671314	0.003940790086160724	-0.003585006428821815	-3.587470513238361e-12	-8.667505255863748e-9	-1.7082041370297674e-7	1.838814169018762e-14	-0.10213378337064641	4.3681632993022856e-8	0.08470673496121947	-3.6343489659808673e-12	1.3183898417423734e-15	2.4695180393663474e-8	9.020562075079397e-17	-5.0131464897264916e-11	-2.069086238352426e-5	0.0006805136525529452	-4.2263649177587403e-11	5.402628956971087e-13	-4.476132520553344e-5	-0.2271886370569051	0.037430187073223986	1.1089493922753976e-9	0.00010934580569256145	0.27862768068773697	0.000697229405635937	-2.9048569819572942e-12	0.0002459560619992898	-0.00015945440612292046	0.001062356385198588	2.8083956072136318e-8	0.011180676552837245	8.06930086310071e-5	3.009733531736218e-10	0.002051372081528326	1.490494381362062e-5	0.2042711481241699	5.139114471980864e-6	1.8088564024340559e-6	2.4515407848574484e-5	-9.72438897201694e-10	-0.03458568661078867	0.12649453730343957	-4.9696191606329876e-11	-0.03298703509852757	1.4856504915172764e-11	0.01879767879981945	-1.433411220016668e-8	-0.035440698050282396	-4.5666411216784175e-8	1.194545153445541e-7	4.783776899253498e-8	-3.074468414704097e-9	5.441187578624377e-8	-4.0959128959339435e-9	-0.004888488209768421	-0.03375658613218717	5.730180219210013e-12	-5.724302368920187e-10	6.191735232974338e-6	-3.3225922013713216e-12	4.31132907152687e-12	3.558159682864881e-8	-4.2831457824910046e-10	0.0015631655305606085	-0.8878526228217243	5.701622270265472e-8	1.4539250776737487e-13	4.616055411174602e-11	-0.0002971831772546271	0.011953770246339776	-1.3065505328444275e-10	0.007199420512061792	-2.6021203995814907e-14	1.5823206460374717e-11	1.926105390090936e-10	3.2652474404870624e-9	1.476052741241665e-16	-5.286387217734517e-18	-2.4669834588781497e-20	2.2563851527094897e-11	6.46127320077421e-20	-6.110290051708489e-10	-1.1384122811097797e-18	0.00042861434118930924
-8.411638077407305e-18	0.004026519305847967	-7.838469323682157e-7	-1.1558301097129543e-12	-2.2381059552843696e-6	9.7670850092059e-20	-4.336808689942018e-19	-9.712135967234933e-7	0.0	2.6366565163415956e-6	-6.081696561285876e-19	3.4971973172925885e-7	-1.4282835791900109e-10	7.166847410672306e-16	5.904593262964189e-12	0.0008204134868540962	0.0018003610510385025	-0.0016630575914766694	-1.4988411337569162e-11	-6.076066090847867e-9	-6.321460789687761e-7	2.3415297478734942e-14	-0.2823313366842246	1.0840658811253623e-7	-0.06436548895454981	3.13740297576328e-12	-5.551115123125783e-16	1.0823487566619105e-7	3.3306690738754696e-16	-1.9370418208883647e-10	-7.605768809504539e-5	0.0004149955266771648	-4.0098382947384437e-11	1.54832774832345e-12	-0.00011139904012183455	-0.5407596495212755	-0.017223601447646057	-2.8222305048508645e-10	-8.764488688384196e-6	-0.004066919475234555	2.176987580751176e-5	9.573748515495718e-13	5.090333237371474e-5	-5.79101327001199e-5	0.0005332441973587985	2.677695728342533e-8	0.011775435782507015	0.00011946595307547997	5.512467306286058e-10	0.004681094214958616	3.4855379187626045e-5	0.6239366775525382	-7.420974309318637e-5	-1.1142887090923731e-5	6.078602588142348e-5	-7.323939199251409e-10	-0.0813076183108365	0.30142853572984607	2.0580212534149211e-10	-0.06245142854805605	1.7305473026807405e-11	0.031254449117919976	-2.1263716330045752e-8	-0.05016972018307912	5.049320054865128e-8	1.3843146456015646e-7	-4.7055293648425186e-8	-3.0551573598126976e-9	-4.7230506630002e-8	-3.2803285245880834e-9	-0.003318887271622134	-0.02288427486366944	-3.764405454020903e-12	3.195563575038307e-10	9.369279574678036e-7	1.6561613191967695e-12	-2.138331178791475e-12	1.5900078302599763e-9	2.070437285159321e-10	-0.0006682334815900368	0.3583305462083712	-2.26713165134946e-8	-8.881050113043741e-14	-1.63250669493048e-11	0.00027513669482735585	-0.011173445422620713	1.4322253268344437e-10	-0.0022820730931790443	2.8389307472099827e-14	-4.881839940976129e-12	-5.834727141815644e-11	-4.444021288983746e-9	-2.0177376646464357e-16	7.644148921350552e-18	1.6705739651120947e-20	-6.1742707267145504e-12	-1.1385644823424894e-19	1.0258225380255226e-9	2.358139725155972e-18	-0.0008856949960383014
-4.0039150436246304e-17	0.0012722013626491546	-2.623968124163642e-7	-5.087632775781582e-12	-9.82609492604326e-6	6.341471598682389e-20	0.0	-4.1124443093614176e-7	-2.42861286636753e-17	9.418840828070985e-6	-1.9244588561617704e-18	1.1730804243825776e-6	-4.747681649945948e-10	3.7895576433799594e-16	1.870829714543249e-11	0.0006181813014876947	0.001566772054332205	-0.0014764581392436792	-4.012490137717049e-11	-8.286691460651203e-9	-1.5727459507508534e-6	4.42770277907234e-14	-0.6395411257788212	2.390644215592014e-7	-0.2479656258172231	1.1589533945434525e-11	-2.733924198139448e-15	2.0786033895492384e-7	5.759281940243e-16	-3.227276701222659e-10	-0.00011802265161646496	2.2019865291728883e-6	-1.2710224799733494e-11	1.5674433086357994e-12	-8.557448489524e-5	-0.37872698263376287	-0.0501405471341211	-1.2996450859947828e-9	-0.00011462177846984901	-0.28093803978907883	-0.0006854241400533259	3.3608347563816345e-12	-0.00022414119202446753	0.00014115372619467233	-0.0009458618036333159	-2.8638260152202832e-8	-0.01185487113758905	-0.00010099589491955859	-4.1974820803392446e-10	-0.003351015716817057	-2.475216447772599e-5	-0.40899278677713985	2.943022045751552e-5	3.571409275517079e-6	-5.830570685897872e-5	1.3958431793227588e-9	0.08364719170374267	-0.3085509145093474	-1.1507428343549009e-10	0.08793308224098963	-3.104612400495199e-11	-0.05102815819091665	3.8937621057755526e-8	0.09596410422050689	-2.3088994360088046e-8	-3.133189478777068e-7	2.002746805105335e-8	7.751306125224847e-9	1.8566870815422963e-8	9.632125920590393e-9	0.0108266939581525	0.07472066952753396	1.4504925038849592e-12	-1.0651565783906247e-10	-8.294847707673858e-6	-5.130132429975731e-13	6.540601393822953e-13	-3.930121419623567e-8	-6.248743232920018e-11	0.00018557292580298712	-0.09563772808944658	5.988190476181768e-9	1.1528976065746475e-13	3.948172626506985e-12	-0.0005909579574716536	0.024207051904682034	-3.534608734173661e-10	0.00052306195809308	-7.018799540491939e-14	1.0924901391526354e-12	1.2864065268201018e-11	1.290167159044564e-8	5.875701324887183e-16	-2.3160127400476265e-17	-2.9434394917086937e-20	1.258644424476801e-12	3.8760690887499813e-19	-3.4305845941773327e-9	-8.890457814381136e-18	0.0033894040982275055
-1.3762836237072673e-16	0.00038658593607411536	-8.39845902314754e-8	-1.560706679317554e-11	-3.002962191211891e-5	-1.5311402651570936e-19	-1.734723475976807e-18	-1.6120126620727389e-7	-5.898059818321144e-17	2.084762414781595e-5	-4.368995941937681e-18	2.330348612356037e-6	-9.281254925798578e-10	2.2721828216686057e-16	3.3529950122757296e-11	0.00036788925715570346	0.0010131909140179865	-0.0009651700553802108	-5.1339317552642457e-11	-6.577254736809908e-9	-1.718779353843125e-6	3.899311429300667e-14	-0.5897383805261666	2.1309208116798706e-7	-0.25130851208502014	1.1606985554982185e-11	-2.609024107869118e-15	7.577128352531659e-8	8.326672684688674e-17	-1.978331685753218e-11	9.916169811629606e-6	-0.0004141549492301523	3.873074587825223e-11	-1.3948762808238678e-12	0.00011939077899196342	0.5948759448158406	0.043568341812935674	1.0460091820485573e-9	8.457626745395258e-5	0.1994014306268828	0.00047249249546760426	-3.602689389253322e-12	0.00013621530361098127	-7.581341387288793e-5	0.0004551017867720763	9.996873565065734e-9	0.0038805103078945226	2.5294164290425806e-5	6.949604430882099e-11	0.00048287600720965055	3.408898369805513e-6	0.026972291916416653	2.331863713428764e-5	4.906410951899948e-6	4.528773659961483e-5	-1.8380369731655147e-9	-0.07484376300138451	0.27474656608248127	3.1711794648559e-11	-0.12600677057663606	5.096185279329646e-11	0.08583518202691966	-7.298265469122796e-8	-0.1868379046364596	1.0116707554513778e-8	6.961925254180337e-7	-7.131508069116038e-9	-1.8603391994218726e-8	-4.915309512274618e-9	-2.5144850261648308e-8	-0.029730630600571017	-0.20527032098307618	-8.35165270274274e-13	4.132152627879526e-11	2.8161972885187847e-5	1.8015385190583988e-13	-2.0650148258027912e-13	1.400024483323714e-7	2.002862090587365e-11	-5.185199905434436e-5	0.024987885556576817	-1.535440279291884e-9	-3.952496123346242e-13	-7.81592997788072e-13	0.0023790796267378783	-0.09775096939859595	1.4980891627040804e-9	-0.00014878231066803971	2.981465169226818e-13	-2.8376416884648425e-13	-3.2069719211621052e-12	-5.879072083531719e-8	-2.6813765769626165e-15	1.0783491748199772e-16	9.740878893424454e-20	-2.7192774928803574e-13	-1.9089740350947777e-18	1.682438586884938e-8	4.640385298237959e-17	-0.01800731646632227
-4.609862502172802e-16	6.610725829514955e-5	-1.4778999259494234e-8	-4.622566959338334e-11	-8.857718324337474e-5	7.817435815054899e-20	-3.469446951953614e-18	-3.1514547115257235e-8	-1.9081958235744878e-17	4.2415082227696514e-5	-8.429671891074797e-18	4.134601171199015e-6	-1.6123384476160268e-9	1.5188994810164114e-17	5.1733313347494315e-11	8.641808186644862e-5	0.0002455792571293209	-0.0002348675723418781	-4.438085407734867e-11	-1.7103242891467295e-9	-9.844245414392105e-7	1.0505485370515544e-14	-0.16048567297660904	4.601288713934615e-8	-0.0702030232928832	3.0957215330556847e-12	-8.326672684688674e-16	-1.4131557773966463e-7	-5.065392549852277e-16	3.0977944387726615e-10	0.00012351032259563235	-0.0001573976550483594	1.6605990887930133e-11	-1.6942261799958126e-12	7.358804210439579e-5	0.28955660100297087	0.026943658062768494	6.775879232701065e-10	5.8089681743899905e-5	0.1408981418969221	0.00034139674990230545	-4.999106652488e-13	0.00010947075042005229	-6.879978985909041e-5	0.00046712963367915846	1.5731417279951643e-8	0.006702944743001951	6.456384516670714e-5	3.1648730125066315e-10	0.002603512134818035	1.9458473683842126e-5	0.36587757841264623	-6.991650412591609e-5	-1.217347714357192e-5	-2.4402217966356093e-5	2.0017629966812e-9	0.056594538666656584	-0.20642463033404193	4.9398846124759643e-11	0.18300763924915064	-8.137109042127832e-11	-0.14653144158036502	1.3822430436193027e-7	0.3667886099615325	-3.5388238641721917e-9	-1.5460882931278563e-6	-6.823145080027756e-10	4.436029357437877e-8	-4.727578756793464e-9	6.474855212367225e-8	0.08013723280073864	0.5534970274861843	1.2036482921473635e-12	-3.37714817048862e-11	-9.069664924644255e-5	-1.330394128196133e-13	8.794354133812021e-14	-4.660736905165441e-7	-1.043328065001431e-11	1.5993652235653878e-5	-0.0046894502183020305	2.2945817332362914e-10	1.5469910565564438e-12	-5.56201203258562e-13	-0.010111062247251052	0.41632774135836675	-6.613482295657336e-9	0.00016942506866315132	-1.3189691677031865e-12	2.512341598865167e-13	2.5038830105398224e-12	2.756602544429633e-7	1.2588534337740635e-14	-5.157105042216236e-16	-4.565507585700679e-19	1.3622664416953041e-13	9.537789509430435e-18	-8.42288946202932e-8	-2.489328188026718e-16	0.0971120763082404
-2.7077052811176377e-15	9.64230158244785e-6	-2.2090351714281445e-9	-2.5341138552397975e-10	-0.00048449092326817585	-6.202200232922602e-20	0.0	-5.1474521838914905e-9	-3.469446951953614e-18	0.00019199866492759267	-3.737109363285973e-17	1.7554957769123913e-5	-6.779795555533503e-9	-7.801596960685733e-18	2.0613539659727225e-10	1.6420631335419526e-5	4.786074294493733e-5	-4.591931625063246e-5	-1.3407838550286394e-10	-3.5261813554540116e-10	-2.238247695768303e-6	2.2412627309620348e-15	-0.034299083841629975	-3.503764044524016e-8	-0.01531554076466729	1.4765550842557248e-13	-2.636779683484747e-16	-5.576692413411521e-7	-1.8318679906315083e-15	1.0068503250105013e-9	0.00037114505847978213	-4.33339806705011e-5	4.983681802200705e-12	-3.048644571101028e-12	5.953524172325024e-5	0.09483467119198419	0.01030352186994253	2.6658436569348964e-10	2.367014983636371e-5	0.05837882935687968	0.00014329846679489756	2.7339726670587558e-12	4.8792402876631385e-5	-3.271710551602369e-5	0.0002362166876747256	9.522100941072864e-9	0.004191245203334646	4.517841115417168e-5	2.615492978447209e-10	0.002078532037167715	1.5639938563433153e-5	0.3145202181246072	-7.894643457731759e-5	-1.4384943504495984e-5	-6.250534183117233e-5	3.2059510029353033e-9	0.11208629031815472	-0.41046789301016584	-8.946954288546749e-12	0.19585057134521167	-7.748421348985346e-11	-0.11957201846690726	8.74131832185568e-8	0.20704483089896675	-9.762074890324545e-9	-4.813303080344888e-7	7.254856316330438e-9	6.655557246060435e-9	6.256507504441935e-9	-2.4533201944191e-9	-0.012561888458253068	-0.08730218938136997	5.755118603900655e-14	-1.217011747997078e-11	6.1013235716694814e-5	-3.9940273310890007e-14	1.1345091532888318e-13	3.623810824471274e-7	-8.457364528754313e-12	3.0172722277865564e-5	-0.018032582560073628	1.1872211884921512e-9	-2.1940993299303855e-12	1.7874022489823343e-12	0.017504677107910104	-0.7244352370682677	1.2513904072697368e-8	-0.00021082445550314863	2.5079057305190766e-12	-2.6995438084367537e-13	-2.4524148594800375e-12	-5.96298917890351e-7	-2.7305553787016282e-14	1.1637081789257005e-15	1.0299920638612292e-18	-8.159811555306639e-14	-2.3516069835502734e-17	2.0877524415513493e-7	7.008282842946301e-16	-0.27811606972361796
-1.8993110881955843e-14	1.4482544931689885e-6	-3.409906806144847e-10	-1.6851112321118137e-9	-0.0032162170191938192	3.6816154703510156e-19	0.0	-8.67646753588873e-10	5.3966163135465983e-17	0.0011154554358566323	-2.1308638447486983e-16	9.806911505164106e-5	-3.766320678054956e-8	3.5281039835509745e-18	1.1119321607807849e-9	3.231066811585536e-6	9.66451359641609e-6	-9.302735461183503e-6	-6.515287222558686e-10	-7.54156051853934e-11	-1.0278611629749301e-5	5.377642775528102e-16	-0.007609812542950652	-2.1707041551743966e-7	-0.003469977918563401	-2.385571944249921e-12	-1.6653345369377348e-16	-2.3249915296341683e-6	-7.216449660063518e-15	3.917780735029561e-9	0.001397331181219852	-1.2429223649805096e-5	1.5584754623973462e-12	-9.388165550963189e-12	0.0001314452599666914	0.0323499524814082	0.004089204385953732	1.0872910904957678e-10	9.982808789721531e-6	0.02501410513847399	6.215794145954305e-5	8.018846373606471e-12	2.2388886850539457e-5	-1.5935099826850514e-5	0.00012161009835708221	5.723845598881727e-9	0.0025875927338421946	3.0489750214880858e-5	2.2189669210154889e-10	0.0015458008754018232	1.1686760565315923e-5	0.24611421637094322	-7.282455314818479e-5	-1.359088529610114e-5	-8.298310640671332e-5	3.434880922227601e-9	0.1306457896351728	-0.4790276238251832	-6.258021878480236e-11	0.09002511821764146	-2.2332691251847336e-11	-0.002058205581620063	-4.059756484291058e-8	-0.1457611290943462	-5.366444292660649e-9	1.1256600229853087e-6	6.715911255254107e-9	-3.941450446681943e-8	9.286985994804483e-9	-6.618670517446914e-8	-0.08622587652446242	-0.5957385238988702	-1.1827218891757862e-12	3.195483081022991e-11	9.247933265325164e-5	1.3483658634072526e-13	-9.364731212713195e-14	4.4235118767943504e-7	1.1249974909977034e-11	-2.6344393744870534e-5	0.013178071522891762	-8.291576368918559e-10	-9.59152932418657e-14	-8.658281111455332e-13	-0.006590009523139001	0.28087622991753675	-7.230128232227351e-9	6.460466939363837e-5	-1.4773849427629406e-12	7.009625983090762e-14	5.559299062023832e-13	5.376888213485167e-7	2.481022352352532e-14	-1.1757444112270657e-15	-1.1655173354219173e-18	-6.868100948201078e-15	2.929675206315811e-17	-2.6358407621951256e-7	-1.1379786002407855e-15	0.4693692658943755
-1.2957538794723945e-13	1.8589602242033884e-7	-4.9922741214264607e-11	-1.088887380476934e-8	-0.02074654396197696	3.3359069138630534e-18	-2.220446049250313e-16	-1.2002482175026525e-10	9.242823520438925e-17	0.006289571082582763	-1.176874353178703e-15	0.0005318287103929617	-2.0312117279342248e-7	3.3610055588813824e-17	5.826349209204205e-9	5.089289902793654e-7	1.555140348399039e-6	-1.5009392075680888e-6	-3.104276667985291e-9	-1.2718611247890845e-11	-4.722401101055771e-5	-3.4301446232010147e-17	-0.0013220678697075713	-9.769844847781761e-7	-0.0006131112320424641	-1.1096426874552352e-11	-6.279698983036042e-16	-9.213346518294196e-6	-2.7451999007332972e-14	1.4581502023051007e-8	0.005047393810284235	-2.642951949895738e-6	3.545725995798832e-13	-2.9014406197936368e-11	0.00036424086860457287	0.00785939100276426	0.0011133137458760308	3.02107505678606e-11	2.843743017623102e-6	0.007209890944207229	1.8079644096564323e-5	1.7555816811070757e-11	6.788870729310887e-6	-5.049117183540423e-6	4.0135876723103676e-5	2.1160961871657946e-9	0.0009754771016813266	1.2265394212892871e-5	1.4641171673483722e-10	0.0006673466067711676	5.062773569174117e-6	0.11024112276500127	-3.6709939017375525e-5	-6.96824808045244e-6	-6.181118434440839e-5	1.8634990937502205e-9	0.07742557176081563	-0.28412459355484737	-6.948858155553239e-11	-0.09014639493508599	5.2505916281475606e-11	0.11746697815296721	-1.2382588309925316e-7	-0.3305934864412092	6.0468468428553e-9	1.2170025603299578e-6	-3.146469822110936e-9	-2.72765451656378e-8	-1.5310805448676957e-9	-2.1789735902031726e-8	-0.010267946289219197	-0.06993098491808615	-2.3090383771684486e-13	9.911996245483279e-12	-7.864959781871128e-5	4.6074255521944e-15	-8.826273045769994e-14	-4.886222830791098e-7	4.896698498069174e-12	-1.534152404058344e-5	0.008930990223111114	-5.860379906121303e-10	2.278627199950214e-12	-9.080875359961709e-13	-0.009767900970967015	0.39234563250665755	-2.9254360600639018e-9	0.00012490068592744307	-5.356860720523264e-13	1.711410363705796e-13	1.6370440103453734e-12	-2.553569027216592e-7	-1.2131866556274948e-14	8.036623192560384e-16	1.0842021724855044e-18	9.355712791836491e-14	-3.13275135542003e-17	2.883159662307131e-7	1.7763568394002505e-15	-0.7811453239506405
-1.0508028032133094e-12	5.33409246421444e-8	-5.420088504998871e-11	-8.437584644475438e-8	-0.16052831083339744	2.5266278132546533e-17	-1.1102230246251565e-16	-1.6018656711708095e-11	1.0182826803983858e-15	0.04355349478969504	-8.011440903038514e-15	0.003568026988040769	-1.3566573343196716e-6	2.6811980912387623e-17	3.802132388791568e-8	9.274435864349053e-8	2.953818293289612e-7	-2.8650318407656033e-7	-1.8786730155375986e-8	-2.622003321190289e-12	-0.0002779543811119306	1.1275702593849246e-17	-0.0002860032431048337	-5.599461610992715e-6	-0.00013621448593169674	-6.287197968074255e-11	-3.3931191190106347e-15	-4.829290714880585e-5	-1.3877787807814457e-13	7.293031774633718e-8	0.024693403154932382	-7.603538605976208e-7	1.1263985078870109e-13	-1.2717206094121507e-10	0.0015132285411381648	0.002748877176670761	0.00045680975732403294	1.2749634681341604e-11	1.2423771113749464e-6	0.003201385211623329	8.12905338686441e-6	5.907308669497442e-11	3.2317078777651964e-6	-2.551611014687888e-6	2.1426946679518456e-5	1.3114451677398442e-9	0.0006198754237051197	8.457895640110813e-6	2.3635593472570607e-10	0.0005014313571346684	3.819703527085938e-6	0.08651008625756812	-3.2882576540763835e-5	-6.355816889594586e-6	-8.943715302160314e-5	1.7218799131207656e-9	0.08165127731321688	-0.29986519941588025	-1.1424977630625222e-10	-0.3122842792702475	1.4886340771180784e-10	0.2738917989601917	-2.303694936657693e-7	-0.5613727390985461	1.7361451959249262e-8	1.2413126947547707e-6	-1.2703994897539494e-8	-1.008029633677078e-8	-1.2043229616305733e-8	3.006682996020096e-8	0.0702475104037398	0.4869746910790222	8.502556297917963e-13	-1.9854732983583256e-11	-0.00017904632074110423	-1.30367938666609e-13	3.5110803153770576e-15	-9.338982628059878e-7	-6.47614381284016e-12	1.5169642735856508e-5	-0.007813130262614506	4.972727043236271e-10	1.0303685188666696e-12	6.146011381218157e-13	0.005443680988167329	-0.2380955276649902	7.331961732193193e-9	-6.9428403914394e-5	1.5007231704078708e-12	-9.067400710073602e-14	-8.438482553113304e-13	-4.629849503646912e-7	-2.1192613568437983e-14	8.688330342177843e-16	7.589415207398531e-19	-4.079013493128911e-14	-1.1104601938503877e-17	9.217452592557023e-8	-6.661338147750939e-16	0.28475123723711837
-6.549371854928152e-12	1.4361677299526345e-7	-2.7614551642343313e-10	-4.956568578378035e-7	-0.9412183257637118	1.4461173809301976e-16	0.0	3.252650197281613e-11	5.842928137850256e-15	0.22027321143320988	-3.9589533908090946e-14	0.017284236407928488	-6.531804832926754e-6	-9.251886772974546e-17	1.7730245523900738e-7	-7.944206450075762e-8	-2.2462956729564442e-7	2.1491181200972734e-7	-7.883675211963441e-8	1.6128023244853865e-12	-0.001121130197686157	-1.9786689647860456e-16	0.0001574057400691358	-2.172005600203919e-5	7.075038475901123e-5	-2.391861261190429e-10	-1.3114509478384662e-14	-0.00016434420509936487	-4.481831572533679e-13	2.3120257831507618e-7	0.07567598762700051	2.9319362750523834e-7	-3.672463808751525e-14	-3.2789546944296164e-10	0.003593189438885997	-0.000806535179097074	-0.00011600918172856073	-3.169742246456053e-12	-3.003432949327377e-7	-0.0007644828764656261	-1.9230853968285916e-6	9.59538265290767e-11	-7.333366661398681e-7	5.550888659397306e-7	-4.487938896794736e-6	-2.4790075547898027e-10	-0.00011510340141586177	-1.4791610719590243e-6	1.442509780854727e-10	-8.18773571038935e-5	-6.215424101368994e-7	-0.013598985732396335	4.504747175898961e-6	8.514755880180327e-7	-1.7729163017383927e-5	-3.7041796800002524e-10	-0.008689344849369377	0.0318617502101888	-4.157892780076722e-12	-0.08642295359455056	2.3371513058201288e-11	-0.004074622742355159	5.7440905479962025e-8	0.19650426457135542	-4.596189881526082e-9	-1.16139605185403e-6	3.108506770961937e-9	2.813909798481942e-8	2.734542723265218e-9	1.4499489946477769e-8	-0.013896012746572775	-0.0979881567446866	-1.6238572986271294e-13	3.5780062723408945e-12	0.00022178941632440552	1.0863532295957157e-13	8.529288386682765e-14	1.323655975882243e-6	1.0963496820462493e-12	-2.4331184532484064e-6	0.001221491711182684	-7.722590536591287e-11	-3.813905722021694e-12	-9.04873125688317e-14	6.30869415714023e-5	0.034103753074660716	-1.1261420206076789e-8	9.703222920379535e-6	-2.3812553415309356e-12	1.2539460504559612e-14	1.1539247183625286e-13	1.2705303214658403e-6	5.871989838270551e-14	-2.786235258895979e-15	-2.9815559743351372e-18	5.280777321833574e-15	5.889165972374974e-17	-5.182585335297598e-7	2.220446049250313e-16	-0.03481707416694455
-3.985956180927686e-12	3.146302275760393e-8	-6.424904964766621e-11	-1.2203889659310975e-7	-0.22113165969971504	2.1578508438438123e-17	5.551115123125783e-17	1.1960863361288706e-11	1.9218838760021173e-15	-0.1283708446851554	2.774183335309266e-14	-0.013830436140059582	5.423651695082073e-6	9.290405596250936e-17	-1.7463669619102468e-7	-1.6787464146852923e-8	-5.219291253505303e-8	5.0466412057847714e-8	1.1538965052427033e-7	4.4228565696565567e-13	0.0018291446671916609	2.80483102022e-16	4.756520941207347e-5	3.8908584393537726e-5	2.263677280519951e-5	4.4704547092692774e-10	2.378652830259398e-14	0.0003758549140976952	1.1069201111268967e-12	-5.85477698741778e-7	-0.20010820065180862	2.8352137961192285e-8	-1.1329560336767464e-14	1.038880885329082e-9	-0.012191378124722497	-0.0003121122391893128	-6.193731616232962e-5	-1.7631451854072111e-12	-1.7922383420981617e-7	-0.00046936851894948485	-1.2069269778937487e-6	-4.1079048556120893e-10	-5.086746113115516e-7	4.2798170673316916e-7	-3.8194101559297905e-6	-2.795668696542464e-10	-0.00013655399927531024	-2.0801787920243786e-6	-8.648907715552966e-10	-0.00013958241171818067	-1.069824827198973e-6	-0.02572427909372162	1.2126512509594116e-5	2.4180758890785664e-6	0.00017272263397627072	2.6446670808172312e-11	-0.04041884873333675	0.1486574981336265	1.3479964366958086e-10	0.7462645434393551	-2.675272503527282e-10	-0.2528138012720063	-7.400012716403956e-8	-0.4895592564587428	7.933410988937145e-9	5.195378064500652e-6	-4.653936847631498e-9	-1.495405964173707e-7	-3.5079135465262604e-9	-1.1459111275533452e-7	0.012169477409379605	0.09427331546013078	1.3126826015064097e-13	-2.566545500432005e-12	-0.001237401759627263	-5.720424134381119e-13	-5.536682223805656e-13	-7.644895645420036e-6	-6.638100442588057e-13	1.2751294767082062e-6	-0.0005985633745863657	3.719246615841234e-11	2.5960743813237865e-11	3.7853550682363335e-14	-0.005908616905307334	-0.013524797245777216	7.737566493082326e-8	-3.59554820843483e-6	1.6431768787425124e-11	-4.3385501896815726e-15	-4.057126979026305e-14	-9.421319553310105e-6	-4.3596012454097995e-13	2.1056330202389503e-14	2.2632720350634905e-17	-1.5799775610788735e-15	-4.640077719398987e-16	4.096205003676831e-6	-5.551115123125783e-17	0.009540953224204904
-1.509237563238426e-11	2.1593757527015906e-8	-5.0842931364100124e-11	-1.239226448070032e-7	-0.17902375971710657	-3.720105176869843e-17	3.122502256758253e-17	2.1724219065638497e-11	3.99292008962035e-15	-0.7691098939265758	1.55051752687152e-13	-0.07352862534959193	2.8431480987581997e-5	3.372763434980456e-17	-8.566275736882544e-7	1.7255830344251062e-8	3.7892042532116486e-8	-3.5142425595593584e-8	4.7521187070652393e-7	-1.4851574433014727e-13	0.007114980966297604	1.5795741450941314e-15	-7.781945943014302e-6	0.0001433829107368445	-1.5922133476056923e-6	1.6045905736116004e-9	8.493206138382448e-14	0.001166865376895393	3.215816501977997e-12	-1.6618637613430732e-6	-0.5444261084936154	-2.318451161862712e-7	1.55987724093868e-14	2.280959142759597e-9	-0.02418052924198781	0.0002949271764859112	3.8175550387790776e-5	1.064121013527597e-12	9.949406244987753e-8	0.0002543846086795842	6.425779477337069e-7	-5.046776677668511e-10	2.5149733323409916e-7	-1.978489125484602e-7	1.6724465408485831e-6	1.0867956534710288e-10	5.2092533901545074e-5	7.537136855427767e-7	-4.065066066963677e-10	4.823057892152261e-5	3.688783199312651e-7	0.008696529551423192	-3.863775848993449e-6	-7.647953127170454e-7	1.1303983607314247e-5	3.6884650281981957e-10	0.012113474079980724	-0.0445405578207154	-3.3846939140325105e-11	-0.18307604297879268	8.814229901510373e-11	0.13365147163267554	-1.02010394773238e-8	0.14015748534316344	-2.0915698185374666e-9	-3.41960950555123e-6	1.1896584759975857e-9	1.232125949784989e-7	8.662298504246834e-10	1.1945877330455973e-7	-0.0015656247863211036	-0.021867538399802527	-2.044902875503185e-14	5.434038161393658e-13	0.0019139657483388806	9.193201755408609e-13	9.131584377541913e-13	1.2595257370316693e-5	1.3284685851377986e-13	-2.4244415606862103e-7	0.00011088386109503707	-6.8422694405623755e-12	-5.892209086341696e-11	-6.6247281132211875e-15	0.01594518628832757	0.0026516161019144208	-2.1014719431278195e-7	5.990545269772953e-7	-4.4781756157030034e-11	5.325584130589853e-16	6.5913199691111754e-15	2.8116575097811054e-5	1.3035931722645867e-12	-6.47760789234883e-14	-7.177418381854039e-17	2.4147585754521957e-16	1.5220013156692566e-15	-1.3495621549405957e-5	0.0	-0.001362888398922086
-2.7057908052458776e-11	9.09797504981672e-9	-2.303895020060363e-11	-8.916567828531896e-8	-0.08202265249318215	-8.151696853609617e-17	7.632783294297951e-17	1.3307295385395081e-11	3.4107916144221484e-15	-0.565999897016204	9.467383474404123e-14	-0.037208370723148254	1.3489943090971845e-5	-2.1957727735901834e-17	-2.6854595880864383e-7	2.2512079806899393e-8	5.997052079721707e-8	-5.7128822012170974e-8	-8.567694817626301e-8	-4.330101383504403e-13	-0.002510162768093717	-2.8850619809839273e-16	-4.579933182849234e-5	-7.413578439874335e-5	-2.2131323214851234e-5	-9.577715280486947e-10	-5.3648058218058736e-14	-0.0011988065818122617	-3.91237042762782e-12	2.1293435864162824e-6	0.7609175309649459	2.5189538657639805e-7	-1.1413884160732524e-14	-4.4434567820208345e-9	0.05290886686567925	-0.00019911346666016405	-1.883925841182654e-5	-5.545147674368422e-13	-4.482829379319057e-8	-0.00011210390321650977	-2.784631585588118e-7	1.6107155679475808e-9	-1.0128973099744514e-7	7.413261670338506e-8	-5.881926720819056e-7	-3.284172933604168e-11	-1.5094682009332847e-5	-1.9892563883410971e-7	2.1126026261006283e-9	-1.1452746884894872e-5	-8.712610592709336e-8	-0.001948068799880673	7.001373468544471e-7	1.3383893401278796e-7	-0.00021126667880407138	-1.2923264487620795e-9	-0.0014609696047650396	0.005357723483072395	-1.1105588670901057e-11	-0.06271231264494884	-6.647970368645062e-11	-0.2664374860011081	1.1491600103479301e-7	-0.07951647819418327	8.837326256347116e-10	9.352742883881812e-6	-4.5699141815471123e-10	-3.9070807047558546e-7	-3.026725006199778e-10	-4.2794128577133394e-7	-0.004900121887549319	0.0072782189155062	-3.494947387050473e-14	-1.3860169522511567e-13	-0.008521097569032193	-4.180406021347949e-12	-4.173258960626924e-12	-5.7765507556525875e-5	-3.012949048239455e-14	5.124452395728863e-8	-2.2223435295888087e-5	1.3496280219080003e-12	3.1514793446137565e-10	1.1881339621465543e-15	-0.0910681832691943	-0.0026240859263716287	1.2326928796602132e-6	-1.412718206024322e-7	2.631321973462983e-10	1.5630129569094153e-16	-1.4196454837461325e-15	-0.00017310556114808053	-8.034049255945322e-12	4.052481345829563e-13	4.560154337474032e-16	-7.18985545595408e-17	-9.854713345271854e-15	8.758983815708644e-5	0.0	0.00022365964558700353
-5.861242133156153e-11	1.5643028331998767e-9	-4.078783744798655e-12	-8.752193467014002e-8	-0.01458383700596847	-1.481782497267728e-16	1.734723475976807e-17	2.6302871323453918e-12	9.556208770264071e-16	-0.1194336940547696	-1.7153813092196657e-14	0.02288146003686208	-1.0459157681649844e-5	-3.439911310129551e-17	5.38562036135528e-7	5.229033672608251e-9	1.4420151378088968e-8	-1.3795525952071102e-8	-5.377189120832912e-7	-1.129581385175732e-13	-0.00854910063381931	-3.192108036231822e-15	-1.2375331747763686e-5	-0.00017462041398941253	-6.144687685074686e-6	-1.938614231709705e-9	-1.0263664917964377e-13	-0.0011210403113850785	-2.4126534103885433e-12	1.104071109906627e-6	0.26817408930654313	9.53860812836017e-8	-5.032202410847064e-15	1.3874063100057487e-9	-0.02962007585616983	-8.260154579554228e-5	-1.0879672046001116e-5	-2.262634524186069e-13	-2.8446904840769892e-8	-7.291542000017405e-5	-1.8462596658601494e-7	-2.25055665986891e-9	-7.34006321281677e-8	5.915968256732686e-8	-5.146593778217751e-7	-3.6180169971089526e-11	-1.8218573476170225e-5	-2.84887390022818e-7	-4.6686209086480544e-9	-2.0005497567381634e-5	-1.53732495983272e-7	-0.003797219314407917	2.0065372713001838e-6	4.0748715242041114e-7	0.0005681443013970411	3.204377586191187e-9	-0.008037002678888999	0.0295880986762732	6.702443981765338e-11	0.3753937069233614	1.1943163125138767e-10	0.7237638552353599	-3.7406772315068913e-7	0.1296592485837249	-1.044374233617536e-9	-3.0131305858945023e-5	4.688041027154829e-10	1.3293015355206198e-6	2.6334570087885603e-10	1.538619183310999e-6	0.021048805942018314	-0.007077199219067949	1.6164543661933983e-13	5.371023721265078e-14	0.03584757030366946	1.790322057271254e-11	1.7905656124472813e-11	0.00024886385686276324	4.113137781758258e-15	-3.724386128156276e-9	-1.2892069083496187e-6	1.400107770830439e-13	-1.555299067613203e-9	7.306309267855358e-16	0.4771748405504603	0.011579228601825926	-6.652267121876054e-6	1.879455659743758e-7	-1.422382304136266e-9	-5.062656633432645e-16	1.3687832331412105e-15	0.0009801796658900992	4.553806025434136e-11	-2.331925715623028e-12	-2.6727751956112655e-15	1.1230999540838742e-16	5.871662883552911e-14	-0.0005231428548626408	-1.3877787807814457e-17	-9.03635243423044e-5
-3.3318828257223015e-10	2.372937832708462e-10	-6.425586651100468e-13	-4.1790537422259355e-7	-0.0023112172437858465	-7.637052340352113e-16	-1.1709383462843448e-17	5.078667837469111e-13	4.2670639970650986e-16	-0.030230218415524125	-1.7836773724688726e-13	0.14666079745747201	-6.321857006742759e-5	1.5464525363483077e-17	2.7495272576028365e-6	6.058416704433658e-10	1.9579223515594246e-9	-1.9008900769710635e-9	-2.1468484323204553e-6	-2.102926391446546e-14	-0.031631554460921835	-1.2805837119878039e-14	-1.9991454422760577e-6	-0.0005970410508909785	-1.0456309997294354e-6	-6.352798748371965e-9	-3.3078054184620953e-13	-0.0025948526263007143	-3.849032204072955e-12	1.3598775198794995e-6	0.059487835849815075	2.286889582852874e-8	-1.6925818927850111e-15	8.046151853035853e-9	-0.12415770188422971	4.510579530835115e-6	-2.6306338650639093e-6	1.216249323476859e-13	-7.440189180540642e-9	-1.9400452207823634e-5	-4.9748018773359546e-8	-5.463021786413126e-9	-2.0848055179111486e-8	1.7650790909203957e-8	-1.6006916426973895e-7	-1.1107420538891688e-11	-6.370059430810628e-6	-1.0461797665515691e-7	-6.874444203285295e-9	-7.708451565243871e-6	-5.936817756846402e-8	-0.0014972261942031262	8.440947996456801e-7	1.7283194407797034e-7	0.0005973457879369941	3.3986385563483656e-9	-0.0036186359703946273	0.013325823124038164	4.024841571137472e-11	0.19620714325423166	1.0229883606882595e-10	0.41423356858073973	-1.4423095442408704e-7	0.0832843963600284	-7.51887240596942e-10	-4.380992299074515e-6	3.6003777245655325e-10	-1.924482228091162e-9	2.2110692574079703e-10	-2.6792604486793395e-7	-0.006756338451381312	-0.003353059526187556	-7.445541579109705e-14	9.173344118281086e-14	-0.027658287582678572	-1.5165885908219323e-11	-1.528232748682079e-11	-0.00021696453990895093	2.6209936998533578e-14	-4.6099195888028807e-8	2.416912211601804e-5	-1.5653215556991158e-12	2.328593103235343e-9	-2.0164934857434824e-15	-0.8597342824788808	-0.02054461428337746	1.303464110351954e-5	-2.6253739731285046e-7	2.7999537089169594e-9	8.775510149482807e-16	-1.4116059515909684e-15	-0.0021817464938873295	-1.0162677295565744e-10	5.405632579470569e-12	6.4748553740834325e-15	-1.0784535515715965e-18	-1.481162062574523e-13	0.0013272200390996901	2.5153490401663703e-17	5.423769540813595e-5
-2.4110580948069745e-9	1.5220450300163918e-10	-4.656559542937252e-13	-2.862739257841751e-6	-0.001707212470987039	-5.1717189016552145e-15	3.301395615218361e-17	6.798747942903158e-13	2.7267707931416486e-15	-0.06975116012165856	-1.0788904492020635e-12	0.8643354894870736	-0.00037015125289453776	1.6363182404612628e-16	1.560850642283798e-5	-1.7835735348038937e-9	-3.532986874445763e-9	3.2552874811225517e-9	-1.109355923869875e-5	2.0620490081390217e-15	-0.15782013709670759	-6.345401634688663e-14	2.1229271287642e-6	-0.0028760367653323238	8.769425449355901e-7	-3.006057780665782e-8	-1.552757922240744e-12	-0.01094514464386695	-1.4842349571608793e-11	4.915177462399027e-6	-0.010876069447722845	-5.592235974116114e-10	-1.675214329234509e-15	2.96925145167684e-8	-0.4262147058415564	9.893849029798646e-5	2.358025473317626e-6	6.127043317150083e-13	5.357030427501091e-9	1.3365479145961944e-5	3.3207795494875995e-8	-1.4016718848566151e-8	1.2316203849153373e-8	-9.429533885645526e-9	7.92886813042347e-8	8.625877789825154e-12	2.6490466248980515e-6	4.0972647854815164e-8	-1.1046093108127777e-8	2.8635159163899887e-6	2.1999810043138446e-8	0.0005432760508661169	-2.8830260568810107e-7	-5.861131976807321e-8	0.0005940146250783864	3.332282443035961e-9	0.0011687547057220877	-0.004303033155978108	1.4302170558977423e-12	-0.05722287803135864	4.075872972464367e-11	-0.11475818745727273	1.801691188454621e-7	-0.021801453766852937	1.874103819326404e-10	2.5307872469293446e-5	-8.745814710901602e-11	-1.331169488644722e-6	-5.190873764945819e-11	-1.7566376983709983e-6	-0.025860747172503078	0.0046919217076930005	-2.052497711721446e-13	-1.8557336521401666e-14	-0.04294849326207382	-2.0715804072146682e-11	-2.0646970244619922e-11	-0.00028402443170477687	-2.764308964023354e-16	9.050226004314269e-9	-4.589166540774247e-6	2.9477359377566867e-13	5.450757560560666e-10	3.6706514229421967e-16	0.14748429325617574	0.00351881755524369	-4.801776205327901e-6	4.375670186166117e-8	-1.0625653945720058e-9	-1.38244935535644e-16	2.227377864142538e-16	0.0014993226805145926	7.053187992423632e-11	-4.294768723598838e-12	-5.925815393936773e-15	-5.506781814679211e-18	1.522601489334363e-13	-0.001385995233332379	-1.3227266504323154e-17	-7.770506471796473e-6
-4.616327168753065e-9	4.797977350362264e-11	-1.550003050050785e-13	-4.449443685050625e-6	-0.0005727608423718814	-7.541574786537608e-15	8.673617379884035e-17	2.802047253325291e-13	1.1959697580624855e-15	-0.03245792225727387	-6.690203946391193e-13	0.44977487673774663	-0.00018150699351809907	1.0303117857115932e-16	5.2619034676161525e-6	-1.1902574481568021e-9	-2.6686635944682814e-9	2.5047426957319104e-9	1.4985287028126005e-6	2.0782012656176172e-14	0.04738202897065669	2.4246799229868388e-14	1.5087410568908738e-6	0.0013153894961460272	7.636632833052562e-7	1.6043567023721686e-8	8.789600991487845e-13	0.010358802974605466	1.685681455532162e-11	-5.946134933049489e-6	-0.04824005801323199	-2.2190638908727717e-8	4.476964690625345e-15	-5.248667741782757e-8	0.8435994969849322	-0.00017641427464583714	-2.368399878240174e-6	-1.4583872304241297e-12	-4.645264081531291e-9	-1.1204950043760446e-5	-2.715110372685842e-8	3.884651394084186e-8	-9.07311933987491e-9	6.318627314639721e-9	-4.921381170337928e-8	-1.3723909161877934e-11	-1.3525061931203309e-6	-1.9443809562370764e-8	4.082390493321685e-8	-1.270408692620463e-6	-9.7219329947551e-9	-0.00023369640909576947	1.1416626988043827e-7	2.2977528292978788e-8	-0.002625228223347752	-1.4848628354657833e-8	-0.0004268637323327173	0.0015710571452319786	-4.54807511096611e-11	0.017679996928792168	-2.569167933952343e-10	0.03208382509459317	-5.791544545751155e-7	0.005324198037559158	-3.891840328096063e-11	-0.00010339021296246198	1.605099566902921e-11	5.844122667791364e-6	7.454086467752494e-12	8.253023024031633e-6	0.12693604170625622	-0.018455105123296806	1.0530057728552755e-12	6.183204989684832e-16	0.2468098382160164	1.223470214029021e-10	1.2223647094522505e-10	0.0016931362656418258	-2.4921471136751805e-14	-3.450134665256977e-9	1.5422146803529905e-6	-9.638645541638322e-14	-5.486343213230698e-9	-1.4712593040381753e-16	-0.037850665885602056	-0.0009000738243617281	1.691949246248898e-5	-1.0589617292336436e-8	3.837779071722306e-9	-1.008056557505303e-17	-5.332624421947608e-17	-0.007557663751848767	-3.569374539859338e-10	2.2876640685953742e-11	3.315403507286874e-14	4.666035478854405e-18	-8.847855174215491e-13	0.008094562455796303	4.456070928915423e-17	1.4669677751846134e-6
-1.3831203885656361e-8	8.04376850672286e-12	-2.6751901371027683e-14	-1.1223489765677108e-5	-9.978459610180068e-5	-1.7992551892831443e-14	1.0885389811754465e-16	5.565018249512333e-14	2.31617665415781e-16	-0.006990352459929186	-4.2704728642206646e-13	0.10522162633894477	-1.586853347398942e-5	2.485035848566507e-17	-5.195872804668322e-6	-3.5087262038263037e-10	-9.150657989785337e-10	8.80287315114116e-10	1.3377376556092532e-5	2.7016157929285718e-14	0.22253444141322185	9.474577155818564e-14	-2.6024327896752464e-7	0.004475324676890088	-3.2631283821837e-9	4.840196885236563e-8	2.5313267107418547e-12	0.01877896418062827	2.4773905149544362e-11	-8.081600893727794e-6	-0.009935750023634811	-5.049330393190114e-9	1.6751635072576737e-15	-2.806056982938401e-8	0.23861412693165435	-5.0974657472683356e-5	-8.081215975934016e-7	4.3248737924272973e-13	-1.6854138578960331e-9	-4.129398582351838e-6	-1.012674452553412e-8	-2.157027222415931e-8	-3.571380164751086e-9	2.62846113450332e-9	-2.1516210540709053e-8	1.0766831870512306e-11	-6.884187006169034e-7	-1.0595223318572147e-8	-5.459210742007046e-8	-7.419229374985739e-7	-5.7166608599668045e-9	-0.0001412050334345888	7.615834587390612e-8	1.5523525810287597e-8	0.004520614556192742	2.5926665932207715e-8	-0.00031682966398856863	0.0011666530808124834	9.830870839611094e-11	0.017050530132945114	5.573162209504545e-10	0.03699982768194262	1.2963485852217457e-6	0.007965222213235541	-8.022720508624526e-11	0.0002634411109268542	4.195974950549411e-11	-1.5752208838377534e-5	3.001210740196267e-11	-2.366326992304848e-5	-0.3779973609881333	0.0540400722399783	-3.2711190527112688e-12	1.6368427202843525e-14	-0.8547139812080596	-4.329898661836751e-10	-4.333911007847746e-10	-0.00603432326960851	9.40442385424789e-14	4.782498228378543e-9	-1.7910019632506874e-6	1.0731082174699061e-13	2.319780400007721e-8	1.8765866053908764e-16	0.027399829322154307	0.0006473446885924115	-7.594713526862945e-5	6.822999054288381e-9	-1.7286987595929336e-8	8.197005837098332e-17	5.165286425093105e-17	0.036517802002664544	1.7269760413385349e-9	-1.128264404647028e-10	-1.672273430841642e-13	-2.9670793507255274e-18	4.5532046015483996e-12	-0.04177621587114283	-8.42425088021237e-17	-5.958034797875794e-7
-8.64461645442194e-8	3.5422163816234607e-12	-1.2793510592712193e-14	-6.5486887522892e-5	-4.7928813157575934e-5	-1.0287762666500583e-13	2.86988315056913e-16	3.610772111524082e-14	3.1798559164080255e-16	-0.005497904922130936	-1.6012469128412476e-12	0.09959310293099057	9.911511094140568e-5	3.0663889709806155e-17	-3.1471330469101666e-5	-5.145163199940775e-10	-1.6615903769473337e-9	1.6471357384428788e-9	5.989621520642672e-5	9.985226298232699e-14	0.9387135879053524	3.8707974542653845e-13	-2.6277873598555135e-6	0.01784452443156732	-7.773993237114099e-7	1.876624111723721e-7	9.702190006261047e-12	0.06140789225397493	7.368182453060257e-11	-2.3130850182335235e-5	0.013496449819205539	5.436202451135839e-9	3.280600956363268e-16	-3.2657886708359715e-8	-0.16521359368844046	3.401533661119041e-5	4.200217125511865e-7	2.4741272398876024e-12	8.109374270332481e-10	1.9504712720415455e-6	4.717227826617155e-9	-8.520779599943879e-8	1.5675449488329847e-9	-1.0904785683523102e-9	8.515935573543848e-9	3.151390975432433e-11	2.401729209919428e-7	3.518262632510858e-9	-1.2039564679054964e-7	2.3513109179853513e-7	1.7728132401754332e-9	4.378670580894211e-5	-2.2227790042502192e-8	-4.5015606734685526e-9	0.007675411126647301	4.323636824954402e-8	8.797370425612323e-5	-0.0003238397880389603	1.312456410912377e-10	-0.004155278206190075	6.679447134283478e-10	-0.008337115553214001	1.2480303280045651e-6	-0.0016071373513444197	1.3939022711818408e-11	0.0001752038078078888	-6.36712390751461e-12	-8.084615218683505e-6	-3.6163393942182753e-12	-7.905970117818868e-6	-0.08301978325592338	0.012131371692641028	-2.8579948737478267e-13	-7.925807142620525e-15	0.24179182156210646	1.5604207162511763e-10	1.5904069033956247e-10	0.002327750582514068	-4.0484951071358306e-14	-1.0641743528576056e-9	3.770429224267705e-7	-2.2279026256930046e-14	-2.379455080940649e-8	-2.8850893441185906e-17	-0.004755112605438668	-0.00011190944133061695	0.00011273225177681027	-1.0841409839232082e-9	2.5824768933502187e-8	-5.396282132579127e-17	-3.352422195178134e-18	-0.0641950224021236	-3.0460904076878847e-9	2.0890042647103702e-10	3.2740476996195866e-13	-3.149854632903665e-18	-9.372642419125388e-12	0.08660550137703239	9.400032835449323e-17	1.0459819088751871e-7
-2.1027434596375232e-7	5.064023196535715e-13	-1.8157920021309006e-15	-0.0001354560934011817	-7.042984924584911e-6	-2.0273273399531435e-13	-2.0925101928970236e-17	5.7982687893419635e-15	4.333579376830611e-17	-0.0009174450588147821	-1.6945889136366077e-12	0.017242099028311732	0.0001348799793701172	1.2416113343318954e-18	-2.7939122691118812e-5	-9.534439488994787e-11	-3.1577797892792286e-10	3.1403195209490894e-10	2.2442392762334062e-5	2.0097046508072997e-14	0.1903017936322335	4.3503368225492056e-14	-5.506541450422647e-7	0.0006963619272832081	-1.6625229923889405e-7	-7.638905871786353e-9	-7.128477495788044e-13	-0.029203665760051213	-4.959215330058164e-11	1.718338768386639e-5	0.0032605784637008473	1.3893254984710456e-9	-1.8921165971367594e-15	5.931748902303297e-8	-0.04888444638018203	1.0227992853809644e-5	1.4431135823320241e-7	-4.497313979556772e-12	2.9351345010572073e-10	7.154986609398941e-7	1.7484507518477403e-9	1.7853167481377122e-7	6.089931985641668e-10	-4.4492824545644196e-10	3.633454142700338e-9	-8.448111654679735e-11	1.1785550418570468e-7	1.840632927615994e-9	3.5965620082085504e-7	1.3151853339372942e-7	1.105757324246226e-9	2.532380020203745e-5	-1.4271432456769016e-8	-2.9136476465568308e-9	-0.026581818009224142	-1.511604052900628e-7	5.978926670049825e-5	-0.0002202768808077388	-5.076649274571299e-10	-0.003761114485460969	-2.730743103862565e-9	-0.009073748737622603	-5.6338105980085346e-6	-0.002300458596150599	2.8930807994976143e-11	-0.0009149919859786637	-1.8015372783139497e-11	4.687136098112214e-5	-1.6040228044064305e-11	5.53352302369481e-5	0.7190091351890222	-0.10388101805272855	4.4802206852745906e-12	1.885115785124408e-14	-0.24859910105375332	-2.9016507946399983e-10	-3.0462670580488904e-10	-0.004807759685110824	9.573590563968087e-14	4.695618033648557e-10	-1.1797625366885385e-7	6.246795901345984e-15	1.0181025048266578e-7	-6.138121197846079e-17	-0.0010261666648156958	-2.5721466972547785e-5	-0.000566462856180183	-6.408394493903873e-10	-1.3010281750037728e-7	1.79321818165076e-16	-4.438320915099985e-17	0.3458459730589775	1.6433594551140684e-8	-1.1501217955442455e-9	-1.8453016892294727e-12	2.5592000454471566e-17	5.397152863517718e-11	-0.500223247125831	-3.073713158996405e-17	-9.759262816240345e-8
-1.4506107779931315e-6	6.952800681538873e-14	-2.358888741655296e-16	-0.0008769043844995134	-9.93311840618499e-7	-1.2884476336327486e-12	-1.3543040387059557e-16	9.144312843549073e-16	3.138662057205089e-17	-0.0001495835658360469	-8.63812493756555e-12	0.002945328591500207	0.0006991153740724537	3.853027972787317e-18	-0.00012974307993593275	-1.794360525126898e-11	-6.19580734096653e-11	6.196051937194483e-11	5.939342286504553e-5	4.430397356859101e-15	0.04269740602954398	-1.6658218180516313e-13	-1.397595079851014e-7	-0.014357729261798662	-4.3121387081273374e-8	-2.2535701238890916e-7	-1.3197579639377677e-11	-0.1942138565920575	-2.9092173288447487e-10	9.742922246058598e-5	0.00027216746470490295	1.8233421551014236e-10	-7.701664225326908e-15	2.557057893900973e-7	-0.009252546427328024	1.981564480077777e-6	3.267165913031033e-8	-1.6301356965675584e-11	6.987621294724622e-11	1.7244563383474996e-7	4.2537629226717617e-10	5.985289815053918e-7	1.5439211110807296e-10	-1.1749188055579286e-10	9.943521033724983e-10	-2.3243217593671428e-10	3.5809921052047374e-8	5.845310131073528e-10	9.057026635907704e-7	4.38621664101163e-8	5.674612620076847e-10	8.655000580750579e-6	-5.360696174572352e-9	-1.0813283110719038e-9	-0.05666756823029466	-3.184767068120653e-7	1.93811212943527e-5	-7.155300673693937e-5	-9.426630587228146e-10	-0.0015583774089727362	-4.664218469785375e-9	-0.004073331482495472	-8.244626769767296e-6	-0.0011363579918837233	1.6070392958735103e-11	-0.0010888446165929766	-1.086847326630214e-11	4.8776388208104926e-5	-1.0078779158029785e-11	4.726363371549639e-5	0.5214310142714937	-0.07538511251780443	2.486104692337593e-12	1.3044285364859597e-14	-0.2801431660889465	-1.8012034919134834e-10	-1.824680545547963e-10	-0.0026142401908712254	4.326052049138246e-14	9.618108570123637e-10	-3.362601708743187e-7	1.9911220600097038e-14	-3.0806487179838764e-8	1.9006772481147483e-16	0.005605845918864697	0.00013344752997753942	0.00044308476085302756	1.715378889103555e-9	1.0297230685261217e-7	-1.4307615338643142e-16	7.138861073999651e-17	-0.3642886649318251	-1.740695569282802e-8	1.3188692716062378e-9	2.311095759210957e-12	-4.2249116761900724e-17	-7.303477093933974e-11	0.6841967982914912	-1.4083786220586703e-16	8.1979433272556e-8
-1.1142095264062707e-5	2.4310495699715084e-14	-1.2401366841863767e-16	-0.006417936426730457	-3.6948055586543834e-7	-9.304734066573062e-12	-5.111200091639789e-16	4.266853020374347e-16	-9.196473612867374e-17	-8.055018485135953e-5	-5.495870425420435e-11	0.0017939587300754545	0.004363392308385089	3.07578802782566e-17	-0.0007876722925002633	-1.4124761605476744e-11	-5.437579652548583e-11	5.516532204351407e-11	0.00032391186509166114	5.1707068848971386e-15	0.0519327259675496	-9.751569736708883e-13	-2.2390429836741434e-7	-0.07999861059018672	-6.882607179607345e-8	-1.2207167520931345e-6	-7.082902602102703e-11	-0.9542435023758207	-1.3749574163685746e-9	0.0004543744030186675	-0.001970801983029497	-5.578395947297795e-10	-3.131282710139076e-14	1.0341809992652894e-6	0.011086826266366175	-2.2311835180363526e-6	-2.4959304498235758e-8	-5.403764154893187e-11	-4.775281774982887e-11	-1.1483603500603873e-7	-2.7775930683681223e-10	1.8513155872210488e-6	-9.27568861839805e-11	6.529648019852613e-11	-5.175742124080847e-10	-5.882742530952112e-10	-1.551576797436898e-8	-2.3599772826457345e-10	2.085422477702756e-6	-1.5833057504560456e-8	3.8814166973804437e-10	-2.933302044250931e-6	1.141579106835451e-9	2.8356449623839243e-10	-0.1071097217397293	-5.931209795528858e-7	-1.4985769918219178e-5	5.4908178364607484e-5	-1.4855852225464927e-9	0.0005893587763781124	-6.50251080758224e-9	0.0014000579310170424	-8.860646149685264e-6	0.0003587171203002749	-3.9664805895241495e-12	-0.0007342570046050406	2.007488880673942e-12	2.0650440366531964e-5	2.232768163939491e-12	2.6767874726617985e-6	-0.1319308266215393	0.019068214515575884	-1.974986753322137e-12	-8.574028751660032e-15	0.06078424294064467	1.8224842728703505e-10	1.9641213482024522e-10	0.003302627321012174	-7.214609904502081e-14	-1.8279118808622335e-10	6.065445013144563e-8	-3.5170542967116213e-15	-1.0118958425255759e-7	5.262941796567952e-17	-0.0007278205974823324	-1.714238312856244e-5	0.0003604055151835057	-1.6343757259268313e-10	8.131360586379963e-8	-5.306138677760089e-17	2.1638835127639573e-17	-0.08254214036552329	-3.753797585270835e-9	7.893617703924605e-11	-2.6572841149707926e-13	-1.4168568459200284e-17	1.984571187940709e-11	-0.20091554714789156	-1.6406774078431621e-16	-1.6821612799250613e-8
-3.375941844802749e-5	3.1884514987594765e-15	3.981379085330017e-17	-0.01714140565604442	-3.9955897747157646e-8	-2.395693062332005e-11	-9.869966714586009e-17	3.391116487905486e-17	-1.3305802340401389e-17	-1.1999353944326015e-5	-9.538048129087429e-11	0.0002789570963736589	0.007017112336148809	1.100451255705732e-16	-0.0011466990039615543	-2.3243772728725955e-12	-9.188495799668485e-12	9.354465755355603e-12	0.0003181880511251463	9.251964028790228e-16	0.009622258333721585	-7.349389689660397e-13	-5.6435972714593874e-8	-0.054239532263699264	-1.0956353483275416e-8	-7.32754597172541e-7	-4.028463462335888e-11	-0.18547946473070298	-2.647744523631701e-11	-1.8290750096509878e-5	-0.0004161822406080909	-1.2342432205112865e-10	1.948323040656727e-14	-6.584575410271531e-7	0.0028141067120362267	-5.754066833933167e-7	-7.3939375288103614e-9	7.439405742912936e-11	-1.5020286115038374e-11	-3.6636693490358865e-8	-8.971990138045975e-11	-2.9579196383321127e-6	-3.1751902469897e-11	2.381119624914632e-11	-2.012962153096769e-10	1.274512941365491e-9	-7.757822444148269e-9	-1.3125844942879885e-10	-5.006029322292965e-6	-1.174708954271292e-8	-1.3566445709878305e-9	-2.5571581176413804e-6	2.83032645390579e-9	4.479695835742266e-10	0.30372776502943755	1.6997542242602748e-6	1.5897258269077227e-5	-5.773916190499507e-5	4.732901282694657e-9	8.04571462206533e-6	2.213152638236293e-8	0.00017844342639774185	3.400947705718693e-5	7.559829828354086e-5	-3.725163066934553e-12	0.003402602576532965	4.458593229207572e-12	-0.00011654122507639281	2.7198289646738976e-12	-5.64675534152001e-5	-0.05440444759444304	0.00786889208909021	4.739302436010829e-12	2.0084584465025334e-14	0.03728526121395441	-5.610294702765306e-10	-6.174743836899477e-10	-0.010893801912576145	2.5409842382051375e-13	-1.634380566490449e-10	6.359628812781982e-8	-3.937501621857078e-15	5.049789269474456e-7	-3.6860797361996186e-16	-0.001982231800051881	-4.795782720155722e-5	-0.0022922840832914487	-8.761766351596506e-10	-5.208951721000221e-7	3.7899483156133893e-16	-1.4983650363799213e-16	0.8090770940874952	3.765593922788746e-8	-1.7512842911959758e-9	-8.282957653094059e-13	9.964165685072751e-17	-3.9620341729662556e-11	0.4591322754575459	-1.0725660573725985e-16	1.9984421887284407e-8
-0.0002622921912217996	6.978739246274857e-16	8.013757819699355e-17	-0.12637479544482824	6.038383151255029e-8	-1.7402762737817046e-10	4.6746477809543954e-17	-9.883439349399612e-17	1.8435308302956446e-16	-2.7900865290505564e-6	-5.966883653840682e-10	8.529374655305544e-5	0.0427060426156434	5.110095090010801e-16	-0.006734593083931928	-6.916548944069253e-13	-3.032020305963988e-12	3.1326755180168518e-12	0.001618657330487716	4.188389034567543e-16	0.005289464771084586	-3.333737438762558e-12	-1.0430773043738141e-7	-0.2344218031762916	6.0996134414087525e-9	-2.973777296702562e-6	-1.5857151463961688e-10	-0.035717099809574084	1.2380620927326252e-9	-0.0005479055445845593	-0.00011530320080976022	-3.8769211197802074e-11	1.2045572640215437e-13	-4.030140141210621e-6	0.0011789560150825783	-2.483453302330348e-7	-4.074088368021756e-9	3.4152463115991486e-10	-9.183914218435586e-12	-2.279968363076358e-8	-5.6981758074065584e-11	-1.2691990060592975e-5	-2.209843025121433e-11	1.8154112015422555e-11	-1.6827227948882252e-10	4.625913087508886e-9	-8.777327541524374e-9	-1.6023646232817036e-10	-1.696945267352229e-5	-1.8363306357241786e-8	-4.330781479091854e-9	-4.381637366689859e-6	6.5649864537876395e-9	9.285700046103439e-10	0.9067633748596649	5.0304595183604806e-6	5.608464332808678e-5	-0.0002041470538508103	1.2788043921377074e-8	-0.0005707822986017055	5.6368498299597114e-8	-0.0010150737184558814	7.79550234504961e-5	-0.00020885760063648365	-2.839346027835646e-12	0.00681896248167085	5.7793127769313245e-12	-0.0002138624686513907	2.2373798833839705e-12	-8.743378447591266e-5	0.05579339387511267	-0.008062523972953654	8.04534443881465e-12	3.021238172880034e-14	-0.025587069311140038	-6.718642915235981e-10	-7.31534845882769e-10	-0.01255490900187341	2.7995193914866117e-13	8.934875012108793e-11	-3.241508926716671e-8	1.78569645513695e-15	2.2916394741209767e-7	-2.563731266396467e-16	0.0008057480217480388	1.9426679644184668e-5	7.8519508346632e-5	3.34546187895404e-10	2.2988695350112387e-8	-1.9781999637184857e-17	-6.731764841543256e-17	-0.2809086944697522	-1.3374396479193251e-8	8.643538385033622e-10	7.96084769286165e-13	2.9752606995114884e-17	9.36006827600977e-12	-0.14397978002957698	2.021761765977608e-17	-5.602372595734703e-9
-0.0014137470953740905	1.567679811489641e-15	-1.1094282208065967e-16	-0.6357211097026442	3.5124242987837574e-7	-8.586702078539066e-10	3.2386643551447075e-16	2.6157222996121307e-17	-5.79378675379169e-17	-1.782007917283149e-7	-2.4412993293587704e-9	7.551441401438473e-5	0.1692302988748628	1.437034628025226e-15	-0.02565100931317227	-2.9802102414797207e-13	-1.9304497938406476e-12	2.084245814526654e-12	0.005386415115799903	6.614381515833972e-16	0.008182289984883843	-1.0207930149505648e-11	-2.809824261027733e-7	-0.6996772982141712	3.013539725526541e-8	-8.615210814647e-6	-4.534554097704725e-10	0.08702568114195122	3.2323517671056096e-9	-0.0013694220049742523	0.00013580369969421057	3.6077736869797945e-11	2.2024167997079814e-13	-7.277487384459158e-6	-0.0007180878720665427	1.461767062263857e-7	1.910901027660957e-9	3.639736328899922e-10	3.9092896340732686e-12	9.825281697298801e-9	2.4184026540183266e-11	-1.0802087545101237e-5	8.845581754553666e-12	-7.040551544068455e-12	6.224712114944031e-11	1.441679397986683e-9	2.9248908474646626e-9	6.10898991801021e-11	-1.652848279285943e-6	5.682920776945722e-9	-5.238862794097743e-11	1.3313652022971822e-6	-1.8978559323963834e-9	-3.318720346819938e-10	-0.2565938424110814	-1.5500496762521632e-6	-1.564691569678771e-5	5.694480803607159e-5	-7.197867720257212e-9	0.00014717901099711887	-4.060075730304147e-8	0.00025129702784970495	-7.682203798665618e-5	4.9403716108728097e-5	5.865744256053268e-12	-0.008807083990481471	-9.280343729679273e-12	0.00031392158351543215	-4.816801155032101e-12	0.00015088127516913602	-0.011506866279289603	0.001662495950143522	-1.5195360244128005e-11	-6.502848457737471e-14	0.0045961649115139796	1.7086466499484365e-9	1.871460510757643e-9	0.03263263707605458	-7.478705522562232e-13	-1.6071413470806128e-11	5.667494264911425e-9	-2.9581704833086803e-16	-1.0383332164493053e-6	7.079689158660128e-17	-0.00012893269731365666	-3.1041959649355916e-6	0.0020746047427195385	-5.2559173880604135e-11	4.5696237838815934e-7	-2.2674145038723678e-17	2.4455909093526594e-17	0.042085663897646626	2.9444126026234585e-9	-9.45019479337006e-10	-1.735788691058747e-12	-1.2029951815939196e-17	8.564204900807226e-12	0.020609274068884294	4.120127074122527e-17	7.605479625528649e-10
-0.002169170503275808	1.467902969937727e-15	-8.564946585177453e-17	-0.7428297158055225	4.1601405331940576e-7	-9.190218794308258e-10	1.1009320658105119e-16	-2.1109702753891222e-17	1.5405060383222406e-17	2.6892656466080125e-6	-5.078919368406432e-10	-5.832886313130934e-5	0.012832235981958755	-2.9573425780083625e-17	0.0021095916477992804	6.928631378231774e-13	3.2865637691327625e-12	-3.440086752757513e-12	-0.0030973760127913294	-7.303446451088667e-16	-0.008830503586685582	8.599102085216315e-12	2.627740613496614e-7	0.6421508971423284	-2.5823336759989013e-8	8.619696871173255e-6	4.692478802444458e-10	-0.05499147475012965	-5.147201651012345e-9	0.0022816612578753226	-7.0360180933174e-5	-1.7000551439070336e-11	-5.21662479003909e-13	1.7345465766186244e-5	0.00027226243199584573	-5.430608432116989e-8	-6.133076644564142e-10	-1.2570081209370334e-9	-9.371325845658223e-13	-2.97058522926176e-9	-7.073986557867635e-12	4.201597909996024e-5	-2.335621634041682e-12	2.087401510347776e-12	-1.6755702829412465e-11	-9.256068171759166e-9	-7.232823879054541e-10	-4.508045060437264e-11	2.2599722599901673e-5	-1.3483329216715647e-9	4.512751052536271e-9	-3.0350540503318305e-7	3.7503888555273064e-10	2.9065507471201664e-10	0.05464960833341839	8.117532656649884e-7	3.2851483747126677e-6	-1.195378179371436e-5	1.5942705123794224e-8	-2.834801447367206e-5	1.1116890290258216e-7	-4.594435550121688e-5	0.0002560675069083751	-8.3859483612471e-6	-2.386520454132306e-11	0.03361766178247773	3.7218116745458606e-11	-0.0012683935109453204	2.0575441687336676e-11	-0.0006486615619364644	0.0015125787038468288	-0.00021835590040150264	6.942814107954744e-11	3.1520364326197474e-13	0.0006040250903096091	-8.737509153212194e-9	-9.585813815404711e-9	-0.16791366320931347	3.879385897347285e-12	3.992354268967372e-12	-1.224800641750326e-9	8.0921613066032e-17	6.131873157726175e-6	6.497665111343648e-17	2.1863004196375127e-5	5.24784558410456e-7	-0.01371096435077298	1.1025864471107211e-11	-3.029738060832815e-6	8.484202132813297e-17	-6.1350022997755155e-18	-0.006487649354062506	-6.749149734745774e-9	5.673529618333006e-9	1.1389048992088702e-11	2.265383816565048e-18	-7.030975801569639e-11	-0.00298113583606326	-1.322376719945981e-16	-1.030287795538044e-10
-0.0015856952685706638	2.540834262884896e-16	-1.995151220776848e-17	-0.12951409337472264	7.276374037521156e-8	-1.3919282393359822e-12	-7.7352425171802e-17	-1.0581173761729994e-17	-2.2375951080789257e-18	7.931289859402126e-7	2.382717100013476e-9	-7.667933647355695e-5	-0.16934488204984766	-1.4668997775564926e-15	0.025320212432112504	6.085643903237222e-14	3.893325319655517e-13	-4.1723555669126557e-13	-0.003491941010576899	-1.1209977858101872e-16	-0.001383864979402405	2.873273420904581e-12	4.4201091099049074e-8	0.10899495587041745	-4.528602454303838e-9	6.05569436401554e-8	-2.622945332797017e-11	-0.011168758790377991	4.727740290509826e-9	-0.0022884465818191757	-1.5891924198449078e-5	-4.066828670758033e-12	9.05100409403779e-13	-3.0306159701509305e-5	7.607692643290872e-5	-1.5431551624247398e-8	-1.9971875740232598e-10	3.2214643432221593e-9	-1.1671600447301758e-12	-1.0324566459686126e-9	-3.062612217843516e-12	-0.00011742103474108798	-1.606513778823587e-12	3.356480286187857e-13	-6.792688328683406e-12	3.1405796252015686e-8	-3.317036379993583e-10	1.0561761544148834e-10	-8.294956443863355e-5	-5.515885344952382e-10	-1.714374830709105e-8	-1.6099903581730087e-7	3.999947389259287e-10	-8.339142483340179e-10	0.033408179305999965	-1.7831388820013783e-6	2.0744707989349287e-6	-7.551444026410829e-6	-6.181291897105513e-8	-2.222464356293833e-5	-4.556095290013905e-7	-4.182392968205685e-5	-0.0011228836788024221	-9.70109034232977e-6	1.1082858666816059e-10	-0.1568770867243352	-1.7570462188153235e-10	0.006102691684725492	-9.956674714170231e-11	0.003232375562138734	0.0034640836721014853	-0.0005012566762104016	-3.621891432586667e-10	-1.716668686313238e-12	-0.00808304429211822	4.935359754158612e-8	5.420655065579375e-8	0.9525873733053012	-2.213497291650382e-11	-8.46163350807071e-12	2.0153069165141183e-9	-2.3599940087114383e-16	-3.8593870754999315e-5	-5.489338787699112e-16	-1.877483576686795e-5	-4.4563971798246054e-7	0.09264369318284452	-2.365187337589569e-11	2.0499653744704416e-5	-5.475764130799977e-16	-2.6965867280026212e-19	0.0044045254397376	4.545776721709416e-8	-4.0218502105060505e-8	-8.205285582929545e-11	5.7256310354834705e-18	5.155160742731368e-10	0.0016536269722088898	6.384161703536342e-16	4.707496282054262e-11
-0.008751788445965358	1.6824383864705037e-16	-1.2395511309817177e-17	-0.10348998324074057	5.866929660669759e-8	9.100574772935577e-10	-8.071887291736949e-16	-3.3183970972259055e-18	1.6917434195027355e-17	1.8578015344532315e-6	1.3898187128935646e-8	-0.00036527734240362163	-0.9434643985636936	-7.908147181476833e-15	0.1332929696103492	-3.7870609746590334e-13	-1.326079590297907e-12	1.3456215576915369e-12	-0.013987906899947666	1.986392821229262e-16	0.002278547647669458	4.765875470622862e-12	-5.9301835462422054e-8	-0.14245654603161087	5.3866629117557145e-9	-8.34646638740548e-6	-5.868125027001412e-10	0.008920532772097875	2.3859243509496628e-8	-0.011209471546367089	9.968365372206989e-6	2.2726162612875187e-12	3.551383057591242e-12	-0.00011849660899109458	-3.2897451822015566e-5	6.516825234301119e-9	7.120586885920323e-11	9.800510449109408e-9	-2.072199010527381e-12	3.4355102356492413e-10	-6.395857450184393e-13	-0.0003300078967665779	-1.5280223830690499e-12	-1.3180285617437055e-12	1.8469123858447813e-12	7.06752320661744e-8	8.670669019616748e-11	2.358700102798114e-10	-0.00016866546247246497	4.11334387091367e-10	-3.355164684042198e-8	3.8138545303989456e-8	2.2916570085606226e-10	-1.5361235498350967e-9	-0.007194130839548906	-3.305034406656665e-6	-4.369869360475807e-7	1.5902894534819785e-6	-8.861855775073183e-8	3.97772424628399e-6	-5.853867936444178e-7	6.415072357429345e-6	-0.0011760447078139249	9.161973151145208e-7	9.199017058543144e-11	-0.12396755184107038	-1.310653875628794e-10	0.003987528083741948	-6.350890475708291e-11	0.0015817297479204379	-0.0008642816108225511	0.00012496663277168825	-9.434688379688883e-11	-6.062310716000952e-14	0.0015648622430207368	-8.023646069860928e-9	-9.15287723720216e-9	-0.17788164413211113	4.845229997502419e-12	1.4281049799210301e-12	-3.2352242012320577e-10	9.629556024766329e-17	3.0875687941328556e-5	5.000244713736922e-16	1.6362466895310216e-6	3.670093497219386e-8	-0.11634242402011534	2.2266838063789928e-11	-2.5927235778516744e-5	7.247515698465669e-16	-7.610500420875484e-18	-0.0008306418421411219	-6.90372617406787e-8	6.474706079617754e-8	1.406141054288712e-10	-1.1413191048539065e-18	-9.346695084566647e-10	-0.0002657805448260395	-5.413767407239518e-17	-6.862668122026534e-12
-0.013788539176233322	2.6733243410731435e-17	-2.890588099072523e-18	-0.015796045190658706	8.971237981298887e-9	1.193368313889831e-9	-8.580203410087279e-16	-9.262044593847834e-20	8.216986798384856e-18	3.2637571387303585e-7	4.41740483081432e-9	-6.720628116442859e-5	-0.17502614408774697	-6.578745025923308e-16	0.003621705258368302	-7.27983034431615e-14	-2.633932904451489e-13	2.683523678127383e-13	0.006816896762698081	3.915679299426456e-17	0.0004816890416414981	-5.156278777458057e-12	-1.2940298775883299e-8	-0.03122600191969329	1.2013779233794589e-9	5.101881993506419e-6	4.066632431206442e-10	0.0021992134532097104	-3.270395935322818e-8	0.0160673979880685	2.6308085870271247e-6	6.374554386542352e-13	-7.2377184177944065e-12	0.00024275096498967141	-1.0804335173779146e-5	2.1787811658213018e-9	2.76745806507485e-11	-2.7511265040078048e-8	6.455706042550984e-12	1.4402420071765027e-10	4.733097015396484e-12	0.001001127463144083	5.771251717361221e-12	3.4050552337501642e-12	1.3708025127498247e-12	-2.557865282587859e-7	5.3256570933161994e-11	-8.896638178124266e-10	0.000651281216161953	-8.600083130950864e-10	1.3244834319222092e-7	2.819199097478649e-8	-1.229562272266e-9	6.420728780539452e-9	-0.006717934479849166	1.411826590036469e-5	-4.3248389102502236e-7	1.5749899356749101e-6	4.1227615287062636e-7	6.178766729888633e-6	2.849627693543924e-6	1.497465816911104e-5	0.00619302264711552	5.7060241874779585e-6	-5.262368779006319e-10	0.7214934534984778	7.781280475532939e-10	-0.024783919271265054	3.980125322483123e-10	-0.010890817150579157	0.000808344936833376	-0.00011659925645399434	8.397426047679884e-10	2.0366785229095996e-12	-0.0003653387926343844	-5.463522166529022e-9	-4.083856709562444e-9	0.02460257705409091	-4.633144438835361e-12	2.199400413799665e-13	-1.0692611447178512e-10	-3.3271512658865513e-16	-0.00014941976800618081	-2.556321528376122e-15	8.332124474016397e-6	2.1110491065745914e-7	0.6675702083837111	-1.219307302894695e-10	0.00014914320113476598	-4.249484740366557e-15	5.4101223132472394e-17	0.0012372077487430517	4.2383409259993954e-7	-4.053337104986676e-7	-8.99850950697445e-10	-1.2834069579954356e-19	6.101889049592302e-9	0.0002318174233708552	-3.989371789194963e-16	4.153964271462537e-12
-0.08826033772801352	6.556775034746797e-18	-2.077622471674812e-18	-0.0020767180915213334	1.1882243967297264e-9	6.952798600745602e-9	-4.0789645021990794e-15	-4.0818993258574166e-19	4.98077144379251e-17	6.181231914801937e-8	1.158269630208153e-8	-1.597843941522607e-5	-0.04438629789042393	4.261904531613374e-15	-0.11338756634881036	-7.901875539995708e-15	-3.935859788223272e-14	4.132020340142504e-14	0.04835398894379295	-7.467317974836077e-18	7.357250915086235e-5	-2.9515960080103666e-11	-2.1887030795831855e-9	-0.005339165843304993	2.1335937697571108e-10	3.212375229361131e-5	2.469950198098162e-9	0.00047784258178147263	-1.5815669231688482e-7	0.07627901149900809	4.1988493762981456e-7	1.306001931636766e-13	-2.8853533435336264e-11	0.0009647693314532441	-2.7016226024248494e-6	5.541634698184436e-10	8.02256473194635e-12	-8.684825768065513e-8	1.9676063382372832e-11	4.4303751563751775e-11	1.3263563203020169e-11	0.002934117463717134	1.626466115074325e-11	9.629495384864207e-12	1.365373769915702e-12	-6.089004264740114e-7	2.3408902711040563e-11	-1.9751187895201586e-9	0.001412242475175296	-1.9999940884373033e-9	2.775719656351709e-7	1.2516393920625753e-8	-2.269089131150092e-9	1.2079310308127688e-8	-0.0033463642935562666	2.5142992234432338e-5	-2.2103366382416286e-7	8.051426850956834e-7	6.345844848205224e-7	3.7153166309977695e-6	3.974666406005153e-6	9.962248033447204e-6	0.0071698518227245045	4.324925021828474e-6	-4.936252432295892e-10	0.6466617086324693	6.622569310008264e-10	-0.018711571813949987	2.9425124750567437e-10	-0.006343160183734098	0.0011356282342882742	-0.00016400916828689273	2.7685136920939156e-10	6.112092570539541e-14	-0.0015210975609884845	9.067616097162192e-9	9.95803793826691e-9	0.17260505837631412	-3.7072213149659215e-12	-1.5363284884899883e-12	3.897896627898419e-10	1.2400494093144154e-16	9.020869238156315e-5	1.9210336125559106e-15	-1.082742978234172e-5	-2.713272344986687e-7	-0.7216373295755435	1.3125361159221382e-10	-0.00016259359779857707	4.96737677154524e-15	-6.56203429552966e-17	-0.0010412603918844704	-5.74618118184822e-7	5.847664040908862e-7	1.3927054704800101e-9	1.0192581879639195e-19	-1.0054406363035895e-8	-0.00015496308999241439	5.724057810433633e-16	-2.2173747235283077e-12
-0.6234878525083659	-1.5193413646815263e-18	4.452500005133284e-19	0.0015335218629811598	-8.237406753337257e-10	4.590142346772019e-8	-2.6455565780037028e-14	-1.7343628782095212e-19	3.0946438156499838e-16	4.8597384889736244e-8	6.453440457715454e-8	-2.6389472560736298e-5	-0.08368946988753861	2.5093365230151384e-14	-0.6477594871607364	2.936699000970023e-14	5.2088719683664573e-14	-4.7163912003579403e-14	0.2458819172648134	-7.846412448135171e-17	-0.00010883999426910823	-1.4197161555419812e-10	2.1356062913430767e-9	0.004969016920342316	-1.6742944988108195e-10	0.00015054419338431536	1.1487170942554186e-8	-6.888334693012003e-5	-6.459728906373194e-7	0.3069357799310476	-8.952561298896587e-7	-1.209662681594296e-13	-9.89600512342439e-11	0.00329880692062089	1.403777006479505e-6	-2.779470583505769e-10	-3.225264855087372e-12	-2.3175667575851262e-7	5.0832690782502606e-11	-1.6531636994076348e-11	3.3093012745836905e-11	0.00717298907673064	3.876402888676114e-11	2.187839922045588e-11	2.0809577998067738e-12	-1.13792924296264e-6	-5.314723103855859e-13	-3.336418118236752e-9	0.002306153381018139	-3.203919586981131e-9	4.302150539061821e-7	-3.390833654182319e-9	-2.9541249148266463e-9	1.5645315796879342e-8	0.0008493571459818768	2.9416740442479022e-5	5.535610565046508e-8	-2.0171594704917037e-7	5.45300081373286e-7	-8.666583794900746e-7	2.6119032933307786e-6	-2.239137938478604e-6	0.0020705280457289366	-9.346221528195237e-7	5.831462540674436e-11	-0.13356771317109226	-2.0371140871418764e-10	0.010211239545404984	-1.730735010989269e-10	0.006945968470547181	-0.00021737443634910731	3.138782314163765e-5	-7.284364535386813e-10	-2.0253791952929933e-12	0.00026659364155700725	5.405752011007712e-9	3.959899698042176e-9	-0.029739959596555676	4.858962346257111e-12	2.5225108781823036e-13	-6.264756352257402e-11	2.759779038156963e-16	9.298026887860633e-5	1.0989385912821135e-15	1.6117101965145824e-6	4.033710089964002e-8	0.1049853185373015	-1.9084230405881583e-11	2.6346763909557147e-5	-1.4937525916969816e-15	2.6147878578744242e-17	0.0001458947830980216	3.4267216610095463e-7	-4.2369401145880836e-7	-1.216030943475277e-9	1.0715657547240834e-19	1.0148253348774006e-8	2.0814159284815726e-5	-1.7233919287654432e-17	2.834519388366425e-13
-0.7031824006529852	-5.527745496189222e-18	3.2510244590759057e-19	0.003482623082565929	-1.9343939608845185e-9	3.079949945083982e-8	-1.1171318051842999e-14	1.906901766069141e-19	4.336288507074056e-17	-5.6210024563961054e-8	-1.1455907575970599e-8	1.8443450476196228e-5	0.054622342878635835	-9.736185161922438e-15	0.28840351872299064	-5.481581059897653e-15	9.027559183875205e-15	-1.3117677172641578e-14	-0.2266230281221943	7.450892877813719e-17	2.256152145291423e-5	1.6670973170084254e-10	2.2207650241649404e-11	0.0002050272015258108	-2.8350673103253898e-11	-0.00019860073802294154	-1.5515037452298142e-8	-0.00037501275706816866	1.2303873260520096e-6	-0.603146782051784	1.2073654797372559e-6	1.1088620275067879e-13	2.535379578115228e-10	-0.008486547936823019	-7.677277015416978e-7	1.4652452053050986e-10	1.3418897185434976e-12	7.741780070299787e-7	-1.7417992429116542e-10	6.503663885749029e-12	-1.1582393409737242e-10	-0.025637710522531665	-1.4080865609054205e-10	-8.238417903976541e-11	-8.488422124218554e-12	4.776146345840007e-6	-2.1443154683529226e-11	1.4691466838314866e-8	-0.010306836335788216	1.4556369287225223e-8	-1.965712909769208e-6	9.436661625405944e-10	1.4402457134441429e-8	-7.660486755372853e-8	-0.00021865896802204544	-0.00014926811179671005	-1.3943936489780166e-8	5.1223962435784367e-8	-3.056837643038217e-6	2.0306315766819254e-7	-1.5929221045445934e-5	5.004793421825353e-7	-0.01710527134507213	2.0593941538453729e-7	2.0187095014132312e-10	0.026768852313160382	3.733455913186245e-10	-0.03410331898104396	6.034102833302127e-10	-0.030672815474448917	4.485538804588525e-5	-6.473290581893615e-6	3.765238077771042e-9	1.1617379312657082e-11	-4.810455517501834e-5	-4.1271885927354865e-8	-3.3572839550809674e-8	0.005263711478757069	-2.550461940015206e-11	-4.235651342094064e-14	1.0282425790232687e-11	-1.8962719988886646e-15	-0.0007017112484691279	-9.296499899390492e-15	-2.4410020308648314e-7	-6.101186400909689e-9	-0.015527175406368329	2.820874214813158e-12	-2.2633464216548216e-5	5.648670741168249e-15	-1.2189938168177491e-16	-2.0756368730921917e-5	-1.9217407782150253e-6	2.5373264552763786e-6	7.691407303157122e-9	-8.729998755625215e-19	-6.674004529583222e-8	-2.835425841134446e-6	-5.461983897494132e-16	-3.670658770643359e-14
-0.3235541039966627	-5.624339230048874e-18	3.06242120916278e-19	0.0019288896132944715	-1.0782430283902501e-9	-1.8185592587371957e-8	1.9095855955296733e-14	2.435904743830858e-19	-2.9233763034994024e-16	-5.9428739573385264e-8	-6.54437669750374e-8	2.609448294051611e-5	0.0812371873793876	-2.3723162650618393e-14	0.5921633568857636	-2.729329318145463e-14	-5.664637882624529e-14	5.399220106909594e-14	-0.09911986892712162	2.0758893746063947e-17	9.065889250886346e-5	-6.2219832072283565e-12	-2.156415953558292e-9	-0.005164985129276063	1.9656204572618517e-10	5.3700787109922654e-5	4.930960774079078e-9	0.0005996750880707726	-1.3010594328685047e-6	0.6816978736353028	-1.2058279821450879e-6	-9.181319056115513e-14	-4.570591385781123e-10	0.015394822910652153	4.3418242150212646e-7	-8.008939849775038e-11	-5.669876193124233e-13	-2.0043203398453798e-6	4.6509591464180296e-10	-2.952883673694144e-12	3.168968353278652e-10	0.07198950105157352	4.027359828791871e-10	2.457051643981067e-10	2.6317497452531063e-11	-1.5983200715197917e-5	7.818292295882811e-11	-5.1520969976665975e-8	0.03664834328942185	-5.271658988040628e-8	7.1309627582121155e-6	-2.8203623720831304e-10	-5.508559406785899e-8	2.9436375387071197e-7	5.149699404681299e-5	0.0005888705296558678	2.754156193208626e-9	-1.1785228731001481e-8	1.279669812884044e-5	-3.572100643640123e-8	6.906221417233389e-5	-6.06868052111474e-8	0.07868484181760604	-4.7788924058238803e-8	-1.0526687693354705e-9	0.0006750370831202484	-1.6653537041568686e-9	0.16353891271759335	-2.909856311054338e-9	0.15413895838265138	-2.2746837073448685e-5	3.2706237859377263e-6	-1.9873362316821184e-8	-6.406200816548333e-11	1.2831538750696114e-5	2.3727266111331022e-7	1.9365219026520257e-7	-0.0013337613252754116	1.4649911645028517e-10	9.553368156728223e-15	-2.220777010676484e-12	1.1752264627087593e-14	0.004467635526914843	6.056913329800218e-14	4.6222081887254e-8	1.1530016211066676e-9	0.002838205862727049	-5.151821776186544e-13	0.00013102232819434123	-3.8211080884048627e-14	8.376457490934684e-16	3.5908980160053234e-6	1.3508394678410363e-5	-1.807678988180461e-5	-5.564564115436224e-8	6.352497213568292e-18	4.897242224521925e-7	4.625689906588133e-7	4.310789041350157e-15	5.607552312508545e-15
-0.05842095076781615	-1.1606612409883517e-18	5.701427118009525e-20	0.0003776045709985267	-2.116527290958538e-10	-6.547855369021249e-8	4.296105006058679e-14	4.6662019057998267e-20	-4.501399834015215e-16	-1.5090631680043265e-8	-5.964561191999784e-8	7.418233890190887e-6	0.023542265294891153	-1.0816486415740842e-14	0.1937956231954949	-1.1677414214186205e-14	-3.747541442075965e-14	3.9386328899524366e-14	0.19099254761418655	-6.965053726798828e-17	-4.318472813870887e-6	-1.6744480318001343e-10	-1.7320773515131952e-10	-0.00046977012825568217	2.4319679362988697e-11	0.00019745437957904843	1.5262893897698704e-8	0.00013015127274023275	-4.817812891586514e-7	0.1722774383776186	-3.2331364231238795e-7	-2.716847325855253e-14	2.8851969434530323e-10	-0.009920483079891088	1.6553741551841448e-7	-3.147986643824866e-11	-3.105501373470948e-13	2.9964520825775126e-6	-7.350691613380703e-10	-6.308008777769958e-13	-5.226177854789361e-10	-0.12414821119888075	-7.16369705624192e-10	-4.682224349958501e-10	-5.3054488256299424e-11	3.642284643726627e-5	-1.8294240748718213e-10	1.2580053667211647e-7	-0.09129734356411207	1.3487298992714663e-7	-1.8282364892036697e-5	-1.2997596031447007e-10	1.521089273627087e-7	-8.18197870997949e-7	5.835748047696432e-5	-0.0016968720416777536	5.239842608761195e-9	-1.3971782544673523e-8	-3.990894481519078e-5	-8.029851823608827e-8	-0.00022526807365203612	-2.827246958019626e-7	-0.2751308604794043	-2.609459867690079e-8	3.9231370944618145e-9	-0.02944022979588572	6.286715510328138e-9	-0.6344018242977159	1.1333122587791812e-8	-0.6235921056856263	5.40059720156159e-5	-7.744099508777428e-6	8.495951534069214e-8	2.882948559949786e-10	-1.3507775840473038e-5	-1.1149389061164522e-6	-9.112556706786712e-7	0.001266801634018389	-6.963643523810803e-10	-7.071648053709221e-15	1.4912196814440904e-12	-6.081358839663069e-14	-0.02383545500784623	-3.3148850804355615e-13	-2.3291871312038093e-8	-5.784525038820509e-10	-0.0013235610552097302	2.3978155339730434e-13	-0.0007564077319822948	2.2445684048236883e-13	-4.9697669500033346e-15	-1.4886909227529559e-6	-8.1836920417383e-5	0.00011106186429310494	3.47651073816322e-7	-3.987534216221668e-17	-3.108029625921438e-6	-1.6980104596701183e-7	-2.887201166579967e-14	-1.8055880953562872e-15
-0.02458556250125598	9.503482451881804e-19	-8.737089265934637e-21	0.0001881731111763657	-1.0608287300159574e-10	-3.4274810176149195e-7	2.0730535512252475e-13	3.52753323515843e-20	-1.956641813539091e-15	-1.3082621303149492e-8	-2.143981071853554e-7	8.002460251928468e-6	0.02629136634202695	-2.4644345180488172e-14	0.26433415960902423	-2.2148641708381566e-14	-9.728357075293834e-14	1.0716945038761398e-13	0.8563593603276638	-2.881185050059211e-16	-0.0001070972374927168	-6.172473154943958e-10	1.5198230705671308e-9	0.003447248100902567	-1.0938126592969033e-10	0.0006539645765937796	4.9315745015466336e-8	-0.0001835857414959569	-1.5869396948348926e-7	-0.16947612795522118	2.7722543673093206e-7	1.863589315985161e-14	1.1550813146480283e-9	-0.039299487356992	-6.696439716931851e-8	1.1814674299865678e-11	1.2248823854380084e-14	7.170322211490381e-6	-1.6781949834881572e-9	1.9332357009739824e-12	-1.1481849007376738e-9	-0.26126925798152795	-1.460744507958685e-9	-8.845322656252709e-10	-9.35275568123754e-11	5.341304064697229e-5	-2.5949600316532304e-10	1.620242923137929e-7	-0.11268827778150867	1.5666473705423092e-7	-2.1132174856249705e-5	1.884229695655461e-10	1.436913649389719e-7	-7.570587676067379e-7	-2.2758337515385735e-5	-0.0013868043242250298	-4.2272969148319565e-10	5.5765944767778645e-9	-2.2683057460840935e-5	2.218849069405065e-8	-9.447848844554497e-5	5.584668057267121e-8	-0.0487733754267366	5.1912526019363727e-8	-1.7656162164419873e-10	0.009690517413001053	-8.109606997851395e-10	0.14253004514891432	-2.720587675649947e-9	0.24455633431939167	-1.726444701903156e-5	2.473219106581369e-6	-5.3125182484334014e-8	-2.4623032832697955e-10	3.328374656104288e-6	1.1760569460278665e-6	9.670200991496796e-7	-0.00030170794116654023	7.742144775971181e-10	1.5392760205342972e-15	-3.087752017124123e-13	9.349707815729658e-14	0.04050780294439077	6.09398536532978e-13	4.546080054340734e-9	1.1263503134397072e-10	0.00024809742603122757	-4.485847896136582e-14	0.001639406819168951	-5.042262478284053e-13	1.145374600486674e-14	2.6414912835097727e-7	0.00019887468892382243	-0.00027945417878111334	-9.110047916533262e-7	1.0571613947613678e-16	8.453567595420597e-6	2.8415484292428846e-8	8.862048572521327e-14	2.8302835766305413e-16
-0.0050994691558601864	4.405512736715616e-19	-7.877418882895315e-21	4.2218951158222776e-5	-2.3861677623317496e-11	-6.668823824551584e-7	3.497701529633896e-13	5.623006769800133e-21	-2.7208674330756646e-15	-3.611595585767668e-9	-2.2255209267997567e-7	2.3516398496482056e-6	0.007795934219714764	-1.6197011191093475e-14	0.08219065452063162	-7.336628187028577e-15	-3.373427062179057e-14	3.7379868552760465e-14	0.31361612327838767	-6.37976208437747e-17	-4.184123825132639e-5	-4.730858525697081e-11	6.288564244200934e-10	0.0014385757198583605	-4.7210186585890265e-11	-6.114658607359047e-5	-6.452864653850958e-9	-9.737324056026658e-5	5.366262034750156e-7	-0.10410175190095516	1.8376692990876173e-7	1.445792213931233e-14	-1.3929947817539759e-9	0.047879212218154776	-8.804808256450003e-8	1.7223420022719585e-11	2.910843295681792e-13	-1.4838031892860151e-5	3.630276031757444e-9	-2.7699090350501864e-12	2.5719983778962477e-9	0.6077271142630631	3.489750455618617e-9	2.247144124000442e-9	2.5027592419600405e-10	-0.00016182936554138194	8.016890518557303e-10	-5.303929501554625e-7	0.3778217593683042	-5.429531801592443e-7	7.343055916289633e-5	-3.703389120749258e-10	-5.534382443321408e-7	2.9455372429485805e-6	7.255985394997447e-6	0.005725916618400278	-4.001004273738824e-9	-2.3740027806458186e-9	0.00011085673366468353	9.14040496813297e-9	0.0005335215105454058	9.516970311007648e-8	0.44506841404206493	-1.5734016745800636e-7	-3.271829688445979e-9	-0.00668213054795188	-3.2298745764930713e-9	0.08452611810948572	-7.981263279404409e-10	-0.3582681507875045	1.7061024735362994e-5	-2.438678622602794e-6	1.400110906281997e-7	8.078764341852298e-10	-1.7090610561043236e-6	-4.3456584589309955e-6	-3.5846307557078284e-6	0.00014112843319948965	-2.9406497101180423e-9	-5.38721107299428e-16	7.482886687136749e-14	-4.166010808689061e-13	-0.1893337788098556	-2.9571912824390907e-12	-1.962340372008949e-9	-4.819029719186734e-11	-9.241244835180697e-5	1.6411506618633077e-14	-0.00861458228349761	2.6961109095129406e-12	-6.202030515213922e-14	-8.697598477353023e-8	-0.0011055860738840295	0.001580886955328542	5.260521457336933e-6	-6.140404510488694e-16	-4.975204585871626e-5	-8.27989112521244e-9	-5.555064278144262e-13	-7.300521054630351e-17
-0.0008814245949573782	1.0657347157032997e-19	1.7041139247382243e-22	7.783996218919051e-6	-4.408572777608989e-12	-2.689653967356126e-6	1.2984035151010066e-12	-1.8570708833281514e-21	-9.011236105043995e-15	-7.857139296687074e-10	-6.149715864975803e-7	5.369513623742372e-7	0.0017923742166750518	-3.215102320315914e-14	0.019591854056906322	-1.833859805283112e-15	-8.722332785961884e-15	9.706415219491184e-15	0.08437868727915954	1.0479272678072272e-16	-1.1790748706366885e-5	4.867550689412368e-10	1.8450566156246277e-10	0.00042458763746437494	-1.4293944476988048e-11	-0.0008140972423159032	-6.602250103787685e-8	-3.373731320495233e-5	1.266718538548388e-6	-0.03957334772242288	7.322368718904272e-8	6.352494813739467e-15	-3.1807900948603585e-9	0.10846177160492598	-4.337987032335148e-8	8.917615553472692e-12	2.2678927990168356e-13	-1.84313260576511e-5	4.165690962276002e-9	-3.737340384123671e-12	2.757001359165612e-9	0.601302424647287	3.2467701859295585e-9	1.7817170690910012e-9	1.6903600467722754e-10	-6.353322871094053e-5	2.803259944436779e-10	-1.1603386819917817e-7	0.0627293167349286	-5.111476631917749e-8	6.4989643299661584e-6	-9.773589793806647e-11	6.805182769551293e-8	-4.1999589724139597e-7	1.9328779270993744e-5	-0.001446797730601546	2.5039282893684345e-9	-4.340352420285474e-9	-5.6844259927713264e-5	-2.9469586912356855e-8	-0.0003602335426263326	-1.460667568126765e-7	-0.42915371530377905	1.248019200747923e-7	4.359398157735691e-9	-0.0008888201666732969	5.20038449042059e-9	-0.26488700836623386	3.887387914750455e-9	0.3302719556368302	-1.1841301334579023e-5	1.6891586739083407e-6	-2.0230080006400885e-7	-1.40297925605063e-9	3.6567994694568237e-7	8.526671912482565e-6	7.058314534002931e-6	-1.66966479258863e-5	5.951884632819713e-9	-1.7431050600535762e-16	1.0962497318992538e-13	1.0295758732013208e-12	0.4994767722579531	8.221366091067687e-12	1.6250146048403549e-9	3.9312879435683505e-11	5.6579853386203854e-5	-9.311613717985136e-15	0.026837699784587332	-8.613421300931629e-12	2.0179370326201644e-13	4.502146660389436e-8	0.0037373544770705758	-0.005481419979320945	-1.8792963171322978e-5	2.212361481045659e-15	0.00018272318258438433	3.5170676564415894e-9	2.2354820060184624e-12	2.580398367696069e-17
-0.00013428664704383215	-5.292303950187448e-21	1.712852401674885e-21	1.2565322600607495e-6	-7.12978211203165e-13	-1.4101798664189341e-5	6.465085426574771e-12	-4.215658621650152e-22	-4.210840302642081e-14	-1.470535666227198e-10	-2.6496249250664147e-6	1.0493884598700319e-7	0.0003524639993996409	-1.2688546991828365e-13	0.003979630346599995	-3.887802978907519e-16	-1.9066774130562863e-15	2.1300648220568803e-15	0.01912606511296704	4.638319048270903e-16	-2.789074730149093e-6	1.8493299731100373e-9	4.532612353719854e-11	0.0001048969095942996	-3.725751434916216e-12	-0.002839175010304798	-2.2679376535341627e-7	-9.764543411139393e-6	3.2744083685716814e-6	-0.01271548432877916	2.498069340489721e-8	2.5168511536374207e-15	-6.234545857556675e-9	0.21116074006913577	-7.2582707733542235e-9	1.9273129426570045e-12	1.0919632884547655e-13	-1.654533656727367e-5	3.1556306282719964e-9	-3.1915722805349514e-12	1.7545715764876452e-9	0.2962148888739624	1.2361909764372329e-9	1.4578409355151455e-10	-3.974303930314006e-11	9.789417925712265e-5	-5.29836416466466e-10	4.3094258821983743e-7	-0.32691305160480016	5.046482446042494e-7	-6.859200879461881e-5	3.0202985909903864e-10	5.916285681974153e-7	-3.1740924829995356e-6	1.8505419566360782e-6	-0.006375409399582383	5.061722162681388e-9	5.378212781946126e-10	-0.00012372640603927366	-1.3478534920148945e-8	-0.0005664851199927473	-9.455607580916136e-8	-0.3892622053025475	1.3495748111968502e-7	1.8129614327781401e-9	0.007014023705332979	1.0705868340243514e-9	0.04891691270994983	-1.2160603296823271e-9	0.1400662986076578	-8.035722874266376e-6	1.1498061420591922e-6	3.8122090988800995e-8	7.320652991723881e-10	1.2637864374188323e-6	-6.6447971482574435e-6	-5.5560778045870264e-6	-0.00011921670486391328	-5.0556643383993085e-9	8.158607352515625e-16	-2.631226936844184e-13	-1.3872249764461996e-12	-0.7637847466404033	-1.3834204463915014e-11	-1.614271372235907e-9	-3.866327201499187e-11	-4.072777843598549e-5	5.535504677580402e-15	-0.054773266309133484	1.8303298804158685e-11	-4.413658795279808e-13	-3.0569466365150004e-8	-0.008673274593297808	0.013220518329814579	4.739434736751374e-5	-5.649878489594356e-15	-0.00047992594604754843	-1.964794301994251e-9	-6.687374396879501e-12	-1.180619845766452e-17
-2.7093800901689515e-5	5.723544075984308e-20	-3.548655759563147e-21	2.7404188030276724e-7	-1.558898320237937e-13	-8.641397958633959e-5	3.798552735345014e-11	1.4474592442084714e-21	-2.3532261118510286e-13	-3.9464765685117476e-11	-1.3952932746229773e-5	3.0004583124655926e-8	0.00010170603415705463	-6.375507761889537e-13	0.001205492507999085	-1.2571699703310971e-16	-6.467945216106152e-16	7.270171114927898e-16	0.006874008204878561	2.049721767675242e-15	-1.0749066373659507e-6	7.890320347559928e-9	1.8631161323086762e-11	4.3557378817083384e-5	-2.0663552969749567e-12	-0.011650736531594437	-9.229148163915465e-7	-5.353326251124263e-6	1.1294784807470473e-5	-0.008486036135950604	1.866777457769624e-8	2.4560334344892394e-15	-1.6929860729225383e-8	0.570627948346147	2.1425806242814386e-8	-3.183482786834094e-12	5.632050273594772e-14	-2.343494782932224e-5	3.586675254429194e-9	-3.9951739910180885e-12	1.44867349218936e-9	0.08917004785881309	-4.242239929585504e-10	-1.4652599802169818e-9	-2.514300670218074e-10	0.0002430716426658266	-1.2326812362753489e-9	8.420681576858913e-7	-0.5986182402838078	8.46979902110768e-7	-0.00011433858370917282	5.588125481307538e-10	7.536450872916153e-7	-3.934423269711493e-6	-1.6925264800966617e-5	-0.006692022752131774	3.829803538166464e-9	5.013020127083734e-9	-7.357334292901293e-5	1.6329561577312656e-8	-0.00016047079144049378	6.820197844550465e-8	0.1575886518571234	-3.730458836301079e-8	-3.465555119730289e-9	0.004075077882793533	-4.758808825339886e-9	0.2807314341207902	-4.263812791530297e-9	-0.30688018349171103	1.131504246341285e-5	-1.614821436200866e-6	2.002857444173851e-7	1.2053623802674216e-9	-8.585362480953068e-7	-5.461613380698217e-6	-4.461688090769679e-6	7.447677536108902e-5	-3.3440995817330516e-9	-4.47580464435891e-16	1.245383977911778e-13	2.526786064822961e-13	0.32583516286245395	8.583473342579238e-12	5.918542514845136e-10	1.4104768062453018e-11	5.548749713063754e-6	8.463267846372521e-16	0.05719640201148113	-2.0860541760547222e-11	5.339103113606797e-13	9.489925985432106e-9	0.011777756272032952	-0.019275433689485977	-7.4771125820886e-5	9.108021480054344e-15	0.0008112619537275429	5.798630388012256e-10	1.3896373293490368e-11	3.1269827895743443e-18
-5.878578879908406e-6	0.0	0.0	6.455081164625727e-8	-3.6818140902407816e-14	-0.0003943267058980764	1.63867218958778e-10	0.0	-9.486732405680816e-13	-1.1564488205714289e-11	-5.1849372322001075e-5	9.394923485465925e-9	3.215186765532726e-5	-2.223011087513077e-12	0.0004008470522471451	-4.4732237614125665e-17	-2.417518590422986e-16	2.734454103910038e-16	0.0027259497151496614	5.793651840755087e-15	-4.5788739735371965e-7	2.1329321490943997e-8	8.50840316175786e-12	2.014422166687598e-5	-2.0578889882491325e-12	-0.029760957521790546	-2.3281391086948446e-6	-3.1430825593423677e-6	2.2072026088260036e-5	-0.0058469699732407185	1.396617715611444e-8	2.168373459426382e-15	-2.1420323662376565e-8	0.7154255926536961	3.795100885630274e-8	-6.330107555058136e-12	-5.2848563939523515e-14	-5.441651564458227e-6	-5.4972283895132955e-11	-1.2685113167752417e-13	-5.88682783127443e-10	-0.2303359275924606	-1.529362445535384e-9	-9.934968087286215e-10	-8.119131813781792e-11	-3.911424915679842e-5	2.7680654390303853e-10	-3.529879951639212e-7	0.298744267576361	-5.174499307230456e-7	7.087813084327854e-5	-3.386827302000789e-10	-7.448526224092867e-7	4.040927960976439e-6	3.1147730959404985e-6	0.008487330375353054	-6.367240131254164e-9	-2.249548912676705e-9	0.00016331644168515776	3.3983244401649727e-9	0.000674481816530912	4.212878432238388e-8	0.24829236142348676	-9.974750818152644e-8	1.9962184257769036e-9	-0.01165111179680561	4.543485820761739e-9	-0.40496261554703206	6.684992912793696e-9	0.2972927644012913	-9.238880638875101e-6	1.3168846319446824e-6	-3.676004579610932e-7	-2.9766042227414656e-9	4.3797614802001476e-7	1.7859977320311478e-5	1.4745068998135564e-5	-3.546025697804731e-5	1.2105019874157378e-8	2.3793901148538353e-16	-4.5996982418575213e-14	7.513556894375542e-13	-0.10708767934500024	-1.0258873457516554e-11	-1.408590163590579e-10	-3.2814273321189374e-12	2.342875369313872e-5	-8.17727675038979e-15	-0.12404562448713999	4.850242705934635e-11	-1.2986818350202064e-12	-1.4626491652644004e-9	-0.031147610919800714	0.05356484963855561	0.0002192652781427069	-2.7101059648004642e-14	-0.00249197440989518	-1.6756728830803703e-10	-4.896022129450574e-11	-7.703756449874784e-19
